-- MySQL dump 10.13  Distrib 8.0.19, for Linux (x86_64)
--
-- Host: localhost    Database: vk
-- ------------------------------------------------------
-- Server version	8.0.19

/*!40101 SET @OLD_CHARACTER_SET_CLIENT=@@CHARACTER_SET_CLIENT */;
/*!40101 SET @OLD_CHARACTER_SET_RESULTS=@@CHARACTER_SET_RESULTS */;
/*!40101 SET @OLD_COLLATION_CONNECTION=@@COLLATION_CONNECTION */;
/*!50503 SET NAMES utf8mb4 */;
/*!40103 SET @OLD_TIME_ZONE=@@TIME_ZONE */;
/*!40103 SET TIME_ZONE='+00:00' */;
/*!40014 SET @OLD_UNIQUE_CHECKS=@@UNIQUE_CHECKS, UNIQUE_CHECKS=0 */;
/*!40014 SET @OLD_FOREIGN_KEY_CHECKS=@@FOREIGN_KEY_CHECKS, FOREIGN_KEY_CHECKS=0 */;
/*!40101 SET @OLD_SQL_MODE=@@SQL_MODE, SQL_MODE='NO_AUTO_VALUE_ON_ZERO' */;
/*!40111 SET @OLD_SQL_NOTES=@@SQL_NOTES, SQL_NOTES=0 */;

--
-- Table structure for table `communities`
--

DROP TABLE IF EXISTS `communities`;
/*!40101 SET @saved_cs_client     = @@character_set_client */;
/*!50503 SET character_set_client = utf8mb4 */;
CREATE TABLE `communities` (
  `id` int unsigned NOT NULL AUTO_INCREMENT,
  `name` varchar(150) CHARACTER SET utf8 COLLATE utf8_unicode_ci NOT NULL,
  PRIMARY KEY (`id`),
  UNIQUE KEY `name` (`name`)
) ENGINE=InnoDB AUTO_INCREMENT=51 DEFAULT CHARSET=utf8 COLLATE=utf8_unicode_ci;
/*!40101 SET character_set_client = @saved_cs_client */;

--
-- Dumping data for table `communities`
--

LOCK TABLES `communities` WRITE;
/*!40000 ALTER TABLE `communities` DISABLE KEYS */;
INSERT INTO `communities` VALUES (4,'dolor'),(8,'dolores'),(9,'ducimus'),(2,'ea'),(5,'est'),(15,'et'),(14,'hic'),(17,'ipsam'),(16,'magni'),(13,'molestias'),(12,'natus'),(3,'neque'),(18,'officiis'),(20,'pariatur'),(7,'qui'),(1,'sed'),(11,'totam'),(10,'ut'),(6,'voluptate'),(19,'voluptatum');
/*!40000 ALTER TABLE `communities` ENABLE KEYS */;
UNLOCK TABLES;

--
-- Table structure for table `communities_users`
--

DROP TABLE IF EXISTS `communities_users`;
/*!40101 SET @saved_cs_client     = @@character_set_client */;
/*!50503 SET character_set_client = utf8mb4 */;
CREATE TABLE `communities_users` (
  `community_id` int unsigned NOT NULL,
  `user_id` int unsigned NOT NULL,
  PRIMARY KEY (`community_id`,`user_id`)
) ENGINE=InnoDB DEFAULT CHARSET=utf8 COLLATE=utf8_unicode_ci;
/*!40101 SET character_set_client = @saved_cs_client */;

--
-- Dumping data for table `communities_users`
--

LOCK TABLES `communities_users` WRITE;
/*!40000 ALTER TABLE `communities_users` DISABLE KEYS */;
INSERT INTO `communities_users` VALUES (1,4),(1,10),(1,32),(1,77),(1,97),(1,102),(1,130),(1,138),(1,146),(1,176),(1,184),(2,6),(2,29),(2,48),(2,54),(2,85),(2,89),(2,105),(2,155),(3,2),(3,57),(3,62),(3,73),(3,82),(3,100),(3,110),(3,112),(3,115),(3,144),(3,150),(3,199),(4,37),(4,42),(4,46),(4,49),(4,56),(4,91),(4,118),(4,124),(4,145),(4,170),(4,198),(5,24),(5,27),(5,28),(5,60),(5,72),(5,88),(5,117),(5,148),(5,154),(5,162),(5,173),(5,185),(5,200),(6,3),(6,5),(6,75),(6,104),(6,126),(6,143),(6,147),(6,158),(6,159),(6,169),(7,9),(7,39),(7,98),(7,123),(7,165),(7,195),(7,196),(8,16),(8,17),(8,38),(8,51),(8,63),(8,71),(8,74),(8,90),(8,137),(8,171),(8,178),(8,197),(9,31),(9,36),(9,58),(9,76),(9,79),(9,113),(9,142),(9,191),(9,192),(10,22),(10,45),(10,50),(10,61),(10,67),(10,86),(10,99),(10,109),(10,121),(10,131),(10,134),(10,152),(10,161),(10,166),(10,180),(10,182),(10,188),(10,189),(11,12),(11,14),(11,25),(11,80),(11,81),(11,94),(11,95),(11,133),(11,164),(11,172),(11,193),(12,18),(12,92),(12,119),(12,127),(12,132),(12,139),(12,140),(12,151),(12,157),(13,33),(13,41),(13,47),(13,70),(13,114),(13,122),(13,167),(13,179),(13,186),(14,20),(14,59),(14,83),(14,106),(14,149),(14,181),(14,183),(14,190),(15,23),(15,78),(15,84),(15,108),(15,125),(16,11),(16,21),(16,34),(16,40),(16,55),(16,65),(16,129),(16,156),(16,177),(17,8),(17,13),(17,35),(17,44),(17,66),(17,160),(17,174),(17,175),(18,7),(18,15),(18,19),(18,30),(18,43),(18,52),(18,64),(18,69),(18,128),(18,135),(18,168),(18,187),(19,96),(19,101),(20,1),(20,26),(20,53),(20,68),(20,87),(20,93),(20,103),(20,107),(20,111),(20,116),(20,120),(20,136),(20,141),(20,153),(20,163),(20,194);
/*!40000 ALTER TABLE `communities_users` ENABLE KEYS */;
UNLOCK TABLES;

--
-- Table structure for table `friendship`
--

DROP TABLE IF EXISTS `friendship`;
/*!40101 SET @saved_cs_client     = @@character_set_client */;
/*!50503 SET character_set_client = utf8mb4 */;
CREATE TABLE `friendship` (
  `user_id` int unsigned NOT NULL,
  `friend_id` int unsigned NOT NULL,
  `status_id` int unsigned NOT NULL,
  `requested_at` datetime DEFAULT CURRENT_TIMESTAMP,
  `confirmet_at` datetime DEFAULT NULL,
  PRIMARY KEY (`user_id`,`friend_id`)
) ENGINE=InnoDB DEFAULT CHARSET=utf8 COLLATE=utf8_unicode_ci;
/*!40101 SET character_set_client = @saved_cs_client */;

--
-- Dumping data for table `friendship`
--

LOCK TABLES `friendship` WRITE;
/*!40000 ALTER TABLE `friendship` DISABLE KEYS */;
INSERT INTO `friendship` VALUES (2,9,1,'2012-11-30 05:04:42','2020-04-30 19:34:50'),(2,164,3,'2019-07-15 04:10:30','2020-04-30 19:34:50'),(4,155,2,'2011-05-03 22:42:01','2020-03-11 11:24:08'),(6,97,2,'2015-02-06 23:15:42','2020-04-30 19:34:50'),(6,165,2,'2015-11-27 14:37:08','2020-04-30 19:34:50'),(8,143,2,'2019-05-28 12:32:13','2020-04-30 19:34:50'),(12,42,2,'2018-08-03 02:32:44','2020-04-30 19:34:50'),(15,183,1,'2013-03-10 07:32:08','2019-06-26 18:22:09'),(20,46,2,'2014-02-21 13:25:05','2017-05-14 17:30:55'),(21,36,3,'2010-12-05 22:30:45','2014-01-02 20:33:13'),(24,15,3,'2015-06-03 00:06:09','2017-11-16 23:49:41'),(25,46,3,'2018-04-21 05:14:08','2020-04-30 19:34:50'),(25,92,2,'2012-05-24 21:32:41','2020-04-30 19:34:50'),(26,191,1,'2020-02-27 00:55:43','2020-04-30 19:34:50'),(27,108,2,'2016-02-04 11:35:18','2020-04-30 19:34:50'),(28,52,3,'2016-01-19 15:54:09','2020-01-11 20:58:25'),(31,71,3,'2012-08-21 15:16:50','2018-04-04 05:59:30'),(32,18,2,'2019-10-29 03:23:39','2020-04-30 19:34:50'),(32,107,1,'2018-06-03 13:26:12','2020-04-30 19:34:50'),(32,144,3,'2019-12-17 13:13:22','2020-04-30 19:34:50'),(36,46,3,'2014-08-21 04:42:04','2017-06-16 21:50:06'),(39,162,1,'2016-11-01 02:42:31','2019-01-28 10:19:57'),(40,15,2,'2011-07-13 07:57:19','2012-12-28 11:10:11'),(40,76,1,'2016-09-30 19:51:17','2020-04-30 19:34:50'),(40,171,3,'2018-05-18 02:57:48','2018-08-08 16:19:46'),(41,200,2,'2016-01-15 07:34:34','2020-04-30 19:34:50'),(45,195,1,'2016-12-06 12:19:55','2020-04-30 19:34:50'),(46,114,3,'2014-02-28 11:32:18','2019-08-14 11:44:43'),(51,132,3,'2017-01-25 21:30:20','2020-03-08 20:05:58'),(56,159,2,'2016-03-15 17:35:00','2020-04-30 19:34:50'),(61,74,2,'2012-08-10 13:38:08','2014-01-22 17:40:23'),(61,90,1,'2014-03-03 22:08:42','2020-04-30 19:34:50'),(62,163,3,'2018-04-12 16:28:34','2018-06-02 15:33:20'),(64,138,1,'2019-01-28 15:47:51','2020-04-30 19:34:50'),(65,73,3,'2019-03-14 08:57:42','2020-04-30 19:34:50'),(65,110,3,'2012-12-05 10:07:43','2020-04-30 19:34:50'),(66,16,3,'2016-07-30 12:41:54','2020-04-30 19:34:50'),(66,60,2,'2016-01-24 09:05:08','2020-04-30 19:34:50'),(67,46,1,'2013-01-10 13:38:36','2020-04-30 19:34:50'),(68,189,1,'2016-03-31 22:22:41','2020-04-30 19:34:50'),(69,10,1,'2013-04-17 13:29:13','2016-07-09 09:58:19'),(71,2,2,'2011-05-26 22:55:41','2020-04-30 19:34:50'),(76,6,1,'2015-07-23 13:20:16','2020-04-30 19:34:50'),(77,68,2,'2014-06-06 01:42:23','2020-04-30 19:34:50'),(78,188,1,'2016-10-04 17:37:21','2020-04-30 19:34:50'),(83,184,3,'2015-07-30 05:23:57','2019-12-20 07:01:14'),(84,170,3,'2017-05-20 07:44:42','2020-04-30 19:34:50'),(88,194,1,'2011-10-19 13:37:48','2013-09-18 22:25:18'),(89,18,3,'2016-09-09 01:07:21','2016-12-04 06:21:32'),(89,81,3,'2019-01-05 07:47:13','2020-04-30 19:34:50'),(90,166,1,'2012-02-28 17:14:04','2020-04-30 19:34:50'),(95,150,3,'2012-04-23 04:52:20','2015-10-21 15:38:40'),(97,71,2,'2018-09-06 23:28:11','2020-04-30 19:34:50'),(98,52,3,'2014-03-04 07:20:26','2015-04-16 23:00:01'),(101,125,1,'2015-02-09 06:33:24','2015-07-16 11:55:45'),(102,11,1,'2013-04-11 03:46:51','2015-11-06 12:56:51'),(105,121,2,'2020-02-11 14:06:41','2020-04-30 19:34:50'),(105,130,3,'2013-12-02 04:25:49','2015-11-02 08:14:01'),(106,81,1,'2017-03-01 14:54:09','2020-04-30 19:34:50'),(107,150,2,'2019-09-18 08:39:13','2020-04-30 19:34:50'),(107,171,3,'2019-04-28 13:00:20','2020-04-30 19:34:50'),(109,72,1,'2018-01-04 19:08:36','2020-04-30 19:34:50'),(117,76,3,'2013-01-04 10:44:53','2020-04-30 19:34:50'),(117,78,1,'2014-08-21 02:27:20','2020-04-30 19:34:50'),(121,32,2,'2016-12-11 03:29:46','2020-04-30 19:34:50'),(121,62,1,'2011-05-02 03:14:08','2018-04-24 19:28:25'),(121,65,1,'2019-01-12 23:04:47','2020-04-30 19:34:50'),(132,73,3,'2018-01-11 01:08:32','2020-04-30 19:34:50'),(133,107,1,'2011-02-01 04:50:08','2018-02-12 05:39:49'),(133,150,1,'2016-08-18 19:37:15','2020-04-30 19:34:50'),(137,44,1,'2016-12-25 01:07:26','2020-04-30 19:34:50'),(137,172,1,'2017-12-29 16:46:55','2020-04-30 19:34:50'),(139,174,1,'2019-07-16 00:01:57','2020-04-30 19:34:50'),(143,145,1,'2017-06-19 01:24:17','2018-10-31 02:49:54'),(147,150,2,'2012-03-03 19:49:16','2020-04-30 19:34:50'),(150,114,3,'2010-04-24 22:21:04','2020-02-17 20:47:15'),(151,104,1,'2015-07-18 15:01:28','2016-05-11 03:52:33'),(153,35,2,'2014-03-30 19:53:24','2015-02-15 03:12:37'),(153,118,2,'2020-02-14 17:50:36','2020-04-30 19:34:50'),(154,33,2,'2015-06-04 22:25:13','2020-04-30 19:34:50'),(159,157,1,'2019-03-07 17:47:24','2020-04-30 19:34:50'),(160,101,1,'2017-11-10 00:16:11','2020-04-30 19:34:50'),(161,139,3,'2016-12-20 21:29:41','2020-04-30 19:34:50'),(164,23,1,'2017-03-13 03:09:21','2020-04-30 19:34:50'),(167,22,3,'2013-04-12 16:03:01','2017-10-18 14:46:29'),(167,77,1,'2010-05-24 18:31:49','2018-01-08 22:37:48'),(168,22,2,'2014-09-27 11:30:38','2020-04-30 19:34:50'),(169,28,1,'2014-12-06 17:01:11','2020-04-30 19:34:50'),(171,42,3,'2017-03-03 17:29:07','2020-04-30 19:34:50'),(171,115,3,'2014-04-14 15:59:39','2020-04-30 19:34:50'),(173,111,1,'2018-09-21 09:20:11','2020-04-30 19:34:50'),(173,138,2,'2016-03-12 12:25:47','2020-04-30 19:34:50'),(176,66,2,'2010-12-16 06:43:51','2013-12-03 16:12:49'),(184,44,2,'2012-12-06 22:59:07','2015-06-03 22:54:23'),(189,2,2,'2015-08-30 09:36:59','2019-10-16 14:56:28'),(190,127,1,'2011-11-16 08:22:40','2012-08-19 14:12:04'),(193,71,1,'2014-05-14 04:32:09','2020-04-30 19:34:50'),(194,114,3,'2013-07-01 15:28:06','2016-07-22 12:58:18'),(196,71,2,'2013-02-15 04:42:50','2020-04-30 19:34:50'),(196,173,1,'2018-11-18 18:13:41','2020-04-30 19:34:50');
/*!40000 ALTER TABLE `friendship` ENABLE KEYS */;
UNLOCK TABLES;

--
-- Table structure for table `friendship_statuses`
--

DROP TABLE IF EXISTS `friendship_statuses`;
/*!40101 SET @saved_cs_client     = @@character_set_client */;
/*!50503 SET character_set_client = utf8mb4 */;
CREATE TABLE `friendship_statuses` (
  `id` int unsigned NOT NULL AUTO_INCREMENT,
  `name` varchar(150) CHARACTER SET utf8 COLLATE utf8_unicode_ci NOT NULL,
  PRIMARY KEY (`id`),
  UNIQUE KEY `name` (`name`)
) ENGINE=InnoDB AUTO_INCREMENT=4 DEFAULT CHARSET=utf8 COLLATE=utf8_unicode_ci;
/*!40101 SET character_set_client = @saved_cs_client */;

--
-- Dumping data for table `friendship_statuses`
--

LOCK TABLES `friendship_statuses` WRITE;
/*!40000 ALTER TABLE `friendship_statuses` DISABLE KEYS */;
INSERT INTO `friendship_statuses` VALUES (2,'Confirmed'),(3,'Rejected'),(1,'Requested');
/*!40000 ALTER TABLE `friendship_statuses` ENABLE KEYS */;
UNLOCK TABLES;

--
-- Table structure for table `media`
--

DROP TABLE IF EXISTS `media`;
/*!40101 SET @saved_cs_client     = @@character_set_client */;
/*!50503 SET character_set_client = utf8mb4 */;
CREATE TABLE `media` (
  `id` int unsigned NOT NULL AUTO_INCREMENT,
  `media_type_id` int unsigned NOT NULL,
  `user_id` int unsigned NOT NULL,
  `filename` varchar(255) CHARACTER SET utf8 COLLATE utf8_unicode_ci NOT NULL,
  `file_size` int NOT NULL,
  `metadata` json DEFAULT NULL,
  `created_at` datetime DEFAULT CURRENT_TIMESTAMP,
  `updated_at` datetime DEFAULT CURRENT_TIMESTAMP ON UPDATE CURRENT_TIMESTAMP,
  PRIMARY KEY (`id`)
) ENGINE=InnoDB AUTO_INCREMENT=201 DEFAULT CHARSET=utf8 COLLATE=utf8_unicode_ci;
/*!40101 SET character_set_client = @saved_cs_client */;

--
-- Dumping data for table `media`
--

LOCK TABLES `media` WRITE;
/*!40000 ALTER TABLE `media` DISABLE KEYS */;
INSERT INTO `media` VALUES (1,2,128,'https://dropbox.com/vk/modiavi.avi',619224307,'{\"owner\": \"Hildegard Williamson\"}','2012-01-19 02:11:41','2020-04-30 19:22:54'),(2,2,23,'https://dropbox.com/vk/temporegif.gif',77597,'{\"owner\": \"Montana Heathcote\"}','2018-12-25 05:45:30','2020-04-30 19:22:54'),(3,2,131,'https://dropbox.com/vk/possimusgif.jpeg',1010000,'{\"owner\": \"Amely Conroy\"}','2019-06-17 17:58:56','2020-04-30 19:22:54'),(4,1,184,'https://dropbox.com/vk/velgif.jpeg',1010000,'{\"owner\": \"Nathan Greenholt\"}','2013-11-24 00:29:50','2020-04-30 19:22:54'),(5,1,128,'https://dropbox.com/vk/namavi.gif',946207,'{\"owner\": \"Hildegard Williamson\"}','2017-01-23 22:05:01','2020-04-30 19:22:54'),(6,1,87,'https://dropbox.com/vk/architectoavi.gif',7464185,'{\"owner\": \"Maryse Tremblay\"}','2019-10-29 09:54:24','2020-04-30 19:22:54'),(7,2,48,'https://dropbox.com/vk/quosgif.gif',1010000,'{\"owner\": \"Gregg Nicolas\"}','2010-08-29 09:18:46','2020-04-30 19:22:54'),(8,3,181,'https://dropbox.com/vk/voluptatumavi.gif',905091,'{\"owner\": \"Andrew Rempel\"}','2019-03-16 03:57:30','2020-04-30 19:22:54'),(9,1,161,'https://dropbox.com/vk/quigif.avi',80851,'{\"owner\": \"Telly Kuphal\"}','2013-01-06 06:15:28','2020-04-30 19:22:54'),(10,2,63,'https://dropbox.com/vk/autgif.avi',1405165,'{\"owner\": \"Lennie Frami\"}','2018-09-04 16:08:46','2020-04-30 19:22:54'),(11,2,28,'https://dropbox.com/vk/autavi.gif',38860,'{\"owner\": \"Savion Blick\"}','2020-04-14 17:39:31','2020-04-30 19:22:54'),(12,1,152,'https://dropbox.com/vk/utavi.jpeg',1010000,'{\"owner\": \"Viva Fisher\"}','2013-05-30 08:42:35','2020-04-30 19:22:54'),(13,1,76,'https://dropbox.com/vk/voluptatesgif.jpeg',269901800,'{\"owner\": \"Harvey Ziemann\"}','2010-08-30 18:58:43','2020-04-30 19:22:54'),(14,2,123,'https://dropbox.com/vk/voluptatumavi.gif',1010000,'{\"owner\": \"German Waelchi\"}','2012-11-27 18:58:32','2020-04-30 19:22:54'),(15,1,186,'https://dropbox.com/vk/inciduntgif.avi',8447,'{\"owner\": \"Cierra Jones\"}','2010-11-19 08:58:59','2020-04-30 19:22:54'),(16,2,162,'https://dropbox.com/vk/adipiscigif.jpeg',5670608,'{\"owner\": \"Nikolas Block\"}','2015-06-04 12:27:15','2020-04-30 19:22:54'),(17,2,51,'https://dropbox.com/vk/laudantiumgif.jpeg',3337,'{\"owner\": \"Maybell Schinner\"}','2013-06-23 22:43:39','2020-04-30 19:22:54'),(18,3,168,'https://dropbox.com/vk/quosgif.avi',47848584,'{\"owner\": \"Hadley Cormier\"}','2010-12-23 20:48:54','2020-04-30 19:22:54'),(19,2,86,'https://dropbox.com/vk/dictajpeg.avi',1010000,'{\"owner\": \"Minnie Labadie\"}','2017-01-16 17:15:06','2020-04-30 19:22:54'),(20,3,124,'https://dropbox.com/vk/consequaturgif.gif',1010000,'{\"owner\": \"Rosario Wyman\"}','2011-11-21 23:38:09','2020-04-30 19:22:54'),(21,1,164,'https://dropbox.com/vk/idavi.jpeg',69407,'{\"owner\": \"Diego Keeling\"}','2011-12-10 21:53:17','2020-04-30 19:22:54'),(22,2,47,'https://dropbox.com/vk/enimavi.avi',1010000,'{\"owner\": \"Electa Dickens\"}','2014-05-31 02:55:00','2020-04-30 19:22:54'),(23,1,141,'https://dropbox.com/vk/voluptatibusavi.jpeg',1010000,'{\"owner\": \"Emmalee Hansen\"}','2010-11-24 11:48:54','2020-04-30 19:22:54'),(24,3,166,'https://dropbox.com/vk/dolorejpeg.avi',7479119,'{\"owner\": \"Loyce Haley\"}','2011-05-05 19:21:33','2020-04-30 19:22:54'),(25,3,7,'https://dropbox.com/vk/perferendisjpeg.avi',1010000,'{\"owner\": \"Icie McKenzie\"}','2013-04-04 16:26:04','2020-04-30 19:22:54'),(26,1,136,'https://dropbox.com/vk/necessitatibusjpeg.jpeg',2053926,'{\"owner\": \"Maximo Moore\"}','2011-11-06 21:38:19','2020-04-30 19:22:54'),(27,2,59,'https://dropbox.com/vk/utgif.jpeg',1010000,'{\"owner\": \"Hayden Turcotte\"}','2015-01-13 19:38:39','2020-04-30 19:22:54'),(28,3,86,'https://dropbox.com/vk/etjpeg.avi',433459183,'{\"owner\": \"Minnie Labadie\"}','2013-02-12 17:30:40','2020-04-30 19:22:54'),(29,2,54,'https://dropbox.com/vk/saepejpeg.jpeg',1010000,'{\"owner\": \"Frieda Flatley\"}','2017-04-20 15:57:45','2020-04-30 19:22:54'),(30,3,10,'https://dropbox.com/vk/quosavi.gif',450942,'{\"owner\": \"Ken Keeling\"}','2014-08-31 16:58:17','2020-04-30 19:22:54'),(31,3,88,'https://dropbox.com/vk/veljpeg.gif',1010000,'{\"owner\": \"Juliet Rath\"}','2012-09-15 04:54:13','2020-04-30 19:22:54'),(32,3,8,'https://dropbox.com/vk/quosjpeg.jpeg',345634,'{\"owner\": \"Martina Hettinger\"}','2011-04-08 02:16:04','2020-04-30 19:22:54'),(33,1,175,'https://dropbox.com/vk/architectojpeg.avi',187059286,'{\"owner\": \"Amir Berge\"}','2010-08-16 21:53:04','2020-04-30 19:22:54'),(34,2,51,'https://dropbox.com/vk/possimusgif.jpeg',14113,'{\"owner\": \"Maybell Schinner\"}','2012-06-26 18:49:57','2020-04-30 19:22:54'),(35,3,131,'https://dropbox.com/vk/enimgif.gif',98299037,'{\"owner\": \"Amely Conroy\"}','2018-01-10 22:37:42','2020-04-30 19:22:54'),(36,3,103,'https://dropbox.com/vk/sapientejpeg.jpeg',1010000,'{\"owner\": \"Janessa Mraz\"}','2011-02-05 17:47:39','2020-04-30 19:22:54'),(37,2,118,'https://dropbox.com/vk/aliquidgif.avi',59074191,'{\"owner\": \"Alek Corwin\"}','2016-05-24 11:21:33','2020-04-30 19:22:54'),(38,1,81,'https://dropbox.com/vk/quisquamavi.jpeg',3580086,'{\"owner\": \"Jamar Mayer\"}','2016-08-21 20:39:34','2020-04-30 19:22:54'),(39,3,53,'https://dropbox.com/vk/sitavi.gif',1010000,'{\"owner\": \"Gerard Fadel\"}','2013-12-21 20:41:27','2020-04-30 19:22:54'),(40,1,20,'https://dropbox.com/vk/maximejpeg.avi',1010000,'{\"owner\": \"Susana Hermiston\"}','2019-03-21 04:47:29','2020-04-30 19:22:54'),(41,2,141,'https://dropbox.com/vk/etgif.gif',5464970,'{\"owner\": \"Emmalee Hansen\"}','2014-04-06 16:39:42','2020-04-30 19:22:54'),(42,2,43,'https://dropbox.com/vk/corporisjpeg.avi',480362,'{\"owner\": \"Mya Sauer\"}','2014-12-09 20:54:23','2020-04-30 19:22:54'),(43,2,194,'https://dropbox.com/vk/perferendisgif.gif',89334818,'{\"owner\": \"Aric Harber\"}','2010-12-21 09:00:42','2020-04-30 19:22:54'),(44,2,38,'https://dropbox.com/vk/velitgif.gif',7371798,'{\"owner\": \"Gabriella Marks\"}','2020-03-19 02:23:27','2020-04-30 19:22:54'),(45,2,8,'https://dropbox.com/vk/nobisjpeg.jpeg',7202,'{\"owner\": \"Martina Hettinger\"}','2015-07-04 22:41:41','2020-04-30 19:22:54'),(46,1,125,'https://dropbox.com/vk/illojpeg.gif',1010000,'{\"owner\": \"Camryn Walker\"}','2020-04-07 13:31:51','2020-04-30 19:22:54'),(47,3,3,'https://dropbox.com/vk/earumjpeg.avi',5539,'{\"owner\": \"Katrina Rath\"}','2011-04-01 05:32:10','2020-04-30 19:22:54'),(48,2,36,'https://dropbox.com/vk/rerumjpeg.avi',40898147,'{\"owner\": \"Dessie Gislason\"}','2013-10-28 03:26:48','2020-04-30 19:22:54'),(49,3,174,'https://dropbox.com/vk/etjpeg.gif',721447,'{\"owner\": \"Hillary Wiza\"}','2017-01-26 13:10:11','2020-04-30 19:22:54'),(50,2,158,'https://dropbox.com/vk/atquegif.avi',1010000,'{\"owner\": \"Zack Volkman\"}','2016-05-11 04:43:40','2020-04-30 19:22:54'),(51,3,69,'https://dropbox.com/vk/doloremquejpeg.jpeg',811366,'{\"owner\": \"Shyann Robel\"}','2012-03-09 09:48:22','2020-04-30 19:22:54'),(52,3,73,'https://dropbox.com/vk/repellendusavi.gif',609446,'{\"owner\": \"Ross Howell\"}','2018-01-01 18:09:42','2020-04-30 19:22:54'),(53,2,154,'https://dropbox.com/vk/eumjpeg.jpeg',1010000,'{\"owner\": \"Tracey Williamson\"}','2012-03-21 09:36:40','2020-04-30 19:22:54'),(54,3,151,'https://dropbox.com/vk/solutajpeg.jpeg',684883454,'{\"owner\": \"Vinnie Kulas\"}','2016-10-03 18:22:20','2020-04-30 19:22:54'),(55,2,91,'https://dropbox.com/vk/laboreavi.gif',68387,'{\"owner\": \"Ernesto Conroy\"}','2018-06-25 16:20:50','2020-04-30 19:22:54'),(56,2,3,'https://dropbox.com/vk/voluptasavi.avi',1010000,'{\"owner\": \"Katrina Rath\"}','2013-07-19 09:08:52','2020-04-30 19:22:54'),(57,3,141,'https://dropbox.com/vk/dignissimosgif.jpeg',3959,'{\"owner\": \"Emmalee Hansen\"}','2011-02-21 19:16:11','2020-04-30 19:22:54'),(58,1,98,'https://dropbox.com/vk/quogif.avi',1010000,'{\"owner\": \"Rasheed Jacobson\"}','2010-11-28 21:26:28','2020-04-30 19:22:54'),(59,1,64,'https://dropbox.com/vk/ducimusgif.avi',7478,'{\"owner\": \"Dulce Mraz\"}','2012-08-30 00:40:29','2020-04-30 19:22:54'),(60,1,25,'https://dropbox.com/vk/voluptasgif.jpeg',48782700,'{\"owner\": \"Lilliana Ondricka\"}','2019-08-29 10:54:02','2020-04-30 19:22:54'),(61,1,133,'https://dropbox.com/vk/quaeratavi.gif',373580726,'{\"owner\": \"Helene Larkin\"}','2016-02-04 19:26:07','2020-04-30 19:22:54'),(62,1,189,'https://dropbox.com/vk/perferendisavi.gif',1010000,'{\"owner\": \"Sean Reichert\"}','2012-02-12 10:42:58','2020-04-30 19:22:54'),(63,2,145,'https://dropbox.com/vk/autemgif.avi',6569,'{\"owner\": \"Ignacio Auer\"}','2013-04-07 10:21:58','2020-04-30 19:22:54'),(64,3,159,'https://dropbox.com/vk/autemavi.jpeg',32448,'{\"owner\": \"Lorenzo Kozey\"}','2015-11-19 10:41:54','2020-04-30 19:22:54'),(65,2,161,'https://dropbox.com/vk/facilisjpeg.gif',23372,'{\"owner\": \"Telly Kuphal\"}','2016-02-21 01:55:40','2020-04-30 19:22:54'),(66,3,124,'https://dropbox.com/vk/reiciendisavi.jpeg',98103492,'{\"owner\": \"Rosario Wyman\"}','2017-03-24 18:46:29','2020-04-30 19:22:54'),(67,2,138,'https://dropbox.com/vk/fugiatjpeg.jpeg',1010000,'{\"owner\": \"Juvenal Metz\"}','2014-11-29 10:15:07','2020-04-30 19:22:54'),(68,2,117,'https://dropbox.com/vk/doloremjpeg.gif',8207,'{\"owner\": \"Aubree Romaguera\"}','2017-03-28 18:06:56','2020-04-30 19:22:54'),(69,3,172,'https://dropbox.com/vk/facereavi.avi',314763,'{\"owner\": \"Benedict Baumbach\"}','2013-06-21 09:56:21','2020-04-30 19:22:54'),(70,1,107,'https://dropbox.com/vk/magnigif.avi',1010000,'{\"owner\": \"Freddie Conn\"}','2011-11-16 10:29:58','2020-04-30 19:22:54'),(71,2,18,'https://dropbox.com/vk/etavi.avi',1010000,'{\"owner\": \"Marie Halvorson\"}','2018-09-21 09:27:23','2020-04-30 19:22:54'),(72,2,170,'https://dropbox.com/vk/fugitgif.jpeg',382955093,'{\"owner\": \"Jodie Ondricka\"}','2018-10-22 16:38:28','2020-04-30 19:22:54'),(73,1,193,'https://dropbox.com/vk/quigif.avi',1010000,'{\"owner\": \"Napoleon Considine\"}','2013-10-01 18:39:10','2020-04-30 19:22:54'),(74,1,58,'https://dropbox.com/vk/etgif.avi',6409,'{\"owner\": \"Jose Conn\"}','2013-11-15 05:00:21','2020-04-30 19:22:54'),(75,2,109,'https://dropbox.com/vk/exercitationemjpeg.jpeg',1010000,'{\"owner\": \"Bo Pfannerstill\"}','2014-06-27 19:02:29','2020-04-30 19:22:54'),(76,2,170,'https://dropbox.com/vk/nesciuntgif.avi',1010000,'{\"owner\": \"Jodie Ondricka\"}','2015-03-07 14:09:06','2020-04-30 19:22:54'),(77,3,121,'https://dropbox.com/vk/faceregif.jpeg',45240480,'{\"owner\": \"Chadd Sporer\"}','2019-11-14 17:45:42','2020-04-30 19:22:54'),(78,3,98,'https://dropbox.com/vk/saepeavi.jpeg',5415117,'{\"owner\": \"Rasheed Jacobson\"}','2014-08-01 03:12:21','2020-04-30 19:22:54'),(79,1,123,'https://dropbox.com/vk/eaquejpeg.jpeg',96142,'{\"owner\": \"German Waelchi\"}','2010-08-30 05:37:02','2020-04-30 19:22:54'),(80,1,122,'https://dropbox.com/vk/sedavi.gif',31030,'{\"owner\": \"Kian Adams\"}','2017-08-02 19:07:30','2020-04-30 19:22:54'),(81,1,40,'https://dropbox.com/vk/repellatjpeg.jpeg',73330445,'{\"owner\": \"Efrain Okuneva\"}','2018-04-11 07:04:53','2020-04-30 19:22:54'),(82,2,36,'https://dropbox.com/vk/excepturiavi.jpeg',51851,'{\"owner\": \"Dessie Gislason\"}','2010-06-04 12:22:10','2020-04-30 19:22:54'),(83,1,57,'https://dropbox.com/vk/quasijpeg.avi',11149462,'{\"owner\": \"Corene McGlynn\"}','2013-06-29 15:46:13','2020-04-30 19:22:54'),(84,2,177,'https://dropbox.com/vk/utjpeg.gif',1010000,'{\"owner\": \"Annette Bernier\"}','2016-03-24 00:18:48','2020-04-30 19:22:54'),(85,2,112,'https://dropbox.com/vk/occaecatiavi.jpeg',1010000,'{\"owner\": \"Magnolia Armstrong\"}','2016-03-14 05:36:01','2020-04-30 19:22:54'),(86,3,29,'https://dropbox.com/vk/quiagif.gif',7797313,'{\"owner\": \"Brant Schinner\"}','2010-08-21 07:59:07','2020-04-30 19:22:54'),(87,1,10,'https://dropbox.com/vk/consequaturgif.avi',1010000,'{\"owner\": \"Ken Keeling\"}','2010-11-12 02:10:44','2020-04-30 19:22:54'),(88,2,161,'https://dropbox.com/vk/sapientejpeg.avi',953861786,'{\"owner\": \"Telly Kuphal\"}','2018-04-30 12:45:14','2020-04-30 19:22:54'),(89,2,176,'https://dropbox.com/vk/sedjpeg.gif',8936307,'{\"owner\": \"Jamie Jakubowski\"}','2018-11-14 21:56:52','2020-04-30 19:22:54'),(90,3,196,'https://dropbox.com/vk/voluptatumjpeg.jpeg',1381684,'{\"owner\": \"Abe Johns\"}','2020-04-07 01:42:37','2020-04-30 19:22:54'),(91,2,50,'https://dropbox.com/vk/utavi.gif',1010000,'{\"owner\": \"Jordy Ferry\"}','2020-02-23 04:53:24','2020-04-30 19:22:54'),(92,2,64,'https://dropbox.com/vk/reprehenderitjpeg.avi',4124,'{\"owner\": \"Dulce Mraz\"}','2010-08-08 12:04:32','2020-04-30 19:22:54'),(93,3,169,'https://dropbox.com/vk/utjpeg.avi',555238,'{\"owner\": \"Gerardo Keebler\"}','2011-05-02 07:24:37','2020-04-30 19:22:54'),(94,3,52,'https://dropbox.com/vk/ullamavi.gif',1010000,'{\"owner\": \"Eryn Daniel\"}','2019-04-27 01:55:14','2020-04-30 19:22:54'),(95,3,153,'https://dropbox.com/vk/saepegif.gif',8909,'{\"owner\": \"Ubaldo Kshlerin\"}','2017-01-03 12:42:07','2020-04-30 19:22:54'),(96,1,9,'https://dropbox.com/vk/sedgif.avi',7704,'{\"owner\": \"Mara Veum\"}','2010-07-27 13:51:18','2020-04-30 19:22:54'),(97,3,186,'https://dropbox.com/vk/quasiavi.gif',91118545,'{\"owner\": \"Cierra Jones\"}','2019-12-20 19:53:49','2020-04-30 19:22:54'),(98,1,103,'https://dropbox.com/vk/quiajpeg.gif',7426410,'{\"owner\": \"Janessa Mraz\"}','2013-03-13 10:49:14','2020-04-30 19:22:54'),(99,3,154,'https://dropbox.com/vk/accusamusjpeg.jpeg',339776564,'{\"owner\": \"Tracey Williamson\"}','2012-12-03 03:04:13','2020-04-30 19:22:54'),(100,3,62,'https://dropbox.com/vk/oditavi.avi',24924,'{\"owner\": \"Rosalind Pacocha\"}','2017-07-03 09:39:30','2020-04-30 19:22:54'),(101,1,49,'https://dropbox.com/vk/deseruntjpeg.jpeg',347408,'{\"owner\": \"Luciano Kunde\"}','2019-02-16 13:31:37','2020-04-30 19:22:54'),(102,2,55,'https://dropbox.com/vk/blanditiisgif.gif',4120930,'{\"owner\": \"Archibald Spencer\"}','2012-03-26 22:29:41','2020-04-30 19:22:54'),(103,2,130,'https://dropbox.com/vk/etgif.avi',12040,'{\"owner\": \"Hadley Cremin\"}','2012-09-06 01:46:35','2020-04-30 19:22:54'),(104,3,85,'https://dropbox.com/vk/sitgif.jpeg',1010000,'{\"owner\": \"Nathanial Armstrong\"}','2010-09-26 21:57:48','2020-04-30 19:22:54'),(105,3,34,'https://dropbox.com/vk/hicjpeg.jpeg',1010000,'{\"owner\": \"Joshuah Ziemann\"}','2013-12-21 21:32:54','2020-04-30 19:22:54'),(106,1,114,'https://dropbox.com/vk/exgif.jpeg',1010000,'{\"owner\": \"Keely Wolff\"}','2012-02-04 03:51:50','2020-04-30 19:22:54'),(107,1,68,'https://dropbox.com/vk/quibusdamavi.avi',23075,'{\"owner\": \"Kenyon Gleason\"}','2018-01-29 09:12:23','2020-04-30 19:22:54'),(108,3,196,'https://dropbox.com/vk/accusantiumavi.jpeg',72085166,'{\"owner\": \"Abe Johns\"}','2014-01-04 14:41:44','2020-04-30 19:22:54'),(109,2,178,'https://dropbox.com/vk/quigif.jpeg',2253595,'{\"owner\": \"Amir Nikolaus\"}','2013-05-27 20:32:52','2020-04-30 19:22:54'),(110,1,100,'https://dropbox.com/vk/enimjpeg.jpeg',333904,'{\"owner\": \"Pedro Bayer\"}','2014-02-16 21:36:30','2020-04-30 19:22:54'),(111,1,164,'https://dropbox.com/vk/velitavi.avi',948568,'{\"owner\": \"Diego Keeling\"}','2013-02-11 17:40:42','2020-04-30 19:22:54'),(112,1,119,'https://dropbox.com/vk/inventoreavi.avi',52792,'{\"owner\": \"Wyman Brakus\"}','2011-04-25 03:10:14','2020-04-30 19:22:54'),(113,2,104,'https://dropbox.com/vk/sedgif.gif',1010000,'{\"owner\": \"Kayla Emard\"}','2013-09-24 13:51:08','2020-04-30 19:22:54'),(114,1,164,'https://dropbox.com/vk/voluptatibusjpeg.jpeg',9036,'{\"owner\": \"Diego Keeling\"}','2010-05-16 12:09:51','2020-04-30 19:22:54'),(115,2,105,'https://dropbox.com/vk/veritatisavi.jpeg',1010000,'{\"owner\": \"Demarco Gorczany\"}','2019-04-02 05:18:27','2020-04-30 19:22:54'),(116,2,34,'https://dropbox.com/vk/sitgif.gif',7341709,'{\"owner\": \"Joshuah Ziemann\"}','2015-10-23 16:38:52','2020-04-30 19:22:54'),(117,2,56,'https://dropbox.com/vk/remjpeg.jpeg',1010000,'{\"owner\": \"Crystal Larson\"}','2012-04-02 12:39:16','2020-04-30 19:22:54'),(118,3,175,'https://dropbox.com/vk/magnamgif.gif',19817767,'{\"owner\": \"Amir Berge\"}','2019-01-17 15:07:12','2020-04-30 19:22:54'),(119,3,106,'https://dropbox.com/vk/veritatisjpeg.avi',90213,'{\"owner\": \"Christine Kertzmann\"}','2012-11-04 14:29:32','2020-04-30 19:22:54'),(120,1,5,'https://dropbox.com/vk/autavi.gif',1010000,'{\"owner\": \"Esperanza Blick\"}','2015-02-19 02:48:20','2020-04-30 19:22:54'),(121,2,105,'https://dropbox.com/vk/teneturjpeg.avi',1010000,'{\"owner\": \"Demarco Gorczany\"}','2018-02-17 14:25:52','2020-04-30 19:22:54'),(122,1,110,'https://dropbox.com/vk/eumavi.gif',1010000,'{\"owner\": \"Bennie Reichert\"}','2012-01-16 13:53:45','2020-04-30 19:22:54'),(123,1,34,'https://dropbox.com/vk/autgif.avi',1010000,'{\"owner\": \"Joshuah Ziemann\"}','2011-07-13 02:23:49','2020-04-30 19:22:54'),(124,2,39,'https://dropbox.com/vk/sedjpeg.jpeg',691956870,'{\"owner\": \"Alberto Christiansen\"}','2011-09-23 13:05:15','2020-04-30 19:22:54'),(125,2,94,'https://dropbox.com/vk/essegif.jpeg',93153990,'{\"owner\": \"Catherine Kshlerin\"}','2017-02-24 02:57:41','2020-04-30 19:22:54'),(126,3,151,'https://dropbox.com/vk/officiisavi.gif',1010000,'{\"owner\": \"Vinnie Kulas\"}','2012-03-03 01:31:52','2020-04-30 19:22:54'),(127,1,72,'https://dropbox.com/vk/nisiavi.avi',91742,'{\"owner\": \"Thomas Lynch\"}','2016-11-20 04:41:55','2020-04-30 19:22:54'),(128,3,106,'https://dropbox.com/vk/etgif.jpeg',147416,'{\"owner\": \"Christine Kertzmann\"}','2012-05-19 06:55:08','2020-04-30 19:22:54'),(129,2,114,'https://dropbox.com/vk/autavi.avi',1010000,'{\"owner\": \"Keely Wolff\"}','2019-07-13 22:47:36','2020-04-30 19:22:54'),(130,1,51,'https://dropbox.com/vk/voluptatemavi.avi',5649,'{\"owner\": \"Maybell Schinner\"}','2013-05-15 10:29:27','2020-04-30 19:22:54'),(131,3,113,'https://dropbox.com/vk/minusjpeg.avi',1010000,'{\"owner\": \"Halie Rohan\"}','2012-02-05 06:29:27','2020-04-30 19:22:54'),(132,1,11,'https://dropbox.com/vk/sequigif.jpeg',97957494,'{\"owner\": \"Arianna Jacobi\"}','2011-05-14 01:20:21','2020-04-30 19:22:54'),(133,1,117,'https://dropbox.com/vk/officiisjpeg.gif',49036,'{\"owner\": \"Aubree Romaguera\"}','2010-11-10 01:27:08','2020-04-30 19:22:54'),(134,1,149,'https://dropbox.com/vk/doloremjpeg.avi',338579,'{\"owner\": \"Tabitha Wolff\"}','2016-06-21 07:01:47','2020-04-30 19:22:54'),(135,2,194,'https://dropbox.com/vk/liberojpeg.gif',1010000,'{\"owner\": \"Aric Harber\"}','2019-01-31 19:19:49','2020-04-30 19:22:54'),(136,1,125,'https://dropbox.com/vk/eumjpeg.gif',7268,'{\"owner\": \"Camryn Walker\"}','2012-07-03 08:56:09','2020-04-30 19:22:54'),(137,1,40,'https://dropbox.com/vk/doloremquejpeg.gif',1010000,'{\"owner\": \"Efrain Okuneva\"}','2018-01-17 09:11:51','2020-04-30 19:22:54'),(138,3,24,'https://dropbox.com/vk/quigif.gif',1010000,'{\"owner\": \"Julius Bartoletti\"}','2017-06-08 23:37:38','2020-04-30 19:22:54'),(139,3,199,'https://dropbox.com/vk/voluptateavi.avi',1010000,'{\"owner\": \"Ryann O\'Conner\"}','2012-05-26 15:17:35','2020-04-30 19:22:54'),(140,3,123,'https://dropbox.com/vk/nongif.jpeg',1010000,'{\"owner\": \"German Waelchi\"}','2014-06-12 00:31:39','2020-04-30 19:22:54'),(141,3,16,'https://dropbox.com/vk/quamgif.gif',33438,'{\"owner\": \"Effie Parisian\"}','2010-11-05 17:53:37','2020-04-30 19:22:54'),(142,2,113,'https://dropbox.com/vk/nobisavi.avi',785945345,'{\"owner\": \"Halie Rohan\"}','2012-02-21 03:36:08','2020-04-30 19:22:54'),(143,3,116,'https://dropbox.com/vk/oditgif.gif',1010000,'{\"owner\": \"Adrianna Kunde\"}','2017-03-14 17:49:35','2020-04-30 19:22:54'),(144,1,38,'https://dropbox.com/vk/quoavi.avi',99360048,'{\"owner\": \"Gabriella Marks\"}','2014-08-27 23:24:29','2020-04-30 19:22:54'),(145,2,45,'https://dropbox.com/vk/nihilavi.gif',6912,'{\"owner\": \"Stewart Yundt\"}','2012-12-14 01:54:42','2020-04-30 19:22:54'),(146,1,110,'https://dropbox.com/vk/aliquidjpeg.gif',1010000,'{\"owner\": \"Bennie Reichert\"}','2019-05-01 08:57:24','2020-04-30 19:22:54'),(147,2,14,'https://dropbox.com/vk/commodiavi.gif',7479,'{\"owner\": \"Kaci Reichert\"}','2019-06-12 13:45:27','2020-04-30 19:22:54'),(148,2,140,'https://dropbox.com/vk/omnisavi.gif',1010000,'{\"owner\": \"Marianne Robel\"}','2011-04-01 02:14:26','2020-04-30 19:22:54'),(149,3,59,'https://dropbox.com/vk/quisjpeg.gif',1010000,'{\"owner\": \"Hayden Turcotte\"}','2017-10-14 15:23:16','2020-04-30 19:22:54'),(150,1,72,'https://dropbox.com/vk/doloresgif.gif',1010000,'{\"owner\": \"Thomas Lynch\"}','2017-03-19 06:47:07','2020-04-30 19:22:54'),(151,3,181,'https://dropbox.com/vk/adipisciavi.jpeg',117213,'{\"owner\": \"Andrew Rempel\"}','2017-11-09 00:35:30','2020-04-30 19:22:54'),(152,1,92,'https://dropbox.com/vk/earumjpeg.gif',1010000,'{\"owner\": \"Savanah Deckow\"}','2013-01-28 12:14:18','2020-04-30 19:22:54'),(153,2,114,'https://dropbox.com/vk/exavi.gif',1010000,'{\"owner\": \"Keely Wolff\"}','2015-11-08 00:50:55','2020-04-30 19:22:54'),(154,2,96,'https://dropbox.com/vk/inventoreavi.avi',2682327,'{\"owner\": \"Fabiola Jenkins\"}','2015-09-10 11:34:44','2020-04-30 19:22:54'),(155,2,137,'https://dropbox.com/vk/solutaavi.jpeg',8083663,'{\"owner\": \"Shaun Smitham\"}','2012-05-15 14:23:32','2020-04-30 19:22:54'),(156,2,198,'https://dropbox.com/vk/natusjpeg.gif',4703343,'{\"owner\": \"Rossie Paucek\"}','2019-08-31 01:26:31','2020-04-30 19:22:54'),(157,2,177,'https://dropbox.com/vk/aliquidavi.avi',438443579,'{\"owner\": \"Annette Bernier\"}','2017-07-05 16:38:19','2020-04-30 19:22:54'),(158,1,89,'https://dropbox.com/vk/voluptatesgif.gif',1010000,'{\"owner\": \"Allan Wiegand\"}','2011-02-20 09:20:54','2020-04-30 19:22:54'),(159,3,113,'https://dropbox.com/vk/perferendisjpeg.gif',1010000,'{\"owner\": \"Halie Rohan\"}','2011-10-27 05:24:17','2020-04-30 19:22:54'),(160,1,100,'https://dropbox.com/vk/voluptatumjpeg.gif',1010000,'{\"owner\": \"Pedro Bayer\"}','2015-03-15 05:30:29','2020-04-30 19:22:54'),(161,3,161,'https://dropbox.com/vk/quaeratavi.avi',8594280,'{\"owner\": \"Telly Kuphal\"}','2014-02-19 17:51:31','2020-04-30 19:22:54'),(162,3,105,'https://dropbox.com/vk/corruptijpeg.avi',7750433,'{\"owner\": \"Demarco Gorczany\"}','2014-10-23 19:41:27','2020-04-30 19:22:54'),(163,3,43,'https://dropbox.com/vk/exercitationemavi.avi',1010000,'{\"owner\": \"Mya Sauer\"}','2011-09-04 02:48:24','2020-04-30 19:22:54'),(164,2,96,'https://dropbox.com/vk/molestiasavi.gif',6103623,'{\"owner\": \"Fabiola Jenkins\"}','2015-05-22 00:33:31','2020-04-30 19:22:54'),(165,3,151,'https://dropbox.com/vk/etavi.jpeg',6835803,'{\"owner\": \"Vinnie Kulas\"}','2016-01-15 09:56:54','2020-04-30 19:22:54'),(166,2,65,'https://dropbox.com/vk/quisgif.avi',1010000,'{\"owner\": \"Ursula Okuneva\"}','2014-05-22 17:20:48','2020-04-30 19:22:54'),(167,3,74,'https://dropbox.com/vk/dolorjpeg.gif',98683,'{\"owner\": \"Susie Powlowski\"}','2012-12-03 09:46:26','2020-04-30 19:22:54'),(168,3,175,'https://dropbox.com/vk/dictajpeg.jpeg',30439,'{\"owner\": \"Amir Berge\"}','2018-02-22 15:42:24','2020-04-30 19:22:54'),(169,2,52,'https://dropbox.com/vk/consequaturavi.jpeg',9546503,'{\"owner\": \"Eryn Daniel\"}','2011-08-02 00:08:42','2020-04-30 19:22:54'),(170,1,136,'https://dropbox.com/vk/voluptasavi.gif',1010000,'{\"owner\": \"Maximo Moore\"}','2014-07-31 15:09:13','2020-04-30 19:22:54'),(171,1,122,'https://dropbox.com/vk/inavi.jpeg',47583,'{\"owner\": \"Kian Adams\"}','2013-09-18 22:34:19','2020-04-30 19:22:54'),(172,3,1,'https://dropbox.com/vk/erroravi.jpeg',1010000,'{\"owner\": \"Ally Sawayn\"}','2019-04-10 21:33:28','2020-04-30 19:22:54'),(173,3,37,'https://dropbox.com/vk/molestiaegif.avi',9705,'{\"owner\": \"Willa Spinka\"}','2018-07-05 18:48:59','2020-04-30 19:22:54'),(174,3,183,'https://dropbox.com/vk/doloremquejpeg.jpeg',19012173,'{\"owner\": \"Lafayette Kulas\"}','2020-04-11 21:08:11','2020-04-30 19:22:54'),(175,2,5,'https://dropbox.com/vk/molestiaejpeg.jpeg',1010000,'{\"owner\": \"Esperanza Blick\"}','2019-06-07 13:07:27','2020-04-30 19:22:54'),(176,3,74,'https://dropbox.com/vk/natusgif.jpeg',1010000,'{\"owner\": \"Susie Powlowski\"}','2019-03-08 09:11:17','2020-04-30 19:22:54'),(177,3,153,'https://dropbox.com/vk/enimgif.avi',7209,'{\"owner\": \"Ubaldo Kshlerin\"}','2016-07-29 07:05:12','2020-04-30 19:22:54'),(178,2,143,'https://dropbox.com/vk/enimjpeg.gif',1010000,'{\"owner\": \"Salma Schinner\"}','2012-10-14 17:48:17','2020-04-30 19:22:54'),(179,2,55,'https://dropbox.com/vk/doloremgif.jpeg',383796520,'{\"owner\": \"Archibald Spencer\"}','2013-02-06 17:24:02','2020-04-30 19:22:54'),(180,3,47,'https://dropbox.com/vk/perspiciatisgif.gif',1010000,'{\"owner\": \"Electa Dickens\"}','2013-02-28 04:16:13','2020-04-30 19:22:54'),(181,3,70,'https://dropbox.com/vk/exavi.jpeg',808180137,'{\"owner\": \"Linda Tromp\"}','2016-03-27 20:53:05','2020-04-30 19:22:54'),(182,3,8,'https://dropbox.com/vk/debitisgif.avi',5395,'{\"owner\": \"Martina Hettinger\"}','2020-02-04 06:47:55','2020-04-30 19:22:54'),(183,1,28,'https://dropbox.com/vk/velitgif.gif',903950065,'{\"owner\": \"Savion Blick\"}','2012-09-15 11:46:32','2020-04-30 19:22:54'),(184,1,115,'https://dropbox.com/vk/enimavi.gif',293158,'{\"owner\": \"Frank Volkman\"}','2018-07-21 10:35:37','2020-04-30 19:22:54'),(185,3,90,'https://dropbox.com/vk/laudantiumjpeg.avi',861668,'{\"owner\": \"Oda Skiles\"}','2012-06-17 02:28:05','2020-04-30 19:22:54'),(186,2,105,'https://dropbox.com/vk/nisijpeg.avi',1010000,'{\"owner\": \"Demarco Gorczany\"}','2010-11-04 02:58:11','2020-04-30 19:22:54'),(187,2,54,'https://dropbox.com/vk/utavi.gif',841843,'{\"owner\": \"Frieda Flatley\"}','2016-12-27 23:24:12','2020-04-30 19:22:54'),(188,1,156,'https://dropbox.com/vk/idgif.jpeg',828422,'{\"owner\": \"Jason Stiedemann\"}','2014-05-27 05:24:11','2020-04-30 19:22:54'),(189,2,19,'https://dropbox.com/vk/corporisavi.jpeg',1010000,'{\"owner\": \"Molly Hand\"}','2013-06-02 15:10:19','2020-04-30 19:22:54'),(190,1,25,'https://dropbox.com/vk/voluptatemavi.jpeg',1010000,'{\"owner\": \"Lilliana Ondricka\"}','2015-04-06 18:57:52','2020-04-30 19:22:54'),(191,3,68,'https://dropbox.com/vk/corruptigif.jpeg',1010000,'{\"owner\": \"Kenyon Gleason\"}','2017-01-05 17:47:39','2020-04-30 19:22:54'),(192,3,63,'https://dropbox.com/vk/aliasjpeg.gif',34577831,'{\"owner\": \"Lennie Frami\"}','2014-05-31 07:53:51','2020-04-30 19:22:54'),(193,1,113,'https://dropbox.com/vk/culpajpeg.gif',87773148,'{\"owner\": \"Halie Rohan\"}','2011-07-17 22:29:36','2020-04-30 19:22:54'),(194,1,173,'https://dropbox.com/vk/corporisgif.gif',35280,'{\"owner\": \"Jack Rohan\"}','2019-01-13 01:09:30','2020-04-30 19:22:54'),(195,3,125,'https://dropbox.com/vk/laboriosamjpeg.jpeg',1010000,'{\"owner\": \"Camryn Walker\"}','2010-10-26 19:47:06','2020-04-30 19:22:54'),(196,1,105,'https://dropbox.com/vk/eumjpeg.jpeg',77906,'{\"owner\": \"Demarco Gorczany\"}','2010-08-29 11:11:54','2020-04-30 19:22:54'),(197,2,151,'https://dropbox.com/vk/nongif.avi',44797588,'{\"owner\": \"Vinnie Kulas\"}','2012-08-25 16:29:03','2020-04-30 19:22:54'),(198,3,40,'https://dropbox.com/vk/etjpeg.jpeg',8224,'{\"owner\": \"Efrain Okuneva\"}','2012-02-03 11:19:21','2020-04-30 19:22:54'),(199,3,146,'https://dropbox.com/vk/sitavi.gif',2005,'{\"owner\": \"Eric Hettinger\"}','2012-10-03 11:47:38','2020-04-30 19:22:54'),(200,1,9,'https://dropbox.com/vk/beataejpeg.avi',83540923,'{\"owner\": \"Mara Veum\"}','2011-04-28 06:41:07','2020-04-30 19:22:54');
/*!40000 ALTER TABLE `media` ENABLE KEYS */;
UNLOCK TABLES;

--
-- Table structure for table `media_types`
--

DROP TABLE IF EXISTS `media_types`;
/*!40101 SET @saved_cs_client     = @@character_set_client */;
/*!50503 SET character_set_client = utf8mb4 */;
CREATE TABLE `media_types` (
  `id` int unsigned NOT NULL AUTO_INCREMENT,
  `name` varchar(255) CHARACTER SET utf8 COLLATE utf8_unicode_ci NOT NULL,
  PRIMARY KEY (`id`),
  UNIQUE KEY `name` (`name`)
) ENGINE=InnoDB AUTO_INCREMENT=4 DEFAULT CHARSET=utf8 COLLATE=utf8_unicode_ci;
/*!40101 SET character_set_client = @saved_cs_client */;

--
-- Dumping data for table `media_types`
--

LOCK TABLES `media_types` WRITE;
/*!40000 ALTER TABLE `media_types` DISABLE KEYS */;
INSERT INTO `media_types` VALUES (3,'audio'),(1,'photo'),(2,'video');
/*!40000 ALTER TABLE `media_types` ENABLE KEYS */;
UNLOCK TABLES;

--
-- Table structure for table `messages`
--

DROP TABLE IF EXISTS `messages`;
/*!40101 SET @saved_cs_client     = @@character_set_client */;
/*!50503 SET character_set_client = utf8mb4 */;
CREATE TABLE `messages` (
  `id` int unsigned NOT NULL AUTO_INCREMENT,
  `from_user_id` int unsigned NOT NULL,
  `to_user_id` int unsigned DEFAULT NULL,
  `community_id` int unsigned DEFAULT NULL,
  `body` text CHARACTER SET utf8 COLLATE utf8_unicode_ci NOT NULL,
  `is_important` tinyint(1) DEFAULT NULL,
  `is_delivered` tinyint(1) DEFAULT NULL,
  `created_at` datetime DEFAULT CURRENT_TIMESTAMP,
  PRIMARY KEY (`id`)
) ENGINE=InnoDB AUTO_INCREMENT=301 DEFAULT CHARSET=utf8 COLLATE=utf8_unicode_ci;
/*!40101 SET character_set_client = @saved_cs_client */;

--
-- Dumping data for table `messages`
--

LOCK TABLES `messages` WRITE;
/*!40000 ALTER TABLE `messages` DISABLE KEYS */;
INSERT INTO `messages` VALUES (1,36,35,1,'Footman\'s head: it just grazed his nose, you know?\' \'It\'s the stupidest tea-party I ever saw one that size? Why, it fills the whole court was in the last time she saw in another moment it was the.',1,1,'2018-03-31 23:10:10'),(2,65,20,2,'I ever saw one that size? Why, it fills the whole party at once to eat some of them bowed low. \'Would you tell me,\' said Alice, in a sort of way, \'Do cats eat bats?\' and sometimes, \'Do bats eat.',0,1,'2010-11-06 04:01:11'),(3,106,68,3,'By the time at the Hatter, and he went on eagerly. \'That\'s enough about lessons,\' the Gryphon in an offended tone, \'so I should be free of them even when they met in the last time she heard it.',0,0,'2017-01-07 14:22:08'),(4,22,104,4,'Imagine her surprise, when the Rabbit began. Alice gave a look askance-- Said he thanked the whiting kindly, but he now hastily began again, using the ink, that was said, and went on for some time.',0,0,'2019-12-11 12:16:33'),(5,55,162,5,'And yet I wish I hadn\'t to bring tears into her face, with such a pleasant temper, and thought to herself. At this moment the King, \'or I\'ll have you executed on the shingle--will you come and join.',1,0,'2019-11-13 17:05:26'),(6,46,144,6,'White Rabbit read:-- \'They told me he was going to begin at HIS time of life. The King\'s argument was, that anything that had a door leading right into a butterfly, I should be free of them didn\'t.',0,0,'2017-05-09 14:16:31'),(7,179,62,7,'So she stood looking at everything that Alice said; but was dreadfully puzzled by the little door, so she tried the effect of lying down with wonder at the time he was in such confusion that she was.',0,0,'2017-10-26 00:26:05'),(8,172,75,8,'Alice panted as she could, and waited to see if she was exactly three inches high). \'But I\'m not Ada,\' she said, without opening its eyes, for it now, I suppose, by being drowned in my own tears!.',1,0,'2016-06-01 14:31:48'),(9,58,64,9,'And she squeezed herself up closer to Alice\'s side as she swam lazily about in the house opened, and a Canary called out as loud as she heard a little nervous about this; \'for it might happen any.',1,1,'2012-09-26 02:51:50'),(10,147,142,10,'I suppose Dinah\'ll be sending me on messages next!\' And she tried to fancy to cats if you were all shaped like ears and whiskers, how late it\'s getting!\' She was walking hand in hand, in couples:.',1,1,'2016-02-03 06:05:36'),(11,67,108,11,'King and the White Rabbit interrupted: \'UNimportant, your Majesty means, of course,\' said the March Hare. \'It was much pleasanter at home,\' thought poor Alice, \'to speak to this last remark that had.',1,1,'2019-06-17 09:27:05'),(12,139,172,12,'I wonder?\' Alice guessed in a soothing tone: \'don\'t be angry about it. And yet I wish you wouldn\'t squeeze so.\' said the Cat: \'we\'re all mad here. I\'m mad. You\'re mad.\' \'How do you know I\'m mad?\'.',0,1,'2016-10-06 05:11:43'),(13,40,86,13,'Alice was only sobbing,\' she thought, and it was very nearly getting up and down, and was going a journey, I should think very likely true.) Down, down, down. There was exactly one a-piece all.',0,1,'2019-02-18 19:35:03'),(14,110,90,14,'CHAPTER IX. The Mock Turtle sang this, very slowly and sadly:-- \'\"Will you walk a little faster?\" said a whiting to a shriek, \'and just as well as she could not taste theirs, and the three gardeners.',1,0,'2017-12-15 19:58:43'),(15,120,129,15,'ME,\' said Alice very politely; but she remembered how small she was going to begin lessons: you\'d only have to whisper a hint to Time, and round the court with a large ring, with the next witness..',1,0,'2013-12-13 19:35:09'),(16,86,40,16,'Mabel after all, and I had our Dinah here, I know who I WAS when I grow up, I\'ll write one--but I\'m grown up now,\' she said, \'and see whether it\'s marked \"poison\" or not\'; for she thought, \'and hand.',1,1,'2016-06-21 03:42:23'),(17,141,187,17,'He sent them word I had it written up somewhere.\' Down, down, down. Would the fall was over. However, when they hit her; and when she first saw the White Rabbit interrupted: \'UNimportant, your.',1,1,'2013-12-04 07:34:49'),(18,110,187,18,'They all returned from him to be executed for having cheated herself in the world am I? Ah, THAT\'S the great question certainly was, what? Alice looked all round her, calling out in a fight with.',1,0,'2013-03-10 16:51:49'),(19,8,77,19,'Knave was standing before them, in chains, with a growl, And concluded the banquet--] \'What IS the use of a tree. \'Did you speak?\' \'Not I!\' said the Mock Turtle to the shore, and then added them up,.',0,1,'2015-12-05 06:52:56'),(20,159,164,20,'Her first idea was that she never knew so much contradicted in her life; it was only a child!\' The Queen turned angrily away from her as she swam about, trying to explain it as far down the.',1,1,'2010-11-14 18:40:43'),(21,144,27,21,'May it won\'t be raving mad--at least not so mad as it was too much of it in a coaxing tone, and everybody laughed, \'Let the jury had a vague sort of idea that they had to kneel down on one of these.',0,1,'2017-02-28 22:07:29'),(22,104,37,22,'Beautiful, beautiful Soup! Soup of the court. \'What do you mean \"purpose\"?\' said Alice. \'I\'ve so often read in the lock, and to stand on your shoes and stockings for you now, dears? I\'m sure I don\'t.',1,1,'2018-12-19 06:09:07'),(23,74,56,23,'First, she tried to say \"HOW DOTH THE LITTLE BUSY BEE,\" but it just grazed his nose, and broke off a little snappishly. \'You\'re enough to look about her other little children, and make THEIR eyes.',0,1,'2010-05-23 16:37:29'),(24,60,130,24,'The chief difficulty Alice found at first she would have done that, you know,\' said the Queen. \'I haven\'t opened it yet,\' said the Caterpillar; and it was over at last: \'and I do wonder what they\'ll.',0,1,'2013-09-17 13:43:33'),(25,71,165,25,'I!\' he replied. \'We quarrelled last March--just before HE went mad, you know--\' (pointing with his whiskers!\' For some minutes the whole party at once and put back into the sea, \'and in that.',1,1,'2013-04-05 20:39:12'),(26,10,157,26,'TWO little shrieks, and more puzzled, but she had not got into it), and sometimes shorter, until she made out the answer to shillings and pence. \'Take off your hat,\' the King added in a low voice..',1,0,'2014-07-11 15:58:04'),(27,152,88,27,'Caterpillar contemptuously. \'Who are YOU?\' Which brought them back again to the other, trying every door, she found this a very little use without my shoulders. Oh, how I wish you could draw treacle.',1,1,'2016-09-23 22:23:05'),(28,186,62,28,'Alice, and looking at the Queen, tossing her head to keep herself from being run over; and the arm that was sitting on the table. \'Nothing can be clearer than THAT. Then again--\"BEFORE SHE HAD THIS.',0,0,'2016-06-17 19:49:21'),(29,155,188,29,'I should frighten them out again. The rabbit-hole went straight on like a tunnel for some time with the name of nearly everything there. \'That\'s the judge,\' she said to Alice; and Alice was.',1,0,'2017-09-15 20:20:23'),(30,72,197,30,'Queen. \'Can you play croquet?\' The soldiers were always getting up and rubbed its eyes: then it watched the White Rabbit. She was moving them about as curious as it left no mark on the other.',1,0,'2015-04-12 00:56:04'),(31,167,46,31,'So she began nursing her child again, singing a sort of life! I do so like that curious song about the right way to change the subject,\' the March Hare, \'that \"I breathe when I grow at a reasonable.',1,1,'2019-06-02 08:22:38'),(32,125,90,32,'Alice could think of any one; so, when the race was over. However, when they passed too close, and waving their forepaws to mark the time, while the Dodo replied very readily: \'but that\'s because it.',1,1,'2012-09-12 05:46:35'),(33,74,97,33,'How puzzling all these changes are! I\'m never sure what I\'m going to leave it behind?\' She said this she looked up and saying, \'Thank you, sir, for your walk!\" \"Coming in a great hurry, muttering to.',0,1,'2019-04-09 12:04:03'),(34,65,33,34,'An obstacle that came between Him, and ourselves, and it. Don\'t let me hear the name \'Alice!\' CHAPTER XII. Alice\'s Evidence \'Here!\' cried Alice, with a T!\' said the Cat, and vanished again. Alice.',0,0,'2017-06-12 09:41:47'),(35,171,155,35,'Then followed the Knave of Hearts, he stole those tarts, And took them quite away!\' \'Consider your verdict,\' the King eagerly, and he checked himself suddenly: the others took the regular course.\'.',1,0,'2017-01-01 14:21:59'),(36,62,45,36,'Who ever saw one that size? Why, it fills the whole thing, and longed to get hold of this ointment--one shilling the box-- Allow me to him: She gave me a good way off, panting, with its eyelids, so.',0,0,'2011-10-29 15:04:39'),(37,38,55,37,'But at any rate, there\'s no room to grow to my right size: the next verse.\' \'But about his toes?\' the Mock Turtle went on so long since she had put on his spectacles. \'Where shall I begin, please.',0,1,'2013-02-28 22:33:16'),(38,162,42,38,'Alice, they all stopped and looked at the cook, to see it again, but it just missed her. Alice caught the flamingo and brought it back, the fight was over, and she soon found an opportunity of.',1,0,'2017-01-14 21:33:44'),(39,124,93,39,'I mean what I should say \"With what porpoise?\"\' \'Don\'t you mean by that?\' said the Dormouse. \'Fourteenth of March, I think you\'d take a fancy to cats if you like,\' said the Cat, \'if you only kept on.',1,1,'2011-06-12 06:41:01'),(40,94,189,40,'I was going to do with this creature when I get it home?\' when it saw mine coming!\' \'How do you mean by that?\' said the Dodo solemnly, rising to its feet, ran round the neck of the words a little,.',1,1,'2010-10-31 20:23:40'),(41,62,143,41,'Alice. The King turned pale, and shut his note-book hastily. \'Consider your verdict,\' the King said to the Mock Turtle said with some difficulty, as it can talk: at any rate,\' said Alice: \'--where\'s.',1,1,'2017-03-29 00:59:12'),(42,130,20,42,'King looked anxiously at the top of its voice. \'Back to land again, and looking anxiously about her. \'Oh, do let me hear the Rabbit came near her, about the crumbs,\' said the Hatter, with an.',0,0,'2010-09-22 16:03:50'),(43,109,84,43,'The poor little feet, I wonder if I know is, it would be the right size again; and the other players, and shouting \'Off with her head!\' Alice glanced rather anxiously at the White Rabbit was no.',1,1,'2019-01-01 18:19:20'),(44,93,12,44,'Bill! I wouldn\'t say anything about it, you know.\' He was an uncomfortably sharp chin. However, she soon made out that one of the crowd below, and there they lay sprawling about, reminding her very.',1,1,'2011-12-11 05:42:03'),(45,179,59,45,'I wonder?\' And here Alice began telling them her adventures from the sky! Ugh, Serpent!\' \'But I\'m NOT a serpent, I tell you, you coward!\' and at last turned sulky, and would only say, \'I am older.',1,1,'2015-04-21 10:25:40'),(46,157,9,46,'Alice began to cry again. \'You ought to be lost: away went Alice after it, and they can\'t prove I did: there\'s no use denying it. I suppose Dinah\'ll be sending me on messages next!\' And she went on.',0,0,'2011-11-27 23:12:52'),(47,171,31,47,'I\'ve nothing to do.\" Said the mouse to the jury, who instantly made a rush at the door and found that, as nearly as large as himself, and this time she heard the Queen\'s absence, and were resting in.',1,1,'2014-06-18 10:15:11'),(48,39,101,48,'VERY wide, but she remembered the number of cucumber-frames there must be!\' thought Alice. One of the other side of WHAT?\' thought Alice \'without pictures or conversations in it, and then turned to.',0,0,'2015-07-31 00:45:18'),(49,188,36,49,'Then followed the Knave was standing before them, in chains, with a kind of thing that would be grand, certainly,\' said Alice to herself, as well as she went on again: \'Twenty-four hours, I THINK;.',1,1,'2017-02-27 19:51:20'),(50,17,176,50,'Footman\'s head: it just grazed his nose, you know?\' \'It\'s the oldest rule in the back. At last the Dodo could not join the dance. Would not, could not, would not, could not, would not, could not,.',1,1,'2013-05-08 17:00:59'),(51,28,11,1,'While the Duchess began in a louder tone. \'ARE you to learn?\' \'Well, there was room for her. \'Yes!\' shouted Alice. \'Come on, then!\' roared the Queen, pointing to the game. CHAPTER IX. The Mock.',1,1,'2010-06-09 09:43:14'),(52,173,28,2,'Gryphon, \'that they WOULD go with the words came very queer to ME.\' \'You!\' said the Caterpillar. \'Well, I hardly know--No more, thank ye; I\'m better now--but I\'m a deal faster than it does.\' \'Which.',1,0,'2020-02-13 09:44:05'),(53,22,25,3,'Hatter. He had been of late much accustomed to usurpation and conquest. Edwin and Morcar, the earls of Mercia and Northumbria--\"\' \'Ugh!\' said the youth, \'as I mentioned before, And have grown most.',1,1,'2013-08-10 13:04:09'),(54,60,24,4,'For instance, if you please! \"William the Conqueror, whose cause was favoured by the fire, stirring a large ring, with the time,\' she said, as politely as she couldn\'t answer either question, it.',0,0,'2013-11-07 16:28:00'),(55,138,17,5,'I could let you out, you know.\' \'And what an ignorant little girl she\'ll think me at all.\' \'In that case,\' said the Caterpillar. Alice said to herself as she wandered about for it, she found that.',0,0,'2019-05-30 23:25:36'),(56,73,113,6,'Hatter. He came in sight of the court. \'What do you know that you\'re mad?\' \'To begin with,\' said the King, with an M, such as mouse-traps, and the pool a little pattering of feet in a loud,.',1,0,'2011-03-24 23:43:12'),(57,146,190,7,'Why, I haven\'t been invited yet.\' \'You\'ll see me there,\' said the Caterpillar, and the words don\'t FIT you,\' said the Footman, and began to get out of their wits!\' So she was holding, and she jumped.',1,1,'2017-07-18 18:26:57'),(58,113,194,8,'SAID was, \'Why is a very grave voice, \'until all the things I used to read fairy-tales, I fancied that kind of serpent, that\'s all you know I\'m mad?\' said Alice. \'I\'m glad they don\'t seem to come.',0,1,'2013-02-01 14:08:29'),(59,28,159,9,'Alice, \'a great girl like you,\' (she might well say this), \'to go on till you come and join the dance? Will you, won\'t you, won\'t you, won\'t you, won\'t you, will you, won\'t you, will you, won\'t you,.',1,1,'2017-11-24 22:58:21'),(60,112,83,10,'I\'m NOT a serpent, I tell you, you coward!\' and at once in the air. Even the Duchess sneezed occasionally; and as he spoke, and then dipped suddenly down, so suddenly that Alice said; \'there\'s a.',1,1,'2011-07-24 03:31:34'),(61,77,134,11,'Mock Turtle in a moment: she looked at poor Alice, who felt ready to sink into the air. She did it so VERY nearly at the Gryphon whispered in reply, \'for fear they should forget them before the.',0,1,'2014-10-16 15:24:55'),(62,41,3,12,'Alice thought this a very poor speaker,\' said the Duchess, \'and that\'s the jury, of course--\"I GAVE HER ONE, THEY GAVE HIM TWO--\" why, that must be kind to them,\' thought Alice, \'shall I NEVER get.',0,1,'2011-05-18 23:33:37'),(63,90,39,13,'I\'ve fallen by this very sudden change, but very politely: \'Did you speak?\' \'Not I!\' said the March Hare said--\' \'I didn\'t!\' the March Hare. \'Then it wasn\'t very civil of you to learn?\' \'Well, there.',1,1,'2014-12-08 00:08:17'),(64,128,119,14,'Alice. \'Reeling and Writhing, of course, Alice could think of anything to say, she simply bowed, and took the hookah out of breath, and said \'That\'s very important,\' the King was the cat.) \'I hope.',0,1,'2017-09-16 23:05:10'),(65,11,99,15,'Who ever saw one that size? Why, it fills the whole head appeared, and then another confusion of voices--\'Hold up his head--Brandy now--Don\'t choke him--How was it, old fellow? What happened to me!.',0,1,'2020-03-25 08:57:01'),(66,61,5,16,'Pat, what\'s that in about half no time! Take your choice!\' The Duchess took her choice, and was immediately suppressed by the English, who wanted leaders, and had no idea what a long time together.\'.',0,1,'2012-12-28 09:54:25'),(67,44,5,17,'Hatter replied. \'Of course not,\' said the March Hare moved into the book her sister was reading, but it makes me grow smaller, I suppose.\' So she swallowed one of them with the glass table and the.',1,1,'2020-04-24 06:26:21'),(68,94,51,18,'Ugh, Serpent!\' \'But I\'m not myself, you see.\' \'I don\'t like it, yer honour, at all, at all!\' \'Do as I used--and I don\'t put my arm round your waist,\' the Duchess said after a minute or two, and the.',1,0,'2020-01-29 05:27:41'),(69,174,118,19,'Then she went on \'And how do you want to see what this bottle does. I do it again and again.\' \'You are old, Father William,\' the young man said, \'And your hair has become very white; And yet I wish.',0,0,'2013-01-20 16:50:07'),(70,67,181,20,'French lesson-book. The Mouse did not like to have him with them,\' the Mock Turtle at last, more calmly, though still sobbing a little bit, and said \'No, never\') \'--so you can find out the words:.',0,1,'2016-11-21 15:35:13'),(71,105,179,21,'Duchess, it had entirely disappeared; so the King said, turning to the other: the Duchess said after a fashion, and this Alice would not allow without knowing how old it was, and, as a boon, Was.',0,0,'2015-05-04 15:21:02'),(72,182,170,22,'I\'ve tried to open her mouth; but she saw them, they were playing the Queen in a deep, hollow tone: \'sit down, both of you, and don\'t speak a word till I\'ve finished.\' So they got settled down.',1,0,'2018-06-13 13:04:59'),(73,105,13,23,'She was a table set out under a tree in front of them, with her head! Off--\' \'Nonsense!\' said Alice, \'I\'ve often seen a good deal frightened by this time). \'Don\'t grunt,\' said Alice; not that she.',0,0,'2014-12-10 04:45:13'),(74,150,112,24,'The King and Queen of Hearts, who only bowed and smiled in reply. \'That\'s right!\' shouted the Queen, in a minute or two she walked down the chimney!\' \'Oh! So Bill\'s got the other--Bill! fetch it.',1,0,'2020-04-06 10:15:00'),(75,108,4,25,'Hatter; \'so I should like to be told so. \'It\'s really dreadful,\' she muttered to herself, \'Why, they\'re only a pack of cards, after all. I needn\'t be afraid of them!\' \'And who is to give the.',1,1,'2019-02-03 09:02:14'),(76,94,56,26,'The three soldiers wandered about for it, she found that her flamingo was gone across to the jury, and the Hatter added as an explanation. \'Oh, you\'re sure to kill it in the distance, screaming with.',1,0,'2014-07-06 23:20:21'),(77,1,34,27,'Mock Turtle to the general conclusion, that wherever you go on? It\'s by far the most confusing thing I ever heard!\' \'Yes, I think that there ought! And when I grow up, I\'ll write one--but I\'m grown.',1,0,'2011-05-23 07:22:20'),(78,169,140,28,'Pray, what is the capital of Paris, and Paris is the same thing,\' said the Hatter. \'It isn\'t a bird,\' Alice remarked. \'Right, as usual,\' said the Duchess; \'and the moral of that is--\"Oh, \'tis love,.',1,1,'2017-05-07 03:18:05'),(79,192,139,29,'Dormouse sulkily remarked, \'If you please, sir--\' The Rabbit started violently, dropped the white kid gloves while she ran, as well as she could. \'The Dormouse is asleep again,\' said the Mock.',1,1,'2015-12-20 11:07:14'),(80,122,189,30,'Dodo could not tell whether they were filled with tears again as quickly as she could, for the Dormouse,\' thought Alice; \'but when you come to the Classics master, though. He was an uncomfortably.',0,0,'2019-03-19 08:25:35'),(81,181,137,31,'I can\'t put it right; \'not that it is!\' \'Why should it?\' muttered the Hatter. \'You might just as if she meant to take the hint; but the Mouse only growled in reply. \'That\'s right!\' shouted the.',0,0,'2015-03-08 12:24:45'),(82,140,89,32,'I did: there\'s no name signed at the bottom of the trees behind him. \'--or next day, maybe,\' the Footman remarked, \'till tomorrow--\' At this moment the door of which was immediately suppressed by.',1,1,'2016-12-31 04:10:35'),(83,27,64,33,'French mouse, come over with William the Conqueror.\' (For, with all her riper years, the simple rules their friends had taught them: such as, \'Sure, I don\'t think,\' Alice went on, without attending.',0,0,'2018-10-04 01:17:55'),(84,41,11,34,'Queen\'s absence, and were resting in the last word with such sudden violence that Alice said; \'there\'s a large piece out of breath, and till the puppy\'s bark sounded quite faint in the air, and came.',0,0,'2013-01-14 14:34:52'),(85,131,21,35,'King said to the other side, the puppy began a series of short charges at the window.\' \'THAT you won\'t\' thought Alice, and sighing. \'It IS a Caucus-race?\' said Alice; \'living at the March Hare,.',1,1,'2014-05-29 22:45:31'),(86,111,94,36,'Here the Dormouse again, so that altogether, for the White Rabbit returning, splendidly dressed, with a soldier on each side, and opened their eyes and mouths so VERY tired of swimming about here, O.',1,0,'2011-04-27 23:06:10'),(87,136,197,37,'Dinah\'ll be sending me on messages next!\' And she began very cautiously: \'But I don\'t keep the same as they were nowhere to be patted on the stairs. Alice knew it was all finished, the Owl, as a.',0,1,'2016-01-29 18:26:15'),(88,178,96,38,'King: \'leave out that the Mouse had changed his mind, and was delighted to find it out, we should all have our heads cut off, you know. Come on!\' \'Everybody says \"come on!\" here,\' thought Alice, and.',1,0,'2018-02-20 01:18:10'),(89,148,52,39,'However, when they arrived, with a kind of serpent, that\'s all I can remember feeling a little bottle on it, for she could not help thinking there MUST be more to do so. \'Shall we try another figure.',0,0,'2014-06-17 06:08:42'),(90,14,112,40,'And the executioner myself,\' said the King, \'or I\'ll have you executed on the spot.\' This did not like to try the thing Mock Turtle in the pictures of him), while the rest of the day; and this time.',1,0,'2017-11-10 13:30:36'),(91,118,53,41,'March--just before HE went mad, you know--\' \'What did they draw?\' said Alice, a good deal to come down the little door, had vanished completely. Very soon the Rabbit hastily interrupted. \'There\'s a.',0,1,'2018-04-16 00:17:46'),(92,112,198,42,'When she got back to the table, but there was enough of me left to make out at the mushroom for a moment like a sky-rocket!\' \'So you think you could see this, as she came upon a time she had never.',0,1,'2015-06-14 00:17:57'),(93,57,88,43,'There was a treacle-well.\' \'There\'s no such thing!\' Alice was so full of tears, \'I do wish I could let you out, you know.\' \'Who is it directed to?\' said the Duchess. \'Everything\'s got a moral, if.',1,1,'2010-11-14 22:01:12'),(94,70,83,44,'However, everything is queer to-day.\' Just then she noticed that the Gryphon said, in a low voice, \'Why the fact is, you ARE a simpleton.\' Alice did not get dry again: they had a vague sort of.',0,0,'2013-08-13 12:14:25'),(95,8,187,45,'Mock Turtle yawned and shut his eyes.--\'Tell her about the right height to rest her chin upon Alice\'s shoulder, and it was a long time with one of the shelves as she was now more than Alice could.',0,1,'2013-01-08 20:29:06'),(96,114,5,46,'Alice, \'and those twelve creatures,\' (she was so large in the trial one way of keeping up the fan and the other end of every line: \'Speak roughly to your tea; it\'s getting late.\' So Alice got up and.',1,1,'2018-03-24 23:28:22'),(97,86,13,47,'Alice, \'to speak to this last remark. \'Of course it was,\' said the Hatter, \'you wouldn\'t talk about cats or dogs either, if you hold it too long; and that if something wasn\'t done about it just.',0,1,'2010-12-20 11:24:53'),(98,7,193,48,'I\'ve kept her waiting!\' Alice felt that she could do to ask: perhaps I shall have some fun now!\' thought Alice. \'I mean what I could show you our cat Dinah: I think I may as well as she went on.',0,1,'2015-06-09 02:49:15'),(99,146,151,49,'I am to see what was on the look-out for serpents night and day! Why, I haven\'t had a bone in his note-book, cackled out \'Silence!\' and read as follows:-- \'The Queen will hear you! You see, she came.',1,0,'2018-03-04 09:54:15'),(100,115,120,50,'Mouse, who was peeping anxiously into her head. Still she went to the game. CHAPTER IX. The Mock Turtle went on. \'I do,\' Alice hastily replied; \'at least--at least I mean what I say--that\'s the same.',1,0,'2019-01-28 21:07:49'),(101,57,123,1,'I\'ve seen that done,\' thought Alice. \'I\'m glad they\'ve begun asking riddles.--I believe I can listen all day to such stuff? Be off, or I\'ll have you executed.\' The miserable Hatter dropped his.',0,1,'2015-01-13 06:19:45'),(102,46,59,2,'Alice\'s shoulder as she had read about them in books, and she was trying to box her own ears for having cheated herself in a voice she had forgotten the words.\' So they began running about in a.',1,1,'2013-05-25 00:59:09'),(103,155,198,3,'Mouse, getting up and say \"Who am I then? Tell me that first, and then, and holding it to his ear. Alice considered a little pattering of feet on the other queer noises, would change (she knew) to.',1,1,'2019-09-02 21:03:15'),(104,126,36,4,'I know all sorts of things, and she, oh! she knows such a tiny golden key, and Alice\'s elbow was pressed so closely against her foot, that there was mouth enough for it flashed across her mind that.',1,1,'2019-09-30 17:34:53'),(105,200,93,5,'So they sat down and cried. \'Come, there\'s half my plan done now! How puzzling all these strange Adventures of hers that you had been to her, one on each side, and opened their eyes and mouths so.',0,1,'2015-07-12 16:27:31'),(106,62,33,6,'I was going to turn into a sort of meaning in it, \'and what is the driest thing I ever saw in my life!\' Just as she said to herself \'That\'s quite enough--I hope I shan\'t grow any more--As it is, I.',0,1,'2013-06-27 02:01:26'),(107,178,191,7,'The other guests had taken advantage of the court with a little three-legged table, all made a memorandum of the wood--(she considered him to you, Though they were nowhere to be rude, so she took.',1,1,'2015-04-21 11:53:32'),(108,19,120,8,'Gryphon. \'I mean, what makes them so often, you know.\' It was, no doubt: only Alice did not much larger than a real nose; also its eyes again, to see it written down: but I think I may as well to.',0,0,'2017-07-13 22:08:32'),(109,146,167,9,'Gryphon. Alice did not like to drop the jar for fear of killing somebody, so managed to swallow a morsel of the other side, the puppy made another rush at the end.\' \'If you can\'t swim, can you?\' he.',1,0,'2018-11-15 11:04:40'),(110,196,77,10,'That your eye was as steady as ever; Yet you balanced an eel on the ground as she could not be denied, so she bore it as well as she remembered that she did not much surprised at this, but at the.',0,1,'2014-01-24 21:45:44'),(111,200,166,11,'Duchess. \'Everything\'s got a moral, if only you can find them.\' As she said to herself that perhaps it was good practice to say which), and they lived at the door between us. For instance, if you.',1,1,'2019-12-08 17:10:00'),(112,31,57,12,'I only knew how to get out again. That\'s all.\' \'Thank you,\' said the Gryphon: and it was written to nobody, which isn\'t usual, you know.\' \'Not the same thing with you,\' said the Caterpillar. Here.',0,1,'2013-07-03 08:30:53'),(113,191,182,13,'The cook threw a frying-pan after her as she could not help bursting out laughing: and when she turned the corner, but the three were all ornamented with hearts. Next came the royal children, and.',1,0,'2019-11-11 03:55:31'),(114,139,148,14,'Gryphon. \'--you advance twice--\' \'Each with a deep sigh, \'I was a real nose; also its eyes were nearly out of the hall; but, alas! the little door, had vanished completely. Very soon the Rabbit.',1,1,'2015-07-27 05:45:51'),(115,124,174,15,'March Hare, \'that \"I like what I get\" is the same size: to be rude, so she waited. The Gryphon lifted up both its paws in surprise. \'What! Never heard of \"Uglification,\"\' Alice ventured to taste it,.',0,1,'2015-08-02 00:52:04'),(116,96,158,16,'I\'m pleased, and wag my tail when it\'s pleased. Now I growl when I\'m pleased, and wag my tail when it\'s pleased. Now I growl when I\'m pleased, and wag my tail when I\'m angry. Therefore I\'m mad.\' \'I.',1,0,'2014-06-10 18:42:48'),(117,100,28,17,'The first thing she heard something like this:-- \'Fury said to herself; \'the March Hare had just succeeded in getting its body tucked away, comfortably enough, under her arm, and timidly said.',1,1,'2015-07-17 08:26:07'),(118,38,108,18,'Said he thanked the whiting kindly, but he would not give all else for two Pennyworth only of beautiful Soup? Beau--ootiful Soo--oop! Soo--oop of the court. (As that is rather a complaining tone,.',0,0,'2019-08-10 23:28:22'),(119,24,197,19,'An enormous puppy was looking at them with large round eyes, and feebly stretching out one paw, trying to fix on one, the cook till his eyes very wide on hearing this; but all he SAID was, \'Why is a.',1,0,'2015-01-16 12:40:24'),(120,113,173,20,'Mouse in the middle of one! There ought to be trampled under its feet, ran round the court with a cart-horse, and expecting every moment to be almost out of breath, and till the eyes appeared, and.',0,1,'2011-07-07 14:41:54'),(121,124,101,21,'Elsie, Lacie, and Tillie; and they walked off together. Alice was more than that, if you like!\' the Duchess was sitting on the table. \'Nothing can be clearer than THAT. Then again--\"BEFORE SHE HAD.',0,0,'2015-06-01 13:45:04'),(122,131,152,22,'I\'ll look first,\' she said, \'for her hair goes in such a thing I know. Silence all round, if you like!\' the Duchess by this time, and was going to give the prizes?\' quite a commotion in the.',0,0,'2010-06-24 21:52:39'),(123,168,183,23,'And so it was certainly English. \'I don\'t know what you had been looking at Alice as it was too late to wish that! She went on again:-- \'You may go,\' said the King, \'that only makes the matter.',0,1,'2014-06-22 06:50:42'),(124,10,99,24,'I gave her answer. \'They\'re done with a lobster as a boon, Was kindly permitted to pocket the spoon: While the Owl and the Queen\'s voice in the trial one way of expressing yourself.\' The baby.',1,0,'2018-02-12 11:31:59'),(125,64,25,25,'CHAPTER II. The Pool of Tears \'Curiouser and curiouser!\' cried Alice (she was so full of tears, until there was mouth enough for it flashed across her mind that she had tired herself out with.',0,1,'2010-08-12 22:33:52'),(126,131,181,26,'King said to herself, (not in a deep sigh, \'I was a dead silence. Alice noticed with some surprise that the hedgehog a blow with its arms and legs in all my limbs very supple By the use of repeating.',1,1,'2017-02-01 05:26:16'),(127,110,8,27,'White Rabbit. She was moving them about as it went, \'One side will make you grow shorter.\' \'One side of the March Hare,) \'--it was at the place of the mushroom, and her face in some alarm. This time.',1,1,'2011-10-23 05:50:06'),(128,110,123,28,'Alice could see this, as she went on, \'you see, a dog growls when it\'s angry, and wags its tail when I\'m pleased, and wag my tail when it\'s angry, and wags its tail when it\'s angry, and wags its.',1,0,'2017-04-20 00:11:56'),(129,86,62,29,'Alice cautiously replied, not feeling at all a pity. I said \"What for?\"\' \'She boxed the Queen\'s absence, and were quite dry again, the cook and the choking of the room. The cook threw a frying-pan.',1,0,'2017-03-26 17:39:08'),(130,49,62,30,'King said, for about the same words as before, \'and things are worse than ever,\' thought the poor animal\'s feelings. \'I quite forgot you didn\'t sign it,\' said the youth, \'one would hardly suppose.',0,1,'2013-01-10 18:04:39'),(131,159,8,31,'Queen. First came ten soldiers carrying clubs; these were ornamented all over their slates; \'but it doesn\'t mind.\' The table was a dispute going on between the executioner, the King, and the whole.',1,0,'2018-01-22 06:22:32'),(132,166,3,32,'Alice thought), and it said in a sort of meaning in it,\' said the King eagerly, and he went on without attending to her; \'but those serpents! There\'s no pleasing them!\' Alice was too much overcome.',0,0,'2019-02-02 04:06:28'),(133,117,175,33,'After these came the royal children; there were a Duck and a piece of bread-and-butter in the house opened, and a piece of bread-and-butter in the shade: however, the moment she appeared; but she.',1,1,'2017-04-07 17:43:38'),(134,125,100,34,'However, at last in the pool, \'and she sits purring so nicely by the hedge!\' then silence, and then another confusion of voices--\'Hold up his head--Brandy now--Don\'t choke him--How was it, old.',0,1,'2012-11-29 09:47:22'),(135,122,111,35,'Alice said to Alice, very much of a candle is blown out, for she had never left off sneezing by this time, as it turned a back-somersault in at the top of his shrill little voice, the name of nearly.',1,0,'2014-08-23 15:13:12'),(136,188,5,36,'I like\"!\' \'You might just as she spoke; \'either you or your head must be removed,\' said the Cat. \'Do you mean \"purpose\"?\' said Alice. \'Of course you know the song, \'I\'d have said to Alice; and Alice.',1,1,'2015-02-11 13:42:48'),(137,61,90,37,'It did so indeed, and much sooner than she had plenty of time as she listened, or seemed to rise like a wild beast, screamed \'Off with her head!\' the Queen said to Alice, flinging the baby.',0,1,'2018-05-18 17:14:38'),(138,66,61,38,'King, the Queen, and Alice, were in custody and under sentence of execution. Then the Queen never left off writing on his spectacles. \'Where shall I begin, please your Majesty?\' he asked. \'Begin at.',0,0,'2015-12-29 21:31:08'),(139,105,142,39,'After a time there could be no use in crying like that!\' \'I couldn\'t help it,\' she said to the shore. CHAPTER III. A Caucus-Race and a pair of gloves and the other guinea-pig cheered, and was just.',1,1,'2011-08-13 06:14:49'),(140,193,141,40,'Rabbit came up to her head, she tried to curtsey as she could, and waited till she had gone through that day. \'No, no!\' said the Hatter, who turned pale and fidgeted. \'Give your evidence,\' said the.',1,1,'2019-11-15 18:47:01'),(141,123,190,41,'I can\'t show it you myself,\' the Mock Turtle. Alice was rather glad there WAS no one to listen to me! I\'LL soon make you dry enough!\' They all made a dreadfully ugly child: but it puzzled her too.',0,0,'2010-08-03 22:20:49'),(142,184,150,42,'SAID was, \'Why is a very hopeful tone though), \'I won\'t indeed!\' said Alice, a good deal worse off than before, as the large birds complained that they must be shutting up like a snout than a.',0,0,'2013-06-06 21:52:54'),(143,195,124,43,'Duchess\'s voice died away, even in the trial one way up as the whole place around her became alive with the Mouse only shook its head to keep back the wandering hair that WOULD always get into her.',0,1,'2019-04-22 02:25:10'),(144,35,1,44,'King said, with a shiver. \'I beg your pardon!\' cried Alice in a natural way. \'I thought you did,\' said the Gryphon, before Alice could hear the words:-- \'I speak severely to my jaw, Has lasted the.',1,1,'2018-11-20 04:47:06'),(145,101,102,45,'Lobster Quadrille, that she was beginning very angrily, but the wise little Alice herself, and fanned herself with one finger pressed upon its nose. The Dormouse had closed its eyes by this time, as.',1,1,'2015-12-16 08:58:45'),(146,8,130,46,'It quite makes my forehead ache!\' Alice watched the Queen in front of them, and was going to happen next. The first question of course had to run back into the sky. Twinkle, twinkle--\"\' Here the.',1,1,'2020-02-14 04:26:41'),(147,27,145,47,'I don\'t think,\' Alice went on again:-- \'You may not have lived much under the circumstances. There was a different person then.\' \'Explain all that,\' he said to the table, but it makes me grow large.',1,0,'2011-02-03 21:25:00'),(148,41,173,48,'There ought to have the experiment tried. \'Very true,\' said the King. \'When did you manage to do it.\' (And, as you can--\' \'Swim after them!\' screamed the Pigeon. \'I\'m NOT a serpent!\' said Alice.',1,1,'2011-05-18 21:41:57'),(149,138,173,49,'Caterpillar. This was not here before,\' said Alice,) and round Alice, every now and then another confusion of voices--\'Hold up his head--Brandy now--Don\'t choke him--How was it, old fellow? What.',0,1,'2015-05-12 12:52:41'),(150,50,130,50,'Queen\'s voice in the sea, though you mayn\'t believe it--\' \'I never saw one, or heard of such a nice little dog near our house I should frighten them out again. The Mock Turtle yawned and shut his.',0,1,'2019-03-18 09:25:39'),(151,99,104,1,'Dodo could not remember the simple and loving heart of her skirt, upsetting all the jurymen on to the general conclusion, that wherever you go on? It\'s by far the most curious thing I ever was at in.',0,1,'2014-07-29 02:46:39'),(152,23,4,2,'Oh, I shouldn\'t want YOURS: I don\'t keep the same side of the creature, but on the ground near the looking-glass. There was no time to see how he can thoroughly enjoy The pepper when he sneezes: He.',0,0,'2015-09-14 10:22:57'),(153,151,140,3,'Dinah, and saying to herself \'It\'s the thing Mock Turtle sighed deeply, and began, in a hoarse growl, \'the world would go through,\' thought poor Alice, \'it would be quite as safe to stay in here any.',1,1,'2018-01-04 16:21:08'),(154,49,23,4,'Alice as it turned round and get ready to ask any more HERE.\' \'But then,\' thought she, \'if people had all to lie down upon their faces. There was a table, with a little animal (she couldn\'t guess of.',1,1,'2015-04-18 02:30:59'),(155,168,169,5,'March Hare said in a trembling voice:-- \'I passed by his garden, and I could shut up like a telescope.\' And so she went on, looking anxiously about as it didn\'t much matter which way you go,\' said.',0,1,'2016-07-18 00:01:59'),(156,142,2,6,'For the Mouse with an important air, \'are you all ready? This is the capital of Paris, and Paris is the same thing, you know.\' \'And what an ignorant little girl she\'ll think me for asking! No, it\'ll.',0,1,'2013-07-09 08:38:16'),(157,182,104,7,'For some minutes the whole court was in livery: otherwise, judging by his garden.\"\' Alice did not like to be done, I wonder?\' And here poor Alice began to repeat it, but her head down to nine inches.',0,1,'2014-10-17 16:16:43'),(158,175,160,8,'I beg your pardon!\' she exclaimed in a low, trembling voice. \'There\'s more evidence to come out among the distant green leaves. As there seemed to Alice with one of the song, \'I\'d have said to the.',1,0,'2017-02-22 05:44:28'),(159,78,106,9,'The Cat\'s head with great curiosity. \'Soles and eels, of course,\' the Dodo solemnly, rising to its feet, ran round the court was in confusion, getting the Dormouse shook its head down, and nobody.',0,0,'2015-10-14 11:42:37'),(160,98,173,10,'Gryphon. \'--you advance twice--\' \'Each with a T!\' said the Dodo, \'the best way to change the subject of conversation. While she was in such long curly brown hair! And it\'ll fetch things when you.',1,1,'2018-10-21 00:21:31'),(161,168,119,11,'Come and help me out of the shelves as she could. \'No,\' said Alice. \'Oh, don\'t talk about wasting IT. It\'s HIM.\' \'I don\'t see how he can EVEN finish, if he would not join the dance? Will you, won\'t.',0,0,'2016-01-05 15:38:56'),(162,93,106,12,'Dodo. Then they all spoke at once, and ran till she shook the house, and found that it is!\' \'Why should it?\' muttered the Hatter. \'Does YOUR watch tell you how it was just going to dive in among the.',1,0,'2016-06-26 09:48:14'),(163,52,141,13,'Gryphon, and the words have got into a conversation. \'You don\'t know where Dinn may be,\' said the Dormouse; \'VERY ill.\' Alice tried to fancy to cats if you could draw treacle out of sight, they were.',0,0,'2010-05-15 13:16:24'),(164,147,113,14,'The door led right into it. \'That\'s very curious!\' she thought. \'But everything\'s curious today. I think I can go back by railway,\' she said to herself, and nibbled a little door about fifteen.',1,0,'2010-06-14 23:30:22'),(165,123,76,15,'March Hare went \'Sh! sh!\' and the shrill voice of the gloves, and she had plenty of time as she could. The next thing is, to get hold of it; and the baby--the fire-irons came first; then followed a.',1,1,'2019-05-16 02:20:38'),(166,11,25,16,'QUITE as much as serpents do, you know.\' He was looking up into a line along the course, here and there was hardly room for this, and after a minute or two. \'They couldn\'t have done that, you know,\'.',1,0,'2018-11-21 22:21:11'),(167,92,184,17,'Queen was in managing her flamingo: she succeeded in curving it down into its nest. Alice crouched down among the leaves, which she found herself falling down a jar from one foot up the fan and.',1,0,'2013-01-23 04:13:39'),(168,43,64,18,'Alice, swallowing down her anger as well look and see what was on the bank, with her friend. When she got up in a tone of great relief. \'Now at OURS they had at the end of half an hour or so, and.',1,0,'2014-01-08 18:20:12'),(169,189,155,19,'Hatter and the small ones choked and had been wandering, when a cry of \'The trial\'s beginning!\' was heard in the world she was talking. Alice could see, when she got up this morning, but I THINK I.',1,0,'2018-04-16 00:08:31'),(170,7,171,20,'WAS a narrow escape!\' said Alice, as she could not join the dance? Will you, won\'t you join the dance? Will you, won\'t you join the dance. So they sat down, and the March Hare said--\' \'I didn\'t!\'.',0,1,'2018-08-14 17:50:38'),(171,30,38,21,'Alice cautiously replied: \'but I know all sorts of things--I can\'t remember things as I was thinking I should frighten them out of the sort!\' said Alice. \'Off with her head! Off--\' \'Nonsense!\' said.',1,1,'2019-05-11 00:48:19'),(172,101,190,22,'And with that she was always ready to make out what it was: she was about a foot high: then she looked down into its eyes again, to see what was the first figure!\' said the King; and the executioner.',0,0,'2018-05-13 15:11:07'),(173,45,54,23,'Majesty,\' he began. \'You\'re a very difficult question. However, at last it sat down in a rather offended tone, \'Hm! No accounting for tastes! Sing her \"Turtle Soup,\" will you, old fellow?\' The Mock.',0,1,'2010-09-11 01:02:49'),(174,134,107,24,'Alice could bear: she got up, and there they lay sprawling about, reminding her very earnestly, \'Now, Dinah, tell me the truth: did you ever see such a fall as this, I shall remember it in a sort of.',0,0,'2019-01-29 15:55:46'),(175,132,141,25,'Hatter. \'I deny it!\' said the Mouse, turning to the shore. CHAPTER III. A Caucus-Race and a large rabbit-hole under the hedge. In another minute there was Mystery,\' the Mock Turtle yet?\' \'No,\' said.',0,0,'2010-08-08 12:38:58'),(176,107,111,26,'Majesty?\' he asked. \'Begin at the mouth with strings: into this they slipped the guinea-pig, head first, and then keep tight hold of this ointment--one shilling the box-- Allow me to introduce it.\'.',0,0,'2015-12-29 19:20:39'),(177,32,29,27,'You see the Mock Turtle replied in an impatient tone: \'explanations take such a subject! Our family always HATED cats: nasty, low, vulgar things! Don\'t let him know she liked them best, For this.',0,1,'2019-04-24 19:01:32'),(178,48,151,28,'I\'m not myself, you see.\' \'I don\'t believe it,\' said Alice, who felt very curious thing, and longed to change the subject. \'Go on with the Dormouse. \'Write that down,\' the King had said that day. \'A.',1,1,'2019-04-18 03:56:45'),(179,9,194,29,'I should be like then?\' And she squeezed herself up and picking the daisies, when suddenly a White Rabbit read:-- \'They told me he was gone, and the baby with some severity; \'it\'s very easy to know.',0,1,'2014-12-16 22:24:34'),(180,144,136,30,'VERY much out of the window, and some \'unimportant.\' Alice could hear him sighing as if she were looking over their shoulders, that all the things between whiles.\' \'Then you shouldn\'t talk,\' said.',1,0,'2013-12-25 14:30:58'),(181,47,26,31,'Alice replied: \'what\'s the answer?\' \'I haven\'t the least notice of her own mind (as well as she leant against a buttercup to rest her chin in salt water. Her first idea was that it was all dark.',1,0,'2012-06-26 01:26:02'),(182,191,74,32,'I\'ve offended it again!\' For the Mouse was swimming away from her as she said to Alice, \'Have you guessed the riddle yet?\' the Hatter said, turning to the tarts on the ground as she went on again:--.',1,1,'2015-01-26 18:40:59'),(183,197,161,33,'I to get us dry would be wasting our breath.\" \"I\'ll be judge, I\'ll be jury,\" Said cunning old Fury: \"I\'ll try the effect: the next moment a shower of saucepans, plates, and dishes. The Duchess took.',1,0,'2015-06-16 08:29:50'),(184,17,198,34,'I can guess that,\' she added in an offended tone, and everybody laughed, \'Let the jury asked. \'That I can\'t quite follow it as you can--\' \'Swim after them!\' screamed the Gryphon. \'It\'s all his.',0,1,'2011-08-24 13:46:24'),(185,140,103,35,'VERY remarkable in that; nor did Alice think it would like the largest telescope that ever was! Good-bye, feet!\' (for when she was walking hand in hand with Dinah, and saying \"Come up again, dear!\".',1,0,'2019-12-04 05:06:18'),(186,98,180,36,'There was exactly one a-piece all round. \'But she must have been that,\' said the Lory. Alice replied eagerly, for she felt unhappy. \'It was a little pattering of feet on the top of his great wig.\'.',0,1,'2011-08-24 04:39:03'),(187,7,92,37,'But she waited for some time in silence: at last in the long hall, and close to her, so she set off at once took up the fan and gloves--that is, if I must, I must,\' the King repeated angrily, \'or.',1,0,'2011-12-17 08:45:00'),(188,40,123,38,'I\'m not the right height to rest her chin in salt water. Her first idea was that she wasn\'t a really good school,\' said the Duchess; \'I never saw one, or heard of uglifying!\' it exclaimed. \'You know.',1,1,'2017-10-16 23:10:03'),(189,93,98,39,'Alice, looking down at once, with a large caterpillar, that was said, and went on just as she had brought herself down to look at me like that!\' said Alice in a ring, and begged the Mouse only.',1,0,'2012-02-29 12:26:11'),(190,10,155,40,'But she went on again:-- \'You may not have lived much under the sea--\' (\'I haven\'t,\' said Alice)--\'and perhaps you haven\'t found it very much,\' said Alice; \'all I know is, something comes at me like.',0,0,'2018-05-12 11:37:15'),(191,145,59,41,'Gryphon said to the fifth bend, I think?\' \'I had NOT!\' cried the Gryphon, half to itself, half to itself, half to Alice. \'Nothing,\' said Alice. \'And be quick about it,\' added the Dormouse. \'Don\'t.',0,0,'2017-05-21 10:55:15'),(192,59,117,42,'Then they both cried. \'Wake up, Alice dear!\' said her sister; \'Why, what a Gryphon is, look at them--\'I wish they\'d get the trial done,\' she thought, and it said nothing. \'Perhaps it doesn\'t matter.',0,1,'2015-12-14 19:22:38'),(193,10,95,43,'YOU like cats if you cut your finger VERY deeply with a melancholy air, and, after glaring at her feet in a low voice, to the general conclusion, that wherever you go on? It\'s by far the most.',0,1,'2011-01-27 08:12:01'),(194,48,153,44,'Gryphon. \'It all came different!\' the Mock Turtle replied, counting off the cake. * * * * * * * * * * * * * * * * * * * * * * * * CHAPTER II. The Pool of Tears \'Curiouser and curiouser!\' cried Alice.',1,1,'2015-03-06 15:40:00'),(195,19,38,45,'Edwin and Morcar, the earls of Mercia and Northumbria, declared for him: and even Stigand, the patriotic archbishop of Canterbury, found it very much,\' said the Hatter. \'You might just as I\'d taken.',0,1,'2011-06-02 17:13:10'),(196,132,146,46,'THE KING AND QUEEN OF HEARTS. Alice was silent. The Dormouse shook itself, and was a dead silence instantly, and neither of the mushroom, and her eyes filled with tears running down his face, as.',1,0,'2016-06-27 11:10:33'),(197,132,22,47,'Alice, and, after glaring at her as she went on talking: \'Dear, dear! How queer everything is queer to-day.\' Just then her head to feel very uneasy: to be executed for having cheated herself in a.',0,0,'2012-12-12 22:20:08'),(198,112,97,48,'Pigeon; \'but I haven\'t been invited yet.\' \'You\'ll see me there,\' said the Mouse. \'--I proceed. \"Edwin and Morcar, the earls of Mercia and Northumbria--\"\' \'Ugh!\' said the Queen, stamping on the song,.',0,1,'2014-08-18 22:30:21'),(199,145,37,49,'Alice hastily; \'but I\'m not Ada,\' she said, by way of nursing it, (which was to get into her eyes; and once she remembered trying to find her way into that beautiful garden--how IS that to be two.',0,1,'2019-01-07 09:35:47'),(200,146,19,50,'Has lasted the rest waited in silence. Alice was just beginning to end,\' said the Duck: \'it\'s generally a frog or a watch to take out of a large cauldron which seemed to be no use in crying like.',1,1,'2015-06-06 10:59:01'),(201,59,35,1,'Mabel, for I know I do!\' said Alice in a melancholy air, and, after folding his arms and frowning at the house, and found that, as nearly as she swam nearer to watch them, and then treading on her.',1,1,'2011-10-13 15:58:47'),(202,199,90,2,'Alice did not notice this question, but hurriedly went on, \'I must be getting home; the night-air doesn\'t suit my throat!\' and a large pool all round her at the March Hare said to herself, \'I don\'t.',0,0,'2018-06-06 13:51:13'),(203,51,186,3,'THE.',1,1,'2011-05-30 07:24:31'),(204,176,122,4,'Where CAN I have dropped them, I wonder?\' And here Alice began telling them her adventures from the trees behind him. \'--or next day, maybe,\' the Footman continued in the pool, \'and she sits purring.',1,1,'2019-11-13 13:45:33'),(205,80,34,5,'Alice\'s shoulder as she had read about them in books, and she went down on one of the jurymen. \'It isn\'t mine,\' said the Duchess; \'and most of \'em do.\' \'I don\'t know what a long breath, and said.',0,1,'2012-11-11 14:15:16'),(206,131,153,6,'Queen of Hearts, he stole those tarts, And took them quite away!\' \'Consider your verdict,\' he said in a hoarse, feeble voice: \'I heard every word you fellows were saying.\' \'Tell us a story!\' said.',1,0,'2017-03-22 00:44:48'),(207,172,200,7,'As she said these words her foot slipped, and in his note-book, cackled out \'Silence!\' and read as follows:-- \'The Queen of Hearts, carrying the King\'s crown on a summer day: The Knave did so, very.',1,1,'2018-12-20 13:28:32'),(208,82,11,8,'I must have a trial: For really this morning I\'ve nothing to do: once or twice, half hoping that they must needs come wriggling down from the shock of being such a dreadful time.\' So Alice got up.',0,1,'2015-12-09 00:16:08'),(209,9,12,9,'White Rabbit interrupted: \'UNimportant, your Majesty means, of course,\' the Dodo had paused as if she had quite a conversation of it now in sight, and no more of the hall: in fact she was terribly.',0,0,'2014-12-24 15:12:31'),(210,32,122,10,'I ought to have wondered at this, but at the Queen, stamping on the song, she kept tossing the baby joined):-- \'Wow! wow! wow!\' While the Owl and the Dormouse turned out, and, by the Hatter, it woke.',0,1,'2019-06-18 07:23:09'),(211,116,14,11,'I only wish it was,\' said the Mock Turtle, \'they--you\'ve seen them, of course?\' \'Yes,\' said Alice, surprised at her as hard as she spoke. (The unfortunate little Bill had left off staring at the.',1,1,'2019-04-05 22:04:00'),(212,122,168,12,'Mock Turtle angrily: \'really you are very dull!\' \'You ought to have been ill.\' \'So they were,\' said the White Rabbit, \'and that\'s a fact.\' Alice did not wish to offend the Dormouse followed him: the.',1,1,'2012-06-08 19:25:28'),(213,73,60,13,'March Hare. \'Sixteenth,\' added the Gryphon; and then the puppy began a series of short charges at the Queen, who were lying round the hall, but they were gardeners, or soldiers, or courtiers, or.',1,0,'2012-03-31 13:36:29'),(214,82,30,14,'Dodo, \'the best way you can;--but I must be a grin, and she grew no larger: still it was quite a chorus of \'There goes Bill!\' then the Rabbit\'s voice; and Alice looked all round the refreshments!\'.',1,0,'2011-01-10 01:39:58'),(215,103,24,15,'Besides, SHE\'S she, and I\'m sure _I_ shan\'t be able! I shall have somebody to talk nonsense. The Queen\'s argument was, that she wanted much to know, but the Gryphon hastily. \'Go on with the grin,.',0,1,'2017-02-09 13:24:26'),(216,10,178,16,'I was going to remark myself.\' \'Have you seen the Mock Turtle Soup is made from,\' said the Dormouse crossed the court, without even waiting to put it to annoy, Because he knows it teases.\' CHORUS..',0,1,'2011-09-15 20:40:45'),(217,59,162,17,'Then the Queen shrieked out. \'Behead that Dormouse! Turn that Dormouse out of a water-well,\' said the Hatter. \'It isn\'t directed at all,\' said Alice: \'--where\'s the Duchess?\' \'Hush! Hush!\' said the.',1,1,'2019-02-25 09:46:03'),(218,33,77,18,'Panther received knife and fork with a smile. There was not even get her head through the glass, and she did not look at all anxious to have any pepper in my kitchen AT ALL. Soup does very well.',1,0,'2011-08-06 02:04:16'),(219,87,2,19,'Footman went on again:-- \'You may go,\' said the Queen, who was gently brushing away some dead leaves that had a large canvas bag, which tied up at this corner--No, tie \'em together first--they don\'t.',1,0,'2012-08-21 20:24:00'),(220,150,143,20,'Alice; \'that\'s not at all comfortable, and it sat for a rabbit! I suppose I ought to be an advantage,\' said Alice, and tried to say whether the pleasure of making a daisy-chain would be worth the.',0,0,'2016-12-16 19:47:27'),(221,66,100,21,'Little Bill It was so much contradicted in her pocket) till she fancied she heard a little bird as soon as it can be,\' said the March Hare: she thought of herself, \'I wish I had not attended to this.',0,1,'2018-02-04 21:18:31'),(222,102,11,22,'Pigeon in a ring, and begged the Mouse was swimming away from her as she could have told you butter wouldn\'t suit the works!\' he added looking angrily at the Queen, the royal children, and everybody.',1,1,'2011-06-28 13:36:43'),(223,146,99,23,'Alice \'without pictures or conversations in it, and behind it, it occurred to her in an offended tone, \'was, that the best of educations--in fact, we went to school every day--\' \'I\'VE been to a.',1,1,'2010-05-17 18:21:31'),(224,57,185,24,'King said gravely, \'and go on with the bread-knife.\' The March Hare had just upset the week before. \'Oh, I BEG your pardon!\' cried Alice hastily, afraid that it might tell her something about the.',1,0,'2012-01-08 06:15:38'),(225,154,13,25,'How brave they\'ll all think me at home! Why, I wouldn\'t be so easily offended!\' \'You\'ll get used to do:-- \'How doth the little--\"\' and she felt a very decided tone: \'tell her something worth.',1,1,'2019-09-01 07:08:43'),(226,3,176,26,'The Dormouse shook its head impatiently, and said, \'So you think you might do something better with the Duchess, the Duchess! Oh! won\'t she be savage if I\'ve kept her waiting!\' Alice felt that she.',1,1,'2011-07-10 10:18:35'),(227,71,25,27,'I suppose you\'ll be asleep again before it\'s done.\' \'Once upon a time she heard a little way off, panting, with its arms folded, frowning like a telescope.\' And so it was just in time to go, for the.',0,1,'2019-01-10 23:19:57'),(228,112,86,28,'I\'ll just see what would happen next. First, she dreamed of little cartwheels, and the baby violently up and ran off, thinking while she ran, as well as she spoke--fancy CURTSEYING as you\'re falling.',0,1,'2011-11-02 06:39:02'),(229,91,197,29,'By the time it all came different!\' the Mock Turtle yawned and shut his eyes.--\'Tell her about the crumbs,\' said the Mock Turtle is.\' \'It\'s the Cheshire Cat, she was now about two feet high, and her.',1,0,'2019-04-24 17:23:47'),(230,113,173,30,'Queen will hear you! You see, she came in sight of the month, and doesn\'t tell what o\'clock it is!\' \'Why should it?\' muttered the Hatter. \'Does YOUR watch tell you just now what the name \'W. RABBIT\'.',1,1,'2016-02-15 09:34:44'),(231,125,104,31,'Queen. \'Can you play croquet?\' The soldiers were always getting up and rubbed its eyes: then it chuckled. \'What fun!\' said the Rabbit just under the door; so either way I\'ll get into the wood to.',0,1,'2018-08-13 21:10:38'),(232,147,20,32,'Queen in front of them, with her head pressing against the door, and knocked. \'There\'s no sort of chance of getting up and rubbed its eyes: then it watched the White Rabbit put on her lap as if he.',1,0,'2018-08-15 11:16:58'),(233,58,30,33,'I suppose, by being drowned in my life!\' She had just upset the milk-jug into his plate. Alice did not dare to laugh; and, as the other.\' As soon as the March Hare meekly replied. \'Yes, but some.',1,1,'2017-03-03 13:20:25'),(234,177,195,34,'Those whom she sentenced were taken into custody by the hand, it hurried off, without waiting for the baby, it was all ridges and furrows; the balls were live hedgehogs, the mallets live flamingoes,.',0,0,'2012-03-19 10:45:37'),(235,41,20,35,'I said \"What for?\"\' \'She boxed the Queen\'s absence, and were resting in the middle. Alice kept her waiting!\' Alice felt a little of her or of anything to say, she simply bowed, and took the hookah.',0,1,'2013-10-06 05:07:02'),(236,178,27,36,'I hadn\'t cried so much!\' said Alice, \'it\'s very rude.\' The Hatter was the cat.) \'I hope they\'ll remember her saucer of milk at tea-time. Dinah my dear! Let this be a very truthful child; \'but little.',0,1,'2014-12-11 03:16:10'),(237,2,130,37,'Alice in a game of croquet she was now, and she trembled till she fancied she heard a voice outside, and stopped to listen. \'Mary Ann! Mary Ann!\' said the King, and the turtles all advance! They are.',1,0,'2016-12-30 05:41:45'),(238,43,24,38,'I suppose it doesn\'t mind.\' The table was a dead silence instantly, and neither of the officers of the tea--\' \'The twinkling of the Queen jumped up in such a tiny little thing!\' said the Dormouse;.',1,1,'2012-04-01 12:48:55'),(239,191,83,39,'Crab took the place of the wood to listen. \'Mary Ann! Mary Ann!\' said the Queen, and in a low, trembling voice. \'There\'s more evidence to come out among the bright flower-beds and the Dormouse.',1,0,'2016-05-06 12:55:52'),(240,41,153,40,'I think?\' he said in a melancholy tone. \'Nobody seems to grin, How neatly spread his claws, And welcome little fishes in With gently smiling jaws!\' \'I\'m sure those are not the smallest notice of her.',1,1,'2015-01-24 13:45:21'),(241,45,163,41,'Hatter: and in despair she put one arm out of sight. Alice remained looking thoughtfully at the window.\' \'THAT you won\'t\' thought Alice, and, after glaring at her feet, for it was done. They had not.',1,0,'2020-02-29 08:46:17'),(242,80,109,42,'PLEASE mind what you\'re doing!\' cried Alice, with a pair of white kid gloves, and she was about a thousand times as large as himself, and this Alice thought to herself, \'after such a hurry to get.',1,1,'2018-04-11 16:00:18'),(243,107,5,43,'Oh, I shouldn\'t like THAT!\' \'Oh, you foolish Alice!\' she answered herself. \'How can you learn lessons in the distance, and she said to herself, in a natural way again. \'I should like to show you! A.',1,1,'2011-02-19 10:09:16'),(244,106,113,44,'Let me see--how IS it to speak again. The Mock Turtle repeated thoughtfully. \'I should like to be sure, she had got its head down, and the constant heavy sobbing of the officers of the trees upon.',0,0,'2018-06-26 00:14:58'),(245,45,86,45,'Trims his belt and his buttons, and turns out his toes.\' [later editions continued as follows When the procession moved on, three of her going, though she looked down, was an uncomfortably sharp.',0,1,'2011-09-15 14:30:14'),(246,94,11,46,'Alice replied in a large caterpillar, that was lying under the sea,\' the Gryphon said to Alice, they all quarrel so dreadfully one can\'t hear oneself speak--and they don\'t seem to dry me at home!.',0,0,'2014-03-02 19:55:08'),(247,175,41,47,'Queen?\' said the Duchess: you\'d better leave off,\' said the Dormouse, after thinking a minute or two to think about stopping herself before she found this a very fine day!\' said a timid and.',0,1,'2013-07-28 06:54:28'),(248,80,77,48,'It was the Rabbit whispered in reply, \'for fear they should forget them before the trial\'s begun.\' \'They\'re putting down their names,\' the Gryphon went on muttering over the jury-box with the time,\'.',0,1,'2017-08-27 15:28:13'),(249,146,96,49,'Rabbit in a great crash, as if it wasn\'t trouble enough hatching the eggs,\' said the Duchess. \'I make you dry enough!\' They all made of solid glass; there was not going to happen next. The first.',1,1,'2018-03-03 02:29:57'),(250,43,124,50,'OF ITS WAISTCOAT-POCKET, and looked at Alice, as she passed; it was very like a telescope.\' And so she waited. The Gryphon sat up and throw us, with the clock. For instance, suppose it doesn\'t.',1,0,'2018-05-02 04:20:57'),(251,94,95,1,'Gryphon. \'We can do no more, whatever happens. What WILL become of me?\' Luckily for Alice, the little door: but, alas! either the locks were too large, or the key was lying on the same as they used.',0,1,'2015-12-17 09:46:25'),(252,194,84,2,'King, and he hurried off. Alice thought the poor animal\'s feelings. \'I quite forgot you didn\'t sign it,\' said the cook. The King looked anxiously over his shoulder as she went on so long since she.',0,0,'2013-06-23 03:13:35'),(253,38,139,3,'The Mouse gave a sudden burst of tears, until there was silence for some time without interrupting it. \'They were obliged to write with one eye, How the Owl and the Panther received knife and fork.',1,0,'2012-08-13 08:54:08'),(254,178,72,4,'White Rabbit returning, splendidly dressed, with a little anxiously. \'Yes,\' said Alice, surprised at this, but at last it sat for a great letter, nearly as she could remember about ravens and.',1,0,'2018-12-01 00:32:59'),(255,26,115,5,'I!\' said the Eaglet. \'I don\'t quite understand you,\' she said, \'than waste it in a hurry to change them--\' when she first saw the White Rabbit, jumping up in a more subdued tone, and she drew.',1,1,'2017-09-30 17:42:29'),(256,97,139,6,'SAID was, \'Why is a very curious thing, and longed to get out at the Cat\'s head with great curiosity. \'Soles and eels, of course,\' he said in an offended tone, \'Hm! No accounting for tastes! Sing.',1,0,'2015-10-07 09:12:32'),(257,5,200,7,'Queen will hear you! You see, she came rather late, and the Dormouse shook its head down, and nobody spoke for some minutes. The Caterpillar and Alice was beginning to see that the Mouse with an M?\'.',0,0,'2016-08-13 22:19:51'),(258,11,38,8,'Soup does very well to say it over) \'--yes, that\'s about the right thing to nurse--and she\'s such a curious dream, dear, certainly: but now run in to your tea; it\'s getting late.\' So Alice began.',0,1,'2010-06-17 03:54:31'),(259,156,67,9,'William replied to his son, \'I feared it might not escape again, and Alice could speak again. In a little shaking among the distant green leaves. As there seemed to Alice to herself, for she was.',0,0,'2016-06-16 10:55:23'),(260,66,130,10,'Alice, a good deal to come before that!\' \'Call the next verse,\' the Gryphon said, in a minute. Alice began telling them her adventures from the Gryphon, with a teacup in one hand and a large fan in.',1,1,'2010-11-28 07:17:37'),(261,53,71,11,'SOMEBODY ought to be a walrus or hippopotamus, but then she had never heard before, \'Sure then I\'m here! Digging for apples, indeed!\' said Alice, \'we learned French and music.\' \'And washing?\' said.',0,0,'2018-07-15 01:46:33'),(262,197,173,12,'I\'ll set Dinah at you!\' There was no time to hear her try and say \"How doth the little door, so she went in without knocking, and hurried upstairs, in great disgust, and walked two and two, as the.',0,0,'2010-06-24 14:25:10'),(263,70,33,13,'Will you, won\'t you, will you join the dance?\"\' \'Thank you, sir, for your walk!\" \"Coming in a helpless sort of people live about here?\' \'In THAT direction,\' waving the other ladder?--Why, I hadn\'t.',0,0,'2017-04-16 19:02:12'),(264,156,78,14,'King hastily said, and went stamping about, and crept a little scream, half of them--and it belongs to the Queen. \'Sentence first--verdict afterwards.\' \'Stuff and nonsense!\' said Alice indignantly..',0,1,'2018-10-01 21:30:55'),(265,124,183,15,'It means much the same age as herself, to see the Hatter replied. \'Of course you know about it, you may SIT down,\' the King sharply. \'Do you play croquet?\' The soldiers were always getting up and.',0,1,'2018-01-21 16:09:40'),(266,144,171,16,'WOULD not remember ever having seen such a puzzled expression that she was playing against herself, for she was near enough to look for her, and the whole thing very absurd, but they began moving.',1,1,'2014-11-06 22:14:40'),(267,20,187,17,'And concluded the banquet--] \'What IS a Caucus-race?\' said Alice; \'it\'s laid for a few yards off. The Cat only grinned when it saw mine coming!\' \'How do you call him Tortoise, if he thought it would.',1,1,'2018-02-18 07:44:28'),(268,76,20,18,'Who in the other: he came trotting along in a natural way again. \'I should like to try the patience of an oyster!\' \'I wish I hadn\'t cried so much!\' said Alice, who was beginning very angrily, but.',0,1,'2010-06-25 21:54:49'),(269,69,86,19,'The King\'s argument was, that you weren\'t to talk about her other little children, and make THEIR eyes bright and eager with many a strange tale, perhaps even with the game,\' the Queen to-day?\' \'I.',0,0,'2012-06-08 13:44:18'),(270,21,47,20,'Who ever saw in my life!\' She had quite a new idea to Alice, that she wanted much to know, but the tops of the Lobster Quadrille?\' the Gryphon at the number of changes she had never had to run back.',1,0,'2013-09-10 16:53:41'),(271,173,124,21,'Tell us all about as it went, as if it began ordering people about like that!\' He got behind Alice as he fumbled over the fire, licking her paws and washing her face--and she is only a pack of.',1,0,'2012-09-30 14:32:13'),(272,100,128,22,'Mock Turtle would be only rustling in the pool, and the other guinea-pig cheered, and was going off into a pig, and she walked sadly down the chimney?--Nay, I shan\'t! YOU do it!--That I won\'t,.',0,0,'2015-01-10 08:34:15'),(273,137,102,23,'MINE,\' said the Duchess, \'as pigs have to whisper a hint to Time, and round Alice, every now and then I\'ll tell him--it was for bringing the cook was busily stirring the soup, and seemed to her.',0,0,'2013-05-18 23:17:46'),(274,99,188,24,'Dodo managed it.) First it marked out a new kind of serpent, that\'s all you know what you would seem to have it explained,\' said the Gryphon. \'How the creatures wouldn\'t be in a tone of great.',0,1,'2014-05-18 00:06:43'),(275,44,56,25,'For the Mouse only shook its head to keep herself from being broken. She hastily put down yet, before the trial\'s begun.\' \'They\'re putting down their names,\' the Gryphon at the top of his tail. \'As.',1,1,'2015-10-10 15:00:26'),(276,146,161,26,'If she should meet the real Mary Ann, what ARE you talking to?\' said one of the players to be listening, so she took up the chimney, has he?\' said Alice to herself, (not in a minute or two, they.',0,0,'2010-09-17 04:19:11'),(277,169,158,27,'Pigeon, but in a mournful tone, \'he won\'t do a thing before, and she swam about, trying to make personal remarks,\' Alice said very humbly; \'I won\'t indeed!\' said Alice, a little irritated at the.',0,0,'2014-02-26 12:48:43'),(278,84,147,28,'THAT direction,\' the Cat remarked. \'Don\'t be impertinent,\' said the White Rabbit was no one to listen to her, And mentioned me to him: She gave me a good deal: this fireplace is narrow, to be.',1,1,'2019-11-02 10:04:02'),(279,82,169,29,'Alice: \'allow me to sell you a song?\' \'Oh, a song, please, if the Mock Turtle: \'why, if a fish came to ME, and told me he was gone, and, by the hedge!\' then silence, and then hurried on, Alice.',1,0,'2013-08-14 16:16:23'),(280,197,80,30,'The executioner\'s argument was, that if something wasn\'t done about it just grazed his nose, you know?\' \'It\'s the oldest rule in the shade: however, the moment he was going to give the prizes?\'.',0,0,'2012-07-22 18:21:28'),(281,7,193,31,'I\'ve seen that done,\' thought Alice. \'I\'ve so often read in the wind, and was just in time to wash the things get used to say \'creatures,\' you see, Miss, this here ought to speak, and no more to.',0,1,'2014-06-24 08:47:20'),(282,145,146,32,'The Queen turned angrily away from her as she couldn\'t answer either question, it didn\'t sound at all know whether it was YOUR table,\' said Alice; \'that\'s not at all fairly,\' Alice began, in a.',0,0,'2017-05-04 14:11:17'),(283,95,37,33,'DOTH THE LITTLE BUSY BEE,\" but it makes rather a hard word, I will tell you how it was empty: she did not notice this question, but hurriedly went on, \'you throw the--\' \'The lobsters!\' shouted the.',0,1,'2011-10-06 18:00:24'),(284,101,191,34,'King\'s crown on a little shaking among the branches, and every now and then dipped suddenly down, so suddenly that Alice had never done such a wretched height to rest herself, and fanned herself.',0,1,'2020-01-23 02:16:45'),(285,51,84,35,'ME,\' said the last concert!\' on which the words \'EAT ME\' were beautifully marked in currants. \'Well, I\'ll eat it,\' said Five, \'and I\'ll tell him--it was for bringing the cook was leaning over the.',0,0,'2011-05-02 00:47:00'),(286,65,72,36,'I should be like then?\' And she began shrinking directly. As soon as the other.\' As soon as she heard a little ledge of rock, and, as a boon, Was kindly permitted to pocket the spoon: While the Owl.',0,1,'2016-08-30 08:02:53'),(287,167,16,37,'Suppress him! Pinch him! Off with his head!\"\' \'How dreadfully savage!\' exclaimed Alice. \'And where HAVE my shoulders got to? And oh, my poor hands, how is it directed to?\' said one of the baby, the.',0,1,'2017-07-10 04:28:47'),(288,181,55,38,'And she\'s such a pleasant temper, and thought to herself how this same little sister of hers would, in the middle, nursing a baby; the cook had disappeared. \'Never mind!\' said the Duchess, \'as pigs.',1,1,'2012-11-19 05:27:15'),(289,131,92,39,'Dinah, tell me who YOU are, first.\' \'Why?\' said the Duchess, it had gone. \'Well! I\'ve often seen a cat without a great deal too far off to the Knave of Hearts, carrying the King\'s crown on a summer.',0,1,'2018-08-05 18:42:31'),(290,64,46,40,'However, when they had to pinch it to half-past one as long as I used--and I don\'t keep the same as the jury wrote it down into a cucumber-frame, or something of the Lobster Quadrille?\' the Gryphon.',0,0,'2013-07-28 10:08:34'),(291,35,38,41,'Alice in a hurry: a large arm-chair at one and then the puppy made another snatch in the common way. So they got thrown out to sea. So they couldn\'t get them out with trying, the poor animal\'s.',1,0,'2019-11-16 17:15:55'),(292,82,97,42,'Gryphon. \'They can\'t have anything to say, she simply bowed, and took the hookah into its eyes by this time, and was gone across to the door, she ran off as hard as he spoke, and then the different.',1,1,'2014-11-22 02:19:23'),(293,37,96,43,'Gryphon, before Alice could see, as she went on eagerly: \'There is such a thing before, but she gained courage as she was now more than that, if you drink much from a Caterpillar The Caterpillar and.',1,1,'2017-05-07 18:20:28'),(294,169,157,44,'I\'m sure _I_ shan\'t be beheaded!\' said Alice, rather alarmed at the time he was in the grass, merely remarking as it could go, and making quite a conversation of it in time,\' said the Mock Turtle.',0,0,'2012-12-29 06:18:43'),(295,74,102,45,'Shark, But, when the White Rabbit: it was as long as you liked.\' \'Is that the poor little thing howled so, that he had to run back into the court, without even looking round. \'I\'ll fetch the.',0,0,'2014-11-07 03:28:23'),(296,85,120,46,'Lory, with a T!\' said the Dormouse. \'Don\'t talk nonsense,\' said Alice timidly. \'Would you like the look of things at all, at all!\' \'Do as I do,\' said the King. The White Rabbit cried out, \'Silence.',0,0,'2017-06-12 14:58:47'),(297,143,153,47,'The Duchess took her choice, and was just possible it had come back and see that queer little toss of her head made her draw back in a wondering tone. \'Why, what a long and a Canary called out \'The.',0,0,'2017-07-06 13:04:35'),(298,138,28,48,'Presently she began thinking over all she could have told you butter wouldn\'t suit the works!\' he added looking angrily at the cook was busily stirring the soup, and seemed to have any pepper in my.',0,0,'2010-06-12 23:49:17'),(299,127,148,49,'Queen to play croquet with the tea,\' the Hatter was out of sight: \'but it doesn\'t matter much,\' thought Alice, \'and those twelve creatures,\' (she was so much about a foot high: then she walked on in.',0,0,'2016-10-04 00:14:25'),(300,161,162,50,'The poor little thing howled so, that he had a consultation about this, and Alice was a dispute going on within--a constant howling and sneezing, and every now and then; such as, that a red-hot.',1,1,'2015-08-23 03:23:27');
/*!40000 ALTER TABLE `messages` ENABLE KEYS */;
UNLOCK TABLES;

--
-- Table structure for table `profiles`
--

DROP TABLE IF EXISTS `profiles`;
/*!40101 SET @saved_cs_client     = @@character_set_client */;
/*!50503 SET character_set_client = utf8mb4 */;
CREATE TABLE `profiles` (
  `user_id` int unsigned NOT NULL,
  `gender` char(1) CHARACTER SET utf8 COLLATE utf8_unicode_ci NOT NULL,
  `birthday` date DEFAULT NULL,
  `city` varchar(100) CHARACTER SET utf8 COLLATE utf8_unicode_ci DEFAULT NULL,
  `country` varchar(100) CHARACTER SET utf8 COLLATE utf8_unicode_ci DEFAULT NULL,
  `photo_id` int unsigned NOT NULL,
  `updated_at` datetime DEFAULT CURRENT_TIMESTAMP ON UPDATE CURRENT_TIMESTAMP,
  PRIMARY KEY (`user_id`)
) ENGINE=InnoDB DEFAULT CHARSET=utf8 COLLATE=utf8_unicode_ci;
/*!40101 SET character_set_client = @saved_cs_client */;

--
-- Dumping data for table `profiles`
--

LOCK TABLES `profiles` WRITE;
/*!40000 ALTER TABLE `profiles` DISABLE KEYS */;
INSERT INTO `profiles` VALUES (1,'m','2004-09-11','Willaside','Andorra',1,'2015-06-10 11:57:54'),(2,'m','1998-01-31','Port Elenaburgh','Kyrgyz Republic',2,'2017-03-31 13:07:34'),(3,'m','1985-12-26','New Terrill','Poland',3,'2016-10-21 13:43:40'),(4,'m','1971-03-29','New Malinda','South Georgia and the South Sandwich Islands',4,'2011-07-30 04:22:07'),(5,'f','2015-10-23','Jettiebury','Tunisia',5,'2015-04-11 03:07:00'),(6,'f','1954-10-15','Feiltown','Lesotho',6,'2019-08-25 00:29:54'),(7,'f','2017-11-09','Lake Noel','Argentina',7,'2014-08-31 02:56:33'),(8,'f','1946-02-21','New Reilly','Latvia',8,'2012-07-01 12:57:52'),(9,'m','1977-05-30','Alicechester','Moldova',9,'2019-11-06 14:36:30'),(10,'m','1990-04-18','Eldachester','Antigua and Barbuda',10,'2013-08-21 07:08:00'),(11,'m','1952-12-11','East Emeliaborough','Ghana',11,'2016-01-13 15:35:55'),(12,'f','1983-03-22','Langworthmouth','Ireland',12,'2020-03-13 08:48:32'),(13,'f','1968-07-14','Orvillemouth','Cameroon',13,'2016-07-07 22:04:15'),(14,'f','2010-10-25','Inesville','Burkina Faso',14,'2019-09-03 23:25:55'),(15,'f','1993-12-08','West Ahmadfort','Lao People\'s Democratic Republic',15,'2013-03-01 00:52:16'),(16,'f','1928-04-26','Sierrahaven','Saint Pierre and Miquelon',16,'2015-07-22 02:34:37'),(17,'f','1943-03-27','Tatestad','United States of America',17,'2019-07-15 16:53:21'),(18,'m','1991-08-07','West Katrina','Tunisia',18,'2011-02-26 02:04:10'),(19,'f','1956-07-05','Orrinhaven','Isle of Man',19,'2016-02-02 02:20:04'),(20,'m','1992-05-14','Vladimirfurt','Pakistan',20,'2012-12-19 00:50:52'),(21,'f','1948-10-26','Skyefurt','Cuba',21,'2018-01-25 03:20:13'),(22,'f','1929-01-14','Nolanmouth','Saint Martin',22,'2017-07-01 21:02:22'),(23,'m','1966-06-10','North Wilfred','Central African Republic',23,'2017-04-12 05:09:28'),(24,'f','1964-06-29','Port Derek','Belize',24,'2015-05-24 03:13:28'),(25,'f','2010-03-18','Lake Destineebury','Saint Helena',25,'2012-06-12 22:38:16'),(26,'m','1983-10-02','Strosinburgh','Burkina Faso',26,'2012-04-05 12:12:58'),(27,'f','1992-11-05','West Cassandre','Peru',27,'2017-06-29 10:11:54'),(28,'m','1957-12-26','Sarinaborough','Japan',28,'2019-02-21 04:55:56'),(29,'m','2004-12-26','New Whitney','United States Virgin Islands',29,'2015-04-28 16:55:05'),(30,'m','1983-08-31','Bradtkemouth','South Africa',30,'2016-08-18 13:26:25'),(31,'m','1956-11-28','Lake Angelitamouth','El Salvador',31,'2015-11-09 09:07:48'),(32,'m','1982-09-27','East Sylvan','Sierra Leone',32,'2014-01-22 16:24:46'),(33,'m','1945-12-19','North Wilbert','Armenia',33,'2019-01-20 05:20:11'),(34,'f','1957-04-07','Lynchmouth','Kenya',34,'2017-10-10 16:38:12'),(35,'f','1969-02-28','Kristoffershire','United States of America',35,'2012-12-31 00:10:25'),(36,'m','1945-11-10','New Alexannetown','Lesotho',36,'2014-08-28 18:01:39'),(37,'f','1983-10-27','Mableview','Lebanon',37,'2019-03-17 18:23:58'),(38,'m','2018-10-11','Aglaeton','Egypt',38,'2020-04-03 10:19:47'),(39,'f','1974-05-13','Lake Owenbury','Panama',39,'2016-10-15 23:52:15'),(40,'m','1930-03-14','West Hermina','Bahamas',40,'2012-02-13 14:22:00'),(41,'m','1993-10-25','North Sarahville','Jordan',41,'2012-06-18 10:49:32'),(42,'m','1981-06-17','Jeanetteburgh','Belize',42,'2011-12-29 17:10:50'),(43,'m','1988-04-05','Chaseshire','Angola',43,'2015-03-02 06:56:42'),(44,'m','2005-07-11','Port Kaelynfurt','Macao',44,'2016-12-06 05:53:11'),(45,'m','1977-06-05','Josueton','Bahrain',45,'2014-07-30 13:34:40'),(46,'m','2018-08-09','Tiffanychester','Madagascar',46,'2011-03-07 12:02:06'),(47,'f','1978-08-16','Pricefort','Vanuatu',47,'2014-05-01 12:11:52'),(48,'f','1991-07-11','Eichmannfurt','Croatia',48,'2017-03-31 21:47:23'),(49,'m','1931-05-31','New Brain','American Samoa',49,'2018-10-30 03:53:51'),(50,'m','1951-10-26','Emardport','Malaysia',50,'2017-01-31 14:41:09'),(51,'m','1920-05-16','Lake Prudenceton','Zambia',51,'2014-10-02 19:46:58'),(52,'m','1925-09-25','Strackemouth','Saint Martin',52,'2015-08-04 03:07:50'),(53,'f','1930-12-26','Port D\'angelo','Barbados',53,'2015-08-25 13:31:03'),(54,'m','1946-06-15','Geoffreyfort','Yemen',54,'2013-05-25 08:00:55'),(55,'m','1933-03-20','Mayemouth','Syrian Arab Republic',55,'2019-03-04 03:56:24'),(56,'m','1979-09-08','Lake Mazieborough','Libyan Arab Jamahiriya',56,'2018-05-06 18:29:50'),(57,'f','1949-12-19','South Gina','Singapore',57,'2012-02-24 09:58:32'),(58,'f','1976-05-20','North Alda','Italy',58,'2016-02-08 12:28:26'),(59,'m','1997-05-16','Port Sidneyshire','Mongolia',59,'2014-04-11 08:40:00'),(60,'m','1929-12-31','Reingerland','Haiti',60,'2016-11-14 13:05:40'),(61,'f','1923-08-18','New Ellenchester','Canada',61,'2014-06-22 06:24:01'),(62,'f','2010-09-20','Harbershire','Kazakhstan',62,'2013-06-10 07:53:08'),(63,'m','1924-06-04','Lake Dario','Cyprus',63,'2019-05-23 02:14:28'),(64,'m','1957-04-28','New Robyn','Philippines',64,'2013-12-30 00:01:20'),(65,'f','1983-08-09','Lake Isidrohaven','Montserrat',65,'2010-10-09 01:40:36'),(66,'m','1975-04-02','Adrienport','Cape Verde',66,'2011-11-12 09:51:27'),(67,'f','1943-05-01','East Caitlyn','French Southern Territories',67,'2018-10-31 03:31:29'),(68,'m','1978-10-18','Britneyborough','Guinea',68,'2013-08-01 17:44:02'),(69,'f','1967-02-25','Mooremouth','French Polynesia',69,'2017-06-09 17:45:01'),(70,'m','1953-11-24','Modestachester','Mauritania',70,'2019-02-04 09:38:24'),(71,'m','2017-09-28','Hoppestad','Nauru',71,'2016-12-25 05:17:14'),(72,'m','2000-03-02','Abbeyville','Liberia',72,'2014-04-27 16:58:28'),(73,'m','1948-07-15','North Dejashire','United States of America',73,'2013-05-21 08:54:58'),(74,'m','1938-08-22','Neomafort','British Indian Ocean Territory (Chagos Archipelago)',74,'2012-12-23 17:27:34'),(75,'f','2016-02-03','Port Camila','Cameroon',75,'2016-09-15 06:17:45'),(76,'f','1969-12-27','New Rebekah','Georgia',76,'2019-05-18 16:33:13'),(77,'f','1932-11-02','West Kathlynmouth','Saint Kitts and Nevis',77,'2019-12-25 10:06:35'),(78,'m','1940-09-12','Langworthland','Chile',78,'2010-06-23 17:22:40'),(79,'m','2016-06-26','West Alvenaburgh','Montenegro',79,'2010-12-09 19:43:20'),(80,'f','1987-07-16','New Audreannebury','Honduras',80,'2011-12-07 05:38:43'),(81,'m','1932-04-06','Luettgenfurt','Fiji',81,'2016-10-09 23:40:53'),(82,'m','1984-12-18','Kalichester','Oman',82,'2015-06-02 13:27:29'),(83,'m','1926-09-02','Reichelbury','Iran',83,'2019-09-10 14:22:19'),(84,'m','1932-03-16','East Jimmyview','Japan',84,'2019-07-20 00:14:30'),(85,'m','1927-04-26','Maybellburgh','Switzerland',85,'2013-09-06 04:31:10'),(86,'m','1945-12-11','New Gilbertoborough','Sweden',86,'2011-12-13 05:12:16'),(87,'m','2013-11-20','Carriechester','Timor-Leste',87,'2017-07-13 20:13:13'),(88,'f','1997-06-04','Torphyfort','British Indian Ocean Territory (Chagos Archipelago)',88,'2019-03-09 19:34:29'),(89,'m','1988-08-03','Bryanaland','Netherlands Antilles',89,'2016-05-08 19:25:27'),(90,'f','1942-09-04','Steuberchester','Malaysia',90,'2018-10-15 05:59:29'),(91,'f','1975-08-22','Lake Danikaberg','Aruba',91,'2014-04-08 19:04:28'),(92,'f','1990-01-14','Sigmundville','Qatar',92,'2017-08-02 23:21:31'),(93,'f','1930-04-27','Roosevelttown','Jersey',93,'2012-01-28 17:41:18'),(94,'f','1921-03-06','Skylaview','Cook Islands',94,'2016-05-27 07:30:10'),(95,'m','2006-02-22','Fisherton','Namibia',95,'2019-02-17 13:02:25'),(96,'f','1937-03-16','Milfordport','Liechtenstein',96,'2018-09-09 23:59:46'),(97,'f','1943-03-19','West Lewberg','Gambia',97,'2018-11-26 22:39:47'),(98,'f','1927-11-03','Lake Jimmie','Ukraine',98,'2016-08-31 07:02:25'),(99,'f','1948-04-09','Rogahnstad','Angola',99,'2019-04-07 20:29:24'),(100,'f','1990-03-29','South Justusbury','Cote d\'Ivoire',100,'2019-01-10 20:32:34'),(101,'f','1928-05-15','South Marcelborough','Guinea-Bissau',101,'2012-07-21 20:55:09'),(102,'f','1939-04-25','New Leifmouth','Chile',102,'2010-08-09 15:31:06'),(103,'m','1990-08-13','Milesmouth','Kyrgyz Republic',103,'2011-08-13 20:36:17'),(104,'f','1969-10-14','Haleyborough','Samoa',104,'2013-09-19 04:59:54'),(105,'f','1972-01-14','South Clementine','Portugal',105,'2014-02-12 05:02:26'),(106,'f','1961-12-17','Josiebury','Cyprus',106,'2010-05-03 15:26:26'),(107,'m','1976-02-16','North Demarioshire','Norfolk Island',107,'2013-08-25 12:09:27'),(108,'m','1972-11-02','West Amy','Myanmar',108,'2012-03-04 19:07:34'),(109,'m','2006-01-13','New Rhiannon','Bahamas',109,'2012-06-20 20:34:33'),(110,'f','1997-06-25','West Bryana','Switzerland',110,'2011-05-20 23:35:12'),(111,'f','1947-12-16','Cathryntown','Mauritania',111,'2020-01-25 13:29:55'),(112,'f','1963-03-07','South Adeline','Samoa',112,'2017-03-21 09:55:36'),(113,'m','1977-04-13','Loismouth','Cocos (Keeling) Islands',113,'2012-08-31 01:53:16'),(114,'m','1934-06-25','South Bethmouth','Saint Helena',114,'2012-11-27 02:05:27'),(115,'m','1947-08-10','South Demarco','Palau',115,'2019-04-15 16:36:37'),(116,'f','1935-05-17','Port Amytown','Faroe Islands',116,'2017-05-07 12:37:38'),(117,'m','1931-05-26','Port Noemymouth','Cook Islands',117,'2016-09-04 20:18:18'),(118,'f','1966-02-11','Port Makennaton','Belgium',118,'2017-01-08 13:27:52'),(119,'f','2003-06-13','North Fletcher','Ethiopia',119,'2016-05-29 14:07:54'),(120,'m','1977-06-04','New Arielle','Falkland Islands (Malvinas)',120,'2018-10-06 15:52:07'),(121,'f','1923-10-23','East Nonaborough','Switzerland',121,'2012-11-12 01:10:29'),(122,'f','1938-11-17','Casimerberg','Indonesia',122,'2018-06-23 15:05:16'),(123,'m','2004-09-26','East Camylle','Pakistan',123,'2015-09-13 20:22:34'),(124,'f','1983-11-17','Port Judsonburgh','Brunei Darussalam',124,'2013-01-02 06:00:53'),(125,'f','2015-07-31','West Kaileeville','New Zealand',125,'2010-09-08 06:29:22'),(126,'f','1975-11-13','West Jeffrey','Turkey',126,'2010-07-28 10:28:57'),(127,'f','1976-05-31','North Carlottamouth','Sweden',127,'2013-01-17 14:07:47'),(128,'m','1921-11-18','Aishaport','Guyana',128,'2016-02-01 08:36:43'),(129,'f','1993-12-07','Imogeneview','Guatemala',129,'2012-06-27 14:01:44'),(130,'f','2009-10-05','Gleichnerton','Reunion',130,'2014-05-16 04:07:01'),(131,'f','1991-12-24','Smithview','Slovenia',131,'2013-04-17 01:27:25'),(132,'m','1997-06-14','Rueckerfort','Madagascar',132,'2017-08-29 15:33:07'),(133,'m','1947-04-24','Ortizfurt','Timor-Leste',133,'2010-07-03 09:47:26'),(134,'m','1952-08-20','Thoraside','Antigua and Barbuda',134,'2012-08-31 19:41:59'),(135,'m','2015-09-18','East Katlynnburgh','Malta',135,'2013-05-20 21:00:19'),(136,'m','1937-02-16','Svenhaven','United States of America',136,'2015-06-04 23:42:03'),(137,'f','1923-09-12','Freidaburgh','Lithuania',137,'2011-10-05 07:48:52'),(138,'m','1926-07-08','New Asachester','Tuvalu',138,'2019-07-19 08:37:58'),(139,'m','1969-12-15','Beershire','India',139,'2014-07-24 19:22:28'),(140,'f','1999-12-22','Cummingsside','British Indian Ocean Territory (Chagos Archipelago)',140,'2019-06-30 16:34:48'),(141,'m','1929-01-18','South Judson','Guyana',141,'2019-10-23 14:28:22'),(142,'m','1992-07-14','East Joanaport','Namibia',142,'2019-06-04 13:05:58'),(143,'m','1952-05-06','Port Holly','Micronesia',143,'2018-06-26 04:14:29'),(144,'f','1922-12-21','Walterberg','India',144,'2019-01-25 08:45:56'),(145,'m','2006-05-22','West Dominic','Korea',145,'2016-07-18 22:41:51'),(146,'f','1973-07-24','Hyattberg','Anguilla',146,'2014-10-02 15:11:36'),(147,'m','1940-02-16','Americaton','Moldova',147,'2014-09-07 03:24:20'),(148,'m','1930-05-24','Tracyland','Antarctica (the territory South of 60 deg S)',148,'2011-09-04 17:48:11'),(149,'f','1985-02-11','Port Gisselle','Mayotte',149,'2018-01-09 16:30:46'),(150,'m','1993-12-17','Lake Edwardo','Tunisia',150,'2018-08-29 20:51:58'),(151,'f','1938-02-23','Keeblerfurt','Tanzania',151,'2019-11-10 16:25:28'),(152,'f','1970-01-23','East Noemi','Bulgaria',152,'2017-02-15 19:48:22'),(153,'f','1974-01-19','Margarettemouth','United Kingdom',153,'2019-08-07 07:10:24'),(154,'f','1965-06-11','Felipafort','Mexico',154,'2016-09-18 17:01:25'),(155,'m','1978-11-09','Bartellport','Mongolia',155,'2014-02-09 20:37:17'),(156,'m','2001-04-18','Lemkemouth','Uruguay',156,'2015-12-26 01:45:19'),(157,'m','1941-08-19','Weimannside','Belgium',157,'2013-01-15 05:59:11'),(158,'f','1925-02-15','North Kaleigh','Faroe Islands',158,'2010-10-24 10:25:43'),(159,'m','1980-12-20','North Cale','Anguilla',159,'2012-03-20 13:52:47'),(160,'f','2005-08-09','South Casper','Faroe Islands',160,'2016-11-27 15:04:41'),(161,'m','1997-05-26','Beckerview','Holy See (Vatican City State)',161,'2010-07-11 13:24:45'),(162,'m','2007-04-26','West Zoey','Chad',162,'2011-10-08 07:16:46'),(163,'f','1971-08-28','Ellenton','French Guiana',163,'2011-03-15 15:07:11'),(164,'m','2014-03-20','New Neldaside','Guinea-Bissau',164,'2014-11-08 21:12:56'),(165,'f','1987-01-21','North Emilia','Comoros',165,'2013-06-16 12:07:29'),(166,'f','2002-07-14','East Marcosberg','Romania',166,'2011-12-24 14:31:41'),(167,'m','1958-08-06','Bernhardborough','Qatar',167,'2011-11-21 12:17:12'),(168,'m','1954-01-17','Quincyside','Syrian Arab Republic',168,'2010-07-08 10:53:41'),(169,'m','1990-02-06','Port Effiestad','Malaysia',169,'2014-06-29 05:55:58'),(170,'m','1950-02-01','Dickensbury','Tajikistan',170,'2012-03-09 04:54:19'),(171,'m','1946-03-23','Oratown','United Kingdom',171,'2011-04-17 00:33:05'),(172,'f','2005-11-10','Lake Abdiel','Chile',172,'2014-03-17 09:31:35'),(173,'m','1964-09-28','Thielchester','Costa Rica',173,'2017-04-14 17:06:38'),(174,'f','1986-02-01','Rauhaven','Tanzania',174,'2017-03-23 12:17:22'),(175,'f','1934-01-23','New Gustavefort','Norfolk Island',175,'2016-12-01 16:29:45'),(176,'f','1939-10-03','Harveyhaven','Burkina Faso',176,'2019-05-02 05:52:27'),(177,'m','1928-12-06','Port Kaseyborough','Liberia',177,'2020-04-22 16:23:43'),(178,'f','1942-10-02','West Friedrichmouth','Eritrea',178,'2018-12-15 19:32:15'),(179,'m','1945-02-04','East Leopold','United Kingdom',179,'2017-05-19 20:03:51'),(180,'f','1971-06-18','Beahanborough','Belize',180,'2015-10-26 21:04:07'),(181,'f','1950-08-17','Abbottport','Tunisia',181,'2014-02-14 01:04:00'),(182,'f','2000-04-04','Nitzscheport','Niger',182,'2014-11-19 16:06:42'),(183,'m','1950-08-14','Larsonton','Pakistan',183,'2012-02-25 13:49:10'),(184,'f','1995-03-25','Langborough','Nauru',184,'2018-05-29 07:31:38'),(185,'m','1970-04-21','Port Abelfort','Madagascar',185,'2011-08-21 23:44:32'),(186,'m','1997-04-15','East Darrel','Chad',186,'2014-11-14 08:27:24'),(187,'m','1970-09-17','East Juanaton','South Africa',187,'2018-10-05 22:47:34'),(188,'m','1988-08-04','Laurynport','Trinidad and Tobago',188,'2019-08-05 14:18:21'),(189,'m','2005-08-24','Port Lelia','Belarus',189,'2014-04-30 21:15:30'),(190,'f','1976-09-26','Port Haileeport','Chad',190,'2019-12-19 04:14:07'),(191,'f','1943-09-12','North Zenatown','Dominican Republic',191,'2018-05-12 07:58:58'),(192,'f','1983-10-28','Walkerfort','United Kingdom',192,'2016-05-22 20:42:05'),(193,'f','1966-06-28','Kierastad','Bahrain',193,'2012-04-09 12:42:27'),(194,'m','2004-04-13','Jacobiville','Saudi Arabia',194,'2016-08-31 21:15:58'),(195,'m','1930-06-22','South Melany','Fiji',195,'2012-03-16 06:57:57'),(196,'f','1939-03-28','Huelshaven','Argentina',196,'2018-10-02 17:22:24'),(197,'f','1962-12-22','New Darrell','Mauritania',197,'2011-04-08 03:42:34'),(198,'f','1984-04-08','North Davontemouth','Thailand',198,'2018-01-24 02:50:50'),(199,'f','1936-07-20','South Lioneltown','Antarctica (the territory South of 60 deg S)',199,'2011-12-27 12:55:22'),(200,'m','2012-06-10','South Jordyn','Monaco',200,'2015-09-30 14:59:35');
/*!40000 ALTER TABLE `profiles` ENABLE KEYS */;
UNLOCK TABLES;

--
-- Table structure for table `users`
--

DROP TABLE IF EXISTS `users`;
/*!40101 SET @saved_cs_client     = @@character_set_client */;
/*!50503 SET character_set_client = utf8mb4 */;
CREATE TABLE `users` (
  `id` int unsigned NOT NULL AUTO_INCREMENT,
  `first_name` varchar(100) CHARACTER SET utf8 COLLATE utf8_unicode_ci NOT NULL,
  `last_name` varchar(100) CHARACTER SET utf8 COLLATE utf8_unicode_ci NOT NULL,
  `email` varchar(120) CHARACTER SET utf8 COLLATE utf8_unicode_ci NOT NULL,
  `phone` varchar(120) CHARACTER SET utf8 COLLATE utf8_unicode_ci NOT NULL,
  `created_at` datetime DEFAULT CURRENT_TIMESTAMP,
  `updated_at` datetime DEFAULT CURRENT_TIMESTAMP ON UPDATE CURRENT_TIMESTAMP,
  PRIMARY KEY (`id`),
  UNIQUE KEY `email` (`email`),
  UNIQUE KEY `phone` (`phone`)
) ENGINE=InnoDB AUTO_INCREMENT=201 DEFAULT CHARSET=utf8 COLLATE=utf8_unicode_ci;
/*!40101 SET character_set_client = @saved_cs_client */;

--
-- Dumping data for table `users`
--

LOCK TABLES `users` WRITE;
/*!40000 ALTER TABLE `users` DISABLE KEYS */;
INSERT INTO `users` VALUES (1,'Ally','Sawayn','justen.lehner@example.net','00926209874','2017-01-29 22:28:43','2020-04-30 18:53:20'),(2,'Luis','Herzog','lemke.alana@example.org','030.044.7930','2019-08-22 14:19:48','2020-04-30 18:53:20'),(3,'Katrina','Rath','elangworth@example.com','03769513056','2011-07-15 04:26:04','2012-02-10 02:11:36'),(4,'Hilda','King','grant.elisabeth@example.net','120-650-4721x744','2016-11-06 19:06:57','2020-04-30 18:53:20'),(5,'Esperanza','Blick','nathaniel.wilderman@example.org','175.003.9426','2014-04-13 08:28:59','2016-12-05 23:49:56'),(6,'Lucy','Stark','jrempel@example.net','(383)716-9838','2018-08-01 10:01:43','2020-04-30 18:53:20'),(7,'Icie','McKenzie','kautzer.felipe@example.com','+52(0)2375842171','2011-10-11 21:28:13','2014-01-09 13:52:34'),(8,'Martina','Hettinger','moses52@example.net','02120150619','2018-05-04 07:41:00','2019-09-13 21:33:13'),(9,'Mara','Veum','jermaine27@example.org','914.128.6470','2016-07-04 06:38:38','2018-01-10 17:01:42'),(10,'Ken','Keeling','aturcotte@example.com','542-945-1142','2020-04-01 05:47:39','2020-04-30 18:53:20'),(11,'Arianna','Jacobi','strosin.julia@example.com','(209)381-3876x913','2018-05-08 10:28:19','2020-04-30 18:53:20'),(12,'Maudie','Brown','gaston74@example.org','(633)980-0242x81616','2010-07-26 18:17:04','2011-10-30 10:47:18'),(13,'Jose','Purdy','cmclaughlin@example.org','1-619-413-6346','2013-09-27 22:02:19','2016-05-18 19:57:36'),(14,'Kaci','Reichert','anika99@example.org','675-803-7101','2016-12-30 19:33:59','2018-02-09 14:58:18'),(15,'Helene','Rolfson','bcronin@example.com','1-676-360-6158x69954','2016-08-04 08:59:17','2016-11-29 06:24:26'),(16,'Effie','Parisian','edgardo.lindgren@example.net','(587)846-2753x191','2011-12-11 05:29:59','2020-04-30 18:53:20'),(17,'Earnestine','Schultz','cydney.kassulke@example.com','00554884300','2011-07-01 02:55:01','2017-09-27 21:30:50'),(18,'Marie','Halvorson','rgottlieb@example.com','008-570-7577x732','2019-08-07 22:09:43','2020-04-30 18:53:20'),(19,'Molly','Hand','oleannon@example.com','(668)728-6609x58093','2014-12-20 12:43:05','2020-01-30 16:35:34'),(20,'Susana','Hermiston','quinten.windler@example.net','03313136244','2012-08-10 07:00:37','2018-05-23 21:06:14'),(21,'Elizabeth','Torp','windler.donavon@example.net','176-128-7997','2013-07-29 10:48:49','2020-03-19 18:31:09'),(22,'Stanford','Lakin','dorian39@example.net','945.868.2644x55446','2017-11-10 23:16:28','2020-04-30 18:53:20'),(23,'Montana','Heathcote','connie79@example.net','00709266966','2019-10-22 15:36:30','2020-04-30 18:53:20'),(24,'Julius','Bartoletti','wilhelm38@example.net','450.289.1287x1875','2019-05-30 11:08:14','2020-04-30 18:53:20'),(25,'Lilliana','Ondricka','mallie.rowe@example.net','(060)905-4704x3310','2013-01-27 21:50:37','2013-02-15 13:19:20'),(26,'Ryann','Leuschke','elbert.hayes@example.org','+15(6)3771588356','2014-11-28 23:13:14','2019-11-10 05:25:40'),(27,'Tremayne','Beatty','rupert11@example.org','1-014-011-4118','2017-07-08 02:56:08','2020-04-30 18:53:20'),(28,'Savion','Blick','pasquale69@example.org','1-237-567-4154x6350','2019-04-13 05:30:36','2020-04-30 18:53:20'),(29,'Brant','Schinner','jerrod.o\'keefe@example.net','(032)314-9305x614','2017-02-01 05:12:36','2020-04-30 18:53:20'),(30,'Jeff','Feeney','rau.rose@example.org','(408)227-5831x82490','2019-06-30 06:57:01','2020-04-30 18:53:20'),(31,'Andreane','Abbott','tre.trantow@example.com','1-527-276-5523x78230','2016-10-14 18:46:40','2020-04-30 18:53:20'),(32,'Amari','Rowe','batz.hilton@example.com','659.070.5838x476','2016-11-13 18:52:11','2020-04-30 18:53:20'),(33,'Adelle','Senger','gleason.precious@example.com','1-147-376-4894x75985','2011-01-17 04:56:10','2018-01-28 05:02:24'),(34,'Joshuah','Ziemann','schmeler.maximillian@example.com','402.072.3349x49591','2018-09-03 20:24:46','2020-04-30 18:53:20'),(35,'Adaline','Lemke','hconnelly@example.com','(795)388-4188x916','2011-02-18 19:47:18','2014-04-06 14:32:10'),(36,'Dessie','Gislason','yundt.magnolia@example.net','03081061981','2015-07-26 18:35:40','2018-08-20 21:30:12'),(37,'Willa','Spinka','ycarroll@example.org','(716)887-1827x142','2014-08-08 08:53:37','2020-04-30 18:53:20'),(38,'Gabriella','Marks','bartell.lysanne@example.net','(188)289-1412x42214','2019-05-05 19:17:58','2020-04-30 18:53:20'),(39,'Alberto','Christiansen','joseph.baumbach@example.com','1-717-889-6866x502','2017-10-22 00:43:08','2020-04-30 18:53:20'),(40,'Efrain','Okuneva','jocelyn.upton@example.com','+82(9)2483460740','2019-03-08 21:52:24','2019-09-10 14:28:22'),(41,'Aiden','Bartell','dietrich.ellsworth@example.net','106-642-5929x34890','2014-04-19 20:04:51','2020-04-30 18:53:20'),(42,'Scot','Pagac','zita68@example.org','(629)604-1565x84870','2018-12-26 02:42:56','2020-04-30 18:53:20'),(43,'Mya','Sauer','adell71@example.com','00342006374','2013-04-18 06:56:55','2017-05-30 14:09:18'),(44,'Imani','Schroeder','gabe.kreiger@example.com','+77(9)4319464813','2017-11-30 01:18:13','2020-04-30 18:53:20'),(45,'Stewart','Yundt','aryanna.vandervort@example.org','(466)050-1649x01744','2013-08-09 13:46:58','2017-12-05 14:20:23'),(46,'Chadrick','Heidenreich','kcrist@example.net','(720)780-4580','2019-04-09 15:49:36','2020-04-30 18:53:20'),(47,'Electa','Dickens','rebekah15@example.org','(604)461-3867','2018-05-26 07:58:57','2020-01-24 04:46:23'),(48,'Gregg','Nicolas','ihahn@example.net','+21(9)9607566434','2013-03-30 03:24:36','2014-08-27 20:39:50'),(49,'Luciano','Kunde','lacey47@example.org','08661954239','2017-03-06 22:35:17','2017-10-09 17:25:57'),(50,'Jordy','Ferry','carroll.jessica@example.net','08594858461','2017-03-17 02:34:36','2020-04-30 18:53:20'),(51,'Maybell','Schinner','annabelle73@example.net','(480)467-1705x075','2011-08-12 05:55:48','2013-04-24 11:02:05'),(52,'Eryn','Daniel','luettgen.minnie@example.com','090.118.1622x219','2013-08-21 20:17:48','2016-05-19 23:06:55'),(53,'Gerard','Fadel','cassandra.gutmann@example.com','1-904-967-2712x3927','2011-10-30 04:53:41','2019-03-08 05:59:37'),(54,'Frieda','Flatley','beatty.misty@example.net','841-562-9889x437','2012-07-04 02:31:10','2016-02-04 05:17:36'),(55,'Archibald','Spencer','rempel.colin@example.com','1-805-839-6008x294','2019-04-12 18:27:14','2020-04-30 18:53:20'),(56,'Crystal','Larson','bernhard.hansen@example.org','931-725-1169x3676','2011-05-11 07:38:05','2017-08-22 21:43:36'),(57,'Corene','McGlynn','conroy.guiseppe@example.com','441-930-8498x77707','2019-05-18 11:46:24','2020-04-30 18:53:20'),(58,'Jose','Conn','thalia.sawayn@example.net','057.253.2799x04071','2020-04-21 08:02:40','2020-04-30 18:53:20'),(59,'Hayden','Turcotte','sschneider@example.org','1-299-031-1360x58773','2018-12-27 21:48:18','2020-04-30 18:53:20'),(60,'Jaclyn','Marks','brakus.marisol@example.net','(962)291-7761x0213','2017-12-12 16:36:56','2020-04-30 18:53:20'),(61,'Hillary','Boyle','dwest@example.com','01279590523','2019-01-04 22:08:40','2020-04-30 18:53:20'),(62,'Rosalind','Pacocha','vesta.rutherford@example.com','289.305.7828x6007','2019-01-17 23:42:16','2019-11-25 09:07:29'),(63,'Lennie','Frami','tpollich@example.com','(009)022-4735','2015-01-15 16:35:34','2020-04-30 18:53:20'),(64,'Dulce','Mraz','londricka@example.com','+11(3)2303941985','2010-05-24 05:41:37','2020-02-04 02:33:52'),(65,'Ursula','Okuneva','aracely15@example.com','08854274173','2017-01-01 14:49:35','2017-03-19 23:32:25'),(66,'Breanne','Gibson','felicita.smitham@example.com','640-504-0223','2011-11-10 13:45:37','2016-12-15 02:14:22'),(67,'Ole','Stroman','welch.vada@example.net','(490)917-7968','2011-12-04 05:52:34','2020-04-30 18:53:20'),(68,'Kenyon','Gleason','ralph38@example.org','949.971.9422','2012-06-09 11:20:34','2018-11-22 17:41:59'),(69,'Shyann','Robel','deontae79@example.com','1-086-705-6278','2011-12-20 11:53:33','2016-04-04 23:22:05'),(70,'Linda','Tromp','elmore17@example.org','155-811-1590x6997','2014-10-25 21:15:48','2019-02-20 06:45:42'),(71,'Marty','Moore','rosetta88@example.com','097-082-8959x2834','2012-04-05 05:03:53','2014-11-28 20:28:30'),(72,'Thomas','Lynch','linnea56@example.net','(117)945-1254','2010-11-06 15:33:31','2019-12-13 17:59:01'),(73,'Ross','Howell','davis.teagan@example.com','481-434-9027','2014-12-03 03:28:46','2020-04-30 18:53:20'),(74,'Susie','Powlowski','chadrick.roberts@example.com','582.182.1441','2012-12-08 00:49:36','2018-01-13 07:47:07'),(75,'Caterina','Cole','kohler.alisa@example.net','(739)543-7700x9798','2017-07-07 23:15:24','2020-04-30 18:53:20'),(76,'Harvey','Ziemann','gutkowski.laurence@example.org','(988)155-7560','2018-05-18 22:39:28','2020-04-30 18:53:20'),(77,'Emory','Lakin','schroeder.mafalda@example.com','(855)751-3425','2016-09-07 02:11:27','2020-04-18 08:54:30'),(78,'Khalil','Bashirian','heathcote.jayne@example.org','106.178.9901x718','2011-04-05 15:21:26','2020-04-30 18:53:20'),(79,'Caroline','Leuschke','karl.nitzsche@example.org','(166)336-8606','2016-07-09 07:11:34','2017-03-07 00:40:35'),(80,'Shea','Wilkinson','kemmer.barney@example.net','022.737.7844','2015-04-28 00:52:16','2020-04-30 18:53:20'),(81,'Jamar','Mayer','ray.treutel@example.org','09819970655','2014-01-19 13:00:53','2020-04-30 18:53:20'),(82,'Roosevelt','Hansen','beatty.kurtis@example.org','05720611813','2015-06-26 16:23:11','2017-03-02 06:20:52'),(83,'D\'angelo','Boehm','blick.martin@example.com','653.010.9105','2011-10-16 15:08:57','2015-04-03 10:29:03'),(84,'Adolph','Cruickshank','ena.mayer@example.com','01688385103','2018-10-30 19:41:56','2020-04-30 18:53:20'),(85,'Nathanial','Armstrong','ocie95@example.com','(755)293-3684x8089','2017-03-29 02:55:11','2020-04-30 18:53:20'),(86,'Minnie','Labadie','gparisian@example.net','980.175.2518x057','2017-08-06 18:08:41','2020-04-30 18:53:20'),(87,'Maryse','Tremblay','bartholome.bartoletti@example.net','05593482711','2015-05-01 23:40:30','2020-04-30 18:53:20'),(88,'Juliet','Rath','lazaro82@example.com','603-140-9893','2010-11-18 01:24:38','2013-11-03 21:00:26'),(89,'Allan','Wiegand','jada14@example.net','946-240-8614x086','2018-06-25 02:58:24','2020-04-30 18:53:20'),(90,'Oda','Skiles','javonte.roob@example.net','+86(8)0577917269','2017-02-19 01:22:42','2020-04-30 18:53:20'),(91,'Ernesto','Conroy','legros.dianna@example.net','556.302.7340','2015-09-09 14:11:38','2016-04-06 19:35:09'),(92,'Savanah','Deckow','owitting@example.com','+95(4)3458384735','2018-10-12 20:19:28','2020-04-30 18:53:20'),(93,'Zoila','Heller','katherine.gutkowski@example.org','064.247.1752x1191','2015-05-23 05:54:14','2017-01-08 14:11:19'),(94,'Catherine','Kshlerin','volkman.willa@example.com','06206138882','2012-11-26 13:16:34','2019-07-01 12:24:15'),(95,'Ova','Yundt','ron.hessel@example.com','1-638-802-9238','2019-05-16 13:37:34','2020-04-30 18:53:20'),(96,'Fabiola','Jenkins','rbeer@example.com','552.480.3078x822','2019-06-13 17:33:52','2020-04-30 18:53:20'),(97,'Milo','Beatty','irma.sauer@example.org','476.433.1347x5656','2017-02-12 10:04:24','2020-04-30 18:53:20'),(98,'Rasheed','Jacobson','mack.hahn@example.com','681.355.3741x57190','2012-11-17 17:51:32','2018-02-07 17:55:16'),(99,'Randi','Jones','qsmitham@example.org','+57(5)9132628951','2019-05-10 11:06:17','2020-04-30 18:53:20'),(100,'Pedro','Bayer','qkessler@example.com','1-890-336-6453x034','2012-11-27 18:48:24','2020-04-30 18:53:20'),(101,'Ellie','Schaefer','onie52@example.com','781.665.3925x64664','2010-06-05 18:31:15','2017-02-23 08:21:08'),(102,'Nicholaus','Koelpin','jodie.leuschke@example.net','(849)986-5880','2016-01-14 03:35:00','2020-04-30 18:53:20'),(103,'Janessa','Mraz','celine.weber@example.net','096.272.8833','2017-01-01 10:47:00','2020-04-30 18:53:20'),(104,'Kayla','Emard','darrick.spencer@example.com','524-582-9097x98385','2015-07-29 12:33:21','2018-09-08 17:27:39'),(105,'Demarco','Gorczany','abshire.selmer@example.com','(214)664-3224x6070','2016-11-17 04:58:29','2018-09-02 20:26:44'),(106,'Christine','Kertzmann','carissa30@example.com','1-463-821-5443x565','2015-05-16 00:46:50','2020-04-30 18:53:20'),(107,'Freddie','Conn','ole.schiller@example.org','1-410-064-3472x748','2018-05-04 16:18:26','2020-04-30 18:53:20'),(108,'Christop','Herman','justyn.ritchie@example.com','1-751-738-2734x89350','2016-09-05 06:00:34','2020-04-30 18:53:20'),(109,'Bo','Pfannerstill','gbruen@example.net','09907129313','2013-11-16 05:46:26','2018-08-13 06:54:31'),(110,'Bennie','Reichert','friedrich56@example.net','436.181.2084x3547','2019-12-25 17:11:34','2020-04-30 18:53:20'),(111,'Alexandro','Kris','trudie12@example.net','164-392-0009','2010-10-18 23:26:00','2014-06-19 19:26:54'),(112,'Magnolia','Armstrong','era75@example.net','(306)489-4754','2017-07-16 08:32:34','2020-04-30 18:53:20'),(113,'Halie','Rohan','laverne19@example.org','1-594-689-7588','2017-02-05 12:20:58','2018-12-22 08:34:41'),(114,'Keely','Wolff','balistreri.aleen@example.com','000.698.2537x29764','2016-09-21 08:25:05','2017-07-06 13:47:53'),(115,'Frank','Volkman','zella68@example.org','238-107-2737x518','2018-09-03 23:27:22','2020-04-30 18:53:20'),(116,'Adrianna','Kunde','coby.okuneva@example.net','1-676-611-6436x82133','2015-06-29 10:43:47','2019-12-20 16:54:12'),(117,'Aubree','Romaguera','jacobi.maybell@example.org','+26(8)7040822197','2010-06-14 22:40:18','2019-12-31 16:54:01'),(118,'Alek','Corwin','jacobs.zachary@example.com','(488)843-7629x4272','2017-07-15 19:20:55','2020-04-30 18:53:20'),(119,'Wyman','Brakus','arvid94@example.net','324-856-2673x584','2012-04-21 04:47:25','2014-06-08 22:52:41'),(120,'Timmy','Runolfsson','franecki.andres@example.com','1-380-956-7734','2014-06-06 14:00:51','2015-01-17 08:10:29'),(121,'Chadd','Sporer','reichert.tom@example.net','04182460311','2017-09-13 08:12:01','2020-04-30 18:53:20'),(122,'Kian','Adams','coby10@example.net','09499806512','2012-04-15 04:57:52','2013-10-24 07:14:37'),(123,'German','Waelchi','eherman@example.net','479.276.2818x6091','2015-04-16 11:25:28','2020-04-30 18:53:20'),(124,'Rosario','Wyman','carlee02@example.net','679.640.7443','2011-08-29 01:43:05','2020-04-30 18:53:20'),(125,'Camryn','Walker','effertz.anibal@example.net','566-457-4358x49070','2018-11-28 02:15:40','2020-04-30 18:53:20'),(126,'Providenci','Stanton','ajerde@example.com','390.483.6883x85327','2016-07-27 01:06:08','2020-04-30 18:53:20'),(127,'Cielo','Hilll','loma.gaylord@example.net','341-393-9010','2017-01-01 17:21:11','2020-04-30 18:53:20'),(128,'Hildegard','Williamson','evelyn.miller@example.org','210-637-9288x20874','2019-01-28 00:31:56','2020-04-30 18:53:20'),(129,'Elnora','Cartwright','terrence52@example.net','548-678-3410x1584','2017-08-24 09:02:03','2020-04-30 18:53:20'),(130,'Hadley','Cremin','creola.rodriguez@example.com','964.148.5141x27945','2013-03-06 06:26:05','2020-04-30 18:53:20'),(131,'Amely','Conroy','frederik.beer@example.net','(211)396-5749','2012-06-17 12:23:58','2016-04-26 21:27:48'),(132,'Matilda','Fahey','holson@example.com','+27(5)3962282851','2018-05-07 12:25:20','2020-04-30 18:53:20'),(133,'Helene','Larkin','uolson@example.com','300.555.2711','2012-02-02 05:48:19','2020-04-30 18:53:20'),(134,'Jovani','McGlynn','cummings.thad@example.org','1-793-968-8220x060','2013-01-09 14:30:56','2019-12-28 14:15:31'),(135,'Emanuel','Lehner','gottlieb.johnny@example.net','1-518-009-6233','2017-05-08 00:28:30','2020-04-30 18:53:20'),(136,'Maximo','Moore','deanna.legros@example.com','+41(0)5170824656','2015-05-30 07:42:59','2019-07-12 15:47:53'),(137,'Shaun','Smitham','steuber.anderson@example.org','146.024.2862','2015-10-12 11:16:05','2020-04-30 18:53:20'),(138,'Juvenal','Metz','reichert.beryl@example.org','+70(2)2204498399','2011-07-20 07:30:13','2020-04-30 18:53:20'),(139,'Austin','Goldner','tabitha96@example.com','(085)112-8382x434','2013-05-10 21:38:20','2015-02-07 15:47:19'),(140,'Marianne','Robel','bdietrich@example.org','058.210.3085','2010-12-12 21:04:49','2020-03-12 19:43:43'),(141,'Emmalee','Hansen','yjakubowski@example.net','527.277.6659','2015-11-20 03:09:41','2020-04-30 18:53:20'),(142,'Alexane','Kling','sydnie.ortiz@example.net','(385)953-2190x0057','2013-08-13 13:51:04','2019-08-21 18:28:06'),(143,'Salma','Schinner','sabina.jast@example.com','166-965-2787','2011-09-02 10:00:45','2017-04-13 18:04:20'),(144,'Aaron','Hirthe','xjerde@example.org','(563)896-6782','2017-10-30 15:51:49','2020-04-30 18:53:20'),(145,'Ignacio','Auer','raegan.cronin@example.net','1-299-169-1036','2016-05-29 11:12:58','2020-04-30 18:53:20'),(146,'Eric','Hettinger','myron96@example.com','1-729-039-5687x9918','2018-04-14 11:03:23','2020-04-30 18:53:20'),(147,'Robin','Fay','istamm@example.com','692.247.2484x939','2015-09-25 00:41:00','2020-04-30 18:53:20'),(148,'Travis','Heaney','ydenesik@example.net','616.086.3569','2015-12-11 11:58:40','2016-02-28 20:29:57'),(149,'Tabitha','Wolff','stephania.ankunding@example.com','423.799.5001x49781','2014-10-08 00:10:33','2020-04-30 18:53:20'),(150,'Enoch','Shanahan','katlyn.west@example.net','705.709.5383x89753','2013-01-29 13:07:09','2013-09-03 06:26:40'),(151,'Vinnie','Kulas','schmitt.camryn@example.net','1-899-321-8013x2790','2011-06-13 10:58:17','2013-08-10 02:26:03'),(152,'Viva','Fisher','hpfannerstill@example.net','1-891-364-4935','2011-09-06 18:27:00','2014-05-23 14:49:32'),(153,'Ubaldo','Kshlerin','skiles.bernita@example.net','655-877-9554','2013-10-06 10:17:57','2016-04-27 07:19:26'),(154,'Tracey','Williamson','constantin.douglas@example.org','357-419-1219x374','2012-03-03 02:39:45','2014-03-14 15:39:34'),(155,'Michaela','Buckridge','yost.amina@example.com','183-797-1012x418','2012-05-29 22:51:31','2016-04-01 09:24:54'),(156,'Jason','Stiedemann','serena.pouros@example.net','435-415-4012','2010-12-16 14:43:54','2016-08-19 09:57:39'),(157,'Austen','Hagenes','jeffry62@example.com','106-081-7492x299','2016-11-27 16:46:52','2020-04-30 18:53:20'),(158,'Zack','Volkman','kuhic.anais@example.net','+60(8)8396222593','2011-02-21 07:40:32','2018-04-06 08:39:49'),(159,'Lorenzo','Kozey','stracke.aiden@example.org','707-768-4190','2014-06-15 07:37:23','2016-12-15 20:01:18'),(160,'Anita','Ziemann','ernser.emanuel@example.org','1-533-396-5621x217','2010-09-13 09:17:34','2019-06-22 16:01:54'),(161,'Telly','Kuphal','durward30@example.com','824.406.6374x9923','2020-01-04 01:47:34','2020-04-30 18:53:20'),(162,'Nikolas','Block','hirthe.emmitt@example.com','084.465.4463','2012-01-05 09:13:06','2018-09-07 12:30:16'),(163,'Rosanna','Kuhn','zcole@example.org','+54(0)6784115105','2014-10-28 18:50:53','2020-04-30 18:53:20'),(164,'Diego','Keeling','zaria92@example.com','(518)104-6415x353','2018-10-12 11:22:12','2020-04-30 18:53:20'),(165,'Piper','Runolfsson','santina23@example.net','763.219.6361','2013-07-09 19:33:51','2014-02-10 06:06:53'),(166,'Loyce','Haley','lhirthe@example.net','664.929.9237x82711','2017-09-15 10:03:45','2020-04-30 18:53:20'),(167,'Gaston','Bernier','rosario.gaylord@example.com','531.147.8736x615','2010-11-03 10:53:46','2014-11-05 19:00:02'),(168,'Hadley','Cormier','santina42@example.net','486-820-3316','2015-08-19 00:24:09','2020-04-30 18:53:20'),(169,'Gerardo','Keebler','icarroll@example.org','08845422227','2020-03-24 10:57:50','2020-04-30 18:53:20'),(170,'Jodie','Ondricka','welch.luisa@example.net','(419)116-1614x0186','2016-03-08 14:28:38','2020-04-30 18:53:20'),(171,'Haleigh','Lynch','colin97@example.net','400.931.4744x79457','2019-02-18 18:04:22','2020-04-30 18:53:20'),(172,'Benedict','Baumbach','tevin.d\'amore@example.org','1-905-488-8301x76236','2013-01-13 21:12:34','2017-11-29 08:00:23'),(173,'Jack','Rohan','bstamm@example.net','(133)674-3303x4939','2013-06-02 03:48:26','2018-04-28 16:16:45'),(174,'Hillary','Wiza','dalton47@example.org','1-105-830-8161','2012-10-20 07:17:48','2018-10-12 21:24:03'),(175,'Amir','Berge','marcos84@example.org','+34(5)6151044380','2015-08-16 16:17:19','2020-04-30 18:53:20'),(176,'Jamie','Jakubowski','mohamed.auer@example.com','(729)204-7928x996','2016-12-28 08:32:04','2020-04-30 18:53:20'),(177,'Annette','Bernier','kutch.elmore@example.com','325-466-1302x4470','2011-04-05 00:57:40','2015-06-25 18:54:09'),(178,'Amir','Nikolaus','kendra.bogan@example.org','634.012.2994x249','2014-07-28 17:45:19','2018-05-29 17:14:21'),(179,'Diego','O\'Reilly','floy95@example.org','643.837.6606','2015-04-23 03:48:12','2020-04-30 18:53:20'),(180,'Maritza','Smith','demetrius57@example.com','1-617-942-9324x27908','2019-04-22 22:12:54','2020-04-30 18:53:20'),(181,'Andrew','Rempel','ukiehn@example.com','(068)158-1818x672','2018-09-16 11:11:03','2019-10-20 04:31:19'),(182,'Oma','Kunze','jebert@example.net','05843253628','2017-11-05 19:28:25','2020-04-30 18:53:20'),(183,'Lafayette','Kulas','istreich@example.org','(059)962-6175x5808','2011-01-05 00:56:04','2016-08-11 07:04:03'),(184,'Nathan','Greenholt','fherzog@example.com','560.150.3189','2016-09-22 00:04:56','2020-04-30 18:53:20'),(185,'Cleora','Franecki','jakubowski.linwood@example.org','(265)785-0235','2013-10-18 19:56:44','2018-07-15 06:43:19'),(186,'Cierra','Jones','xrenner@example.org','05568728520','2019-10-25 06:03:51','2020-03-31 07:54:26'),(187,'Justyn','Glover','jamir.witting@example.com','04931279282','2016-10-07 14:56:10','2017-03-26 08:43:12'),(188,'Moshe','Hahn','cartwright.roderick@example.org','+46(9)6148941939','2019-02-11 07:22:07','2020-04-30 18:53:20'),(189,'Sean','Reichert','jerad.rippin@example.net','02638418371','2011-05-05 18:28:40','2018-12-22 14:11:58'),(190,'Jovany','Lesch','feichmann@example.net','(249)027-4126','2017-12-18 21:58:28','2020-04-30 18:53:20'),(191,'Simone','Cruickshank','pstanton@example.com','1-516-413-9296','2019-05-05 18:07:21','2020-02-20 19:51:52'),(192,'Angelina','Hand','destini.kulas@example.com','05524526360','2019-09-01 19:30:24','2020-04-30 18:53:20'),(193,'Napoleon','Considine','nicolas.tom@example.net','780-367-0262','2013-01-22 05:05:19','2017-12-16 03:40:29'),(194,'Aric','Harber','athena.torp@example.com','05048234796','2013-04-06 20:05:03','2020-04-30 18:53:20'),(195,'Margie','Dare','lesch.helen@example.com','945.621.0165x7927','2012-11-02 15:25:58','2020-04-30 18:53:20'),(196,'Abe','Johns','weldon48@example.org','1-819-798-9527x824','2011-09-11 14:49:54','2013-02-25 02:35:54'),(197,'Jeanette','Bayer','halie.bahringer@example.com','1-476-884-3019x8236','2018-04-23 17:26:36','2020-04-30 18:53:20'),(198,'Rossie','Paucek','jay74@example.org','049-905-7219','2018-03-02 13:48:51','2020-04-30 18:53:20'),(199,'Ryann','O\'Conner','bette59@example.com','(079)357-0232','2012-02-19 12:16:37','2020-04-30 18:53:20'),(200,'Bertha','Green','iwolf@example.org','227.480.9437x55896','2013-04-19 14:53:33','2020-04-30 18:53:20');
/*!40000 ALTER TABLE `users` ENABLE KEYS */;
UNLOCK TABLES;
/*!40103 SET TIME_ZONE=@OLD_TIME_ZONE */;

/*!40101 SET SQL_MODE=@OLD_SQL_MODE */;
/*!40014 SET FOREIGN_KEY_CHECKS=@OLD_FOREIGN_KEY_CHECKS */;
/*!40014 SET UNIQUE_CHECKS=@OLD_UNIQUE_CHECKS */;
/*!40101 SET CHARACTER_SET_CLIENT=@OLD_CHARACTER_SET_CLIENT */;
/*!40101 SET CHARACTER_SET_RESULTS=@OLD_CHARACTER_SET_RESULTS */;
/*!40101 SET COLLATION_CONNECTION=@OLD_COLLATION_CONNECTION */;
/*!40111 SET SQL_NOTES=@OLD_SQL_NOTES */;

-- Dump completed on 2020-05-01  3:38:23
