-- MySQL dump 10.13  Distrib 8.0.19, for Linux (x86_64)
--
-- Host: localhost    Database: vk
-- ------------------------------------------------------
-- Server version	8.0.19

/*!40101 SET @OLD_CHARACTER_SET_CLIENT=@@CHARACTER_SET_CLIENT */;
/*!40101 SET @OLD_CHARACTER_SET_RESULTS=@@CHARACTER_SET_RESULTS */;
/*!40101 SET @OLD_COLLATION_CONNECTION=@@COLLATION_CONNECTION */;
/*!50503 SET NAMES utf8mb4 */;
/*!40103 SET @OLD_TIME_ZONE=@@TIME_ZONE */;
/*!40103 SET TIME_ZONE='+00:00' */;
/*!40014 SET @OLD_UNIQUE_CHECKS=@@UNIQUE_CHECKS, UNIQUE_CHECKS=0 */;
/*!40014 SET @OLD_FOREIGN_KEY_CHECKS=@@FOREIGN_KEY_CHECKS, FOREIGN_KEY_CHECKS=0 */;
/*!40101 SET @OLD_SQL_MODE=@@SQL_MODE, SQL_MODE='NO_AUTO_VALUE_ON_ZERO' */;
/*!40111 SET @OLD_SQL_NOTES=@@SQL_NOTES, SQL_NOTES=0 */;

--
-- Table structure for table `communities`
--

DROP TABLE IF EXISTS `communities`;
/*!40101 SET @saved_cs_client     = @@character_set_client */;
/*!50503 SET character_set_client = utf8mb4 */;
CREATE TABLE `communities` (
  `id` int unsigned NOT NULL AUTO_INCREMENT,
  `name` varchar(150) CHARACTER SET utf8 COLLATE utf8_unicode_ci NOT NULL,
  PRIMARY KEY (`id`),
  UNIQUE KEY `name` (`name`)
) ENGINE=InnoDB AUTO_INCREMENT=51 DEFAULT CHARSET=utf8 COLLATE=utf8_unicode_ci;
/*!40101 SET character_set_client = @saved_cs_client */;

--
-- Dumping data for table `communities`
--

LOCK TABLES `communities` WRITE;
/*!40000 ALTER TABLE `communities` DISABLE KEYS */;
INSERT INTO `communities` VALUES (4,'dolor'),(8,'dolores'),(9,'ducimus'),(2,'ea'),(5,'est'),(15,'et'),(14,'hic'),(17,'ipsam'),(16,'magni'),(13,'molestias'),(12,'natus'),(3,'neque'),(18,'officiis'),(20,'pariatur'),(7,'qui'),(1,'sed'),(11,'totam'),(10,'ut'),(6,'voluptate'),(19,'voluptatum');
/*!40000 ALTER TABLE `communities` ENABLE KEYS */;
UNLOCK TABLES;

--
-- Table structure for table `communities_users`
--

DROP TABLE IF EXISTS `communities_users`;
/*!40101 SET @saved_cs_client     = @@character_set_client */;
/*!50503 SET character_set_client = utf8mb4 */;
CREATE TABLE `communities_users` (
  `community_id` int unsigned NOT NULL,
  `user_id` int unsigned NOT NULL,
  PRIMARY KEY (`community_id`,`user_id`),
  KEY `communities_users_user_id_fk` (`user_id`),
  CONSTRAINT `communities_users_community_id_fk` FOREIGN KEY (`community_id`) REFERENCES `communities` (`id`) ON DELETE CASCADE ON UPDATE CASCADE,
  CONSTRAINT `communities_users_user_id_fk` FOREIGN KEY (`user_id`) REFERENCES `users` (`id`) ON DELETE CASCADE ON UPDATE CASCADE
) ENGINE=InnoDB DEFAULT CHARSET=utf8 COLLATE=utf8_unicode_ci;
/*!40101 SET character_set_client = @saved_cs_client */;

--
-- Dumping data for table `communities_users`
--

LOCK TABLES `communities_users` WRITE;
/*!40000 ALTER TABLE `communities_users` DISABLE KEYS */;
INSERT INTO `communities_users` VALUES (20,1),(3,2),(6,3),(1,4),(6,5),(2,6),(18,7),(17,8),(7,9),(1,10),(16,11),(11,12),(17,13),(11,14),(18,15),(8,16),(8,17),(12,18),(18,19),(14,20),(16,21),(10,22),(15,23),(5,24),(11,25),(20,26),(5,27),(5,28),(2,29),(18,30),(9,31),(1,32),(13,33),(16,34),(17,35),(9,36),(4,37),(8,38),(7,39),(16,40),(13,41),(4,42),(18,43),(17,44),(10,45),(4,46),(13,47),(2,48),(4,49),(10,50),(8,51),(18,52),(20,53),(2,54),(16,55),(4,56),(3,57),(9,58),(14,59),(5,60),(10,61),(3,62),(8,63),(18,64),(16,65),(17,66),(10,67),(20,68),(18,69),(13,70),(8,71),(5,72),(3,73),(8,74),(6,75),(9,76),(1,77),(15,78),(9,79),(11,80),(11,81),(3,82),(14,83),(15,84),(2,85),(10,86),(20,87),(5,88),(2,89),(8,90),(4,91),(12,92),(20,93),(11,94),(11,95),(19,96),(1,97),(7,98),(10,99),(3,100),(19,101),(1,102),(20,103),(6,104),(2,105),(14,106),(20,107),(15,108),(10,109),(3,110),(20,111),(3,112),(9,113),(13,114),(3,115),(20,116),(5,117),(4,118),(12,119),(20,120),(10,121),(13,122),(7,123),(4,124),(15,125),(6,126),(12,127),(18,128),(16,129),(1,130),(10,131),(12,132),(11,133),(10,134),(18,135),(20,136),(8,137),(1,138),(12,139),(12,140),(20,141),(9,142),(6,143),(3,144),(4,145),(1,146),(6,147),(5,148),(14,149),(3,150),(12,151),(10,152),(20,153),(5,154),(2,155),(16,156),(12,157),(6,158),(6,159),(17,160),(10,161),(5,162),(20,163),(11,164),(7,165),(10,166),(13,167),(18,168),(6,169),(4,170),(8,171),(11,172),(5,173),(17,174),(17,175),(1,176),(16,177),(8,178),(13,179),(10,180),(14,181),(10,182),(14,183),(1,184),(5,185),(13,186),(18,187),(10,188),(10,189),(14,190),(9,191),(9,192),(11,193),(20,194),(7,195),(7,196),(8,197),(4,198),(3,199),(5,200);
/*!40000 ALTER TABLE `communities_users` ENABLE KEYS */;
UNLOCK TABLES;

--
-- Table structure for table `friendship`
--

DROP TABLE IF EXISTS `friendship`;
/*!40101 SET @saved_cs_client     = @@character_set_client */;
/*!50503 SET character_set_client = utf8mb4 */;
CREATE TABLE `friendship` (
  `user_id` int unsigned NOT NULL,
  `friend_id` int unsigned NOT NULL,
  `status_id` int unsigned NOT NULL,
  `requested_at` datetime DEFAULT CURRENT_TIMESTAMP,
  `confirmet_at` datetime DEFAULT NULL,
  PRIMARY KEY (`user_id`,`friend_id`),
  KEY `friendship_friend_id_fk` (`friend_id`),
  KEY `friendship_status_id_fk` (`status_id`),
  CONSTRAINT `friendship_friend_id_fk` FOREIGN KEY (`friend_id`) REFERENCES `users` (`id`) ON DELETE CASCADE ON UPDATE CASCADE,
  CONSTRAINT `friendship_status_id_fk` FOREIGN KEY (`status_id`) REFERENCES `friendship_statuses` (`id`) ON DELETE CASCADE ON UPDATE CASCADE,
  CONSTRAINT `friendship_user_id_fk` FOREIGN KEY (`user_id`) REFERENCES `users` (`id`) ON DELETE CASCADE ON UPDATE CASCADE
) ENGINE=InnoDB DEFAULT CHARSET=utf8 COLLATE=utf8_unicode_ci;
/*!40101 SET character_set_client = @saved_cs_client */;

--
-- Dumping data for table `friendship`
--

LOCK TABLES `friendship` WRITE;
/*!40000 ALTER TABLE `friendship` DISABLE KEYS */;
INSERT INTO `friendship` VALUES (2,9,1,'2012-11-30 05:04:42','2020-04-30 19:34:50'),(2,164,3,'2019-07-15 04:10:30','2020-04-30 19:34:50'),(4,155,2,'2011-05-03 22:42:01','2020-03-11 11:24:08'),(6,97,2,'2015-02-06 23:15:42','2020-04-30 19:34:50'),(6,165,2,'2015-11-27 14:37:08','2020-04-30 19:34:50'),(8,143,2,'2019-05-28 12:32:13','2020-04-30 19:34:50'),(12,42,2,'2018-08-03 02:32:44','2020-04-30 19:34:50'),(15,183,1,'2013-03-10 07:32:08','2019-06-26 18:22:09'),(20,46,2,'2014-02-21 13:25:05','2017-05-14 17:30:55'),(21,36,3,'2010-12-05 22:30:45','2014-01-02 20:33:13'),(24,15,3,'2015-06-03 00:06:09','2017-11-16 23:49:41'),(25,46,3,'2018-04-21 05:14:08','2020-04-30 19:34:50'),(25,92,2,'2012-05-24 21:32:41','2020-04-30 19:34:50'),(26,191,1,'2020-02-27 00:55:43','2020-04-30 19:34:50'),(27,108,2,'2016-02-04 11:35:18','2020-04-30 19:34:50'),(28,52,3,'2016-01-19 15:54:09','2020-01-11 20:58:25'),(31,71,3,'2012-08-21 15:16:50','2018-04-04 05:59:30'),(32,18,2,'2019-10-29 03:23:39','2020-04-30 19:34:50'),(32,107,1,'2018-06-03 13:26:12','2020-04-30 19:34:50'),(32,144,3,'2019-12-17 13:13:22','2020-04-30 19:34:50'),(36,46,3,'2014-08-21 04:42:04','2017-06-16 21:50:06'),(39,162,1,'2016-11-01 02:42:31','2019-01-28 10:19:57'),(40,15,2,'2011-07-13 07:57:19','2012-12-28 11:10:11'),(40,76,1,'2016-09-30 19:51:17','2020-04-30 19:34:50'),(40,171,3,'2018-05-18 02:57:48','2018-08-08 16:19:46'),(41,200,2,'2016-01-15 07:34:34','2020-04-30 19:34:50'),(45,195,1,'2016-12-06 12:19:55','2020-04-30 19:34:50'),(46,114,3,'2014-02-28 11:32:18','2019-08-14 11:44:43'),(51,132,3,'2017-01-25 21:30:20','2020-03-08 20:05:58'),(56,159,2,'2016-03-15 17:35:00','2020-04-30 19:34:50'),(61,74,2,'2012-08-10 13:38:08','2014-01-22 17:40:23'),(61,90,1,'2014-03-03 22:08:42','2020-04-30 19:34:50'),(62,163,3,'2018-04-12 16:28:34','2018-06-02 15:33:20'),(64,138,1,'2019-01-28 15:47:51','2020-04-30 19:34:50'),(65,73,3,'2019-03-14 08:57:42','2020-04-30 19:34:50'),(65,110,3,'2012-12-05 10:07:43','2020-04-30 19:34:50'),(66,16,3,'2016-07-30 12:41:54','2020-04-30 19:34:50'),(66,60,2,'2016-01-24 09:05:08','2020-04-30 19:34:50'),(67,46,1,'2013-01-10 13:38:36','2020-04-30 19:34:50'),(68,189,1,'2016-03-31 22:22:41','2020-04-30 19:34:50'),(69,10,1,'2013-04-17 13:29:13','2016-07-09 09:58:19'),(71,2,2,'2011-05-26 22:55:41','2020-04-30 19:34:50'),(76,6,1,'2015-07-23 13:20:16','2020-04-30 19:34:50'),(77,68,2,'2014-06-06 01:42:23','2020-04-30 19:34:50'),(78,188,1,'2016-10-04 17:37:21','2020-04-30 19:34:50'),(83,184,3,'2015-07-30 05:23:57','2019-12-20 07:01:14'),(84,170,3,'2017-05-20 07:44:42','2020-04-30 19:34:50'),(88,194,1,'2011-10-19 13:37:48','2013-09-18 22:25:18'),(89,18,3,'2016-09-09 01:07:21','2016-12-04 06:21:32'),(89,81,3,'2019-01-05 07:47:13','2020-04-30 19:34:50'),(90,166,1,'2012-02-28 17:14:04','2020-04-30 19:34:50'),(95,150,3,'2012-04-23 04:52:20','2015-10-21 15:38:40'),(97,71,2,'2018-09-06 23:28:11','2020-04-30 19:34:50'),(98,52,3,'2014-03-04 07:20:26','2015-04-16 23:00:01'),(101,125,1,'2015-02-09 06:33:24','2015-07-16 11:55:45'),(102,11,1,'2013-04-11 03:46:51','2015-11-06 12:56:51'),(105,121,2,'2020-02-11 14:06:41','2020-04-30 19:34:50'),(105,130,3,'2013-12-02 04:25:49','2015-11-02 08:14:01'),(106,81,1,'2017-03-01 14:54:09','2020-04-30 19:34:50'),(107,150,2,'2019-09-18 08:39:13','2020-04-30 19:34:50'),(107,171,3,'2019-04-28 13:00:20','2020-04-30 19:34:50'),(109,72,1,'2018-01-04 19:08:36','2020-04-30 19:34:50'),(117,76,3,'2013-01-04 10:44:53','2020-04-30 19:34:50'),(117,78,1,'2014-08-21 02:27:20','2020-04-30 19:34:50'),(121,32,2,'2016-12-11 03:29:46','2020-04-30 19:34:50'),(121,62,1,'2011-05-02 03:14:08','2018-04-24 19:28:25'),(121,65,1,'2019-01-12 23:04:47','2020-04-30 19:34:50'),(132,73,3,'2018-01-11 01:08:32','2020-04-30 19:34:50'),(133,107,1,'2011-02-01 04:50:08','2018-02-12 05:39:49'),(133,150,1,'2016-08-18 19:37:15','2020-04-30 19:34:50'),(137,44,1,'2016-12-25 01:07:26','2020-04-30 19:34:50'),(137,172,1,'2017-12-29 16:46:55','2020-04-30 19:34:50'),(139,174,1,'2019-07-16 00:01:57','2020-04-30 19:34:50'),(143,145,1,'2017-06-19 01:24:17','2018-10-31 02:49:54'),(147,150,2,'2012-03-03 19:49:16','2020-04-30 19:34:50'),(150,114,3,'2010-04-24 22:21:04','2020-02-17 20:47:15'),(151,104,1,'2015-07-18 15:01:28','2016-05-11 03:52:33'),(153,35,2,'2014-03-30 19:53:24','2015-02-15 03:12:37'),(153,118,2,'2020-02-14 17:50:36','2020-04-30 19:34:50'),(154,33,2,'2015-06-04 22:25:13','2020-04-30 19:34:50'),(159,157,1,'2019-03-07 17:47:24','2020-04-30 19:34:50'),(160,101,1,'2017-11-10 00:16:11','2020-04-30 19:34:50'),(161,139,3,'2016-12-20 21:29:41','2020-04-30 19:34:50'),(164,23,1,'2017-03-13 03:09:21','2020-04-30 19:34:50'),(167,22,3,'2013-04-12 16:03:01','2017-10-18 14:46:29'),(167,77,1,'2010-05-24 18:31:49','2018-01-08 22:37:48'),(168,22,2,'2014-09-27 11:30:38','2020-04-30 19:34:50'),(169,28,1,'2014-12-06 17:01:11','2020-04-30 19:34:50'),(171,42,3,'2017-03-03 17:29:07','2020-04-30 19:34:50'),(171,115,3,'2014-04-14 15:59:39','2020-04-30 19:34:50'),(173,111,1,'2018-09-21 09:20:11','2020-04-30 19:34:50'),(173,138,2,'2016-03-12 12:25:47','2020-04-30 19:34:50'),(176,66,2,'2010-12-16 06:43:51','2013-12-03 16:12:49'),(184,44,2,'2012-12-06 22:59:07','2015-06-03 22:54:23'),(189,2,2,'2015-08-30 09:36:59','2019-10-16 14:56:28'),(190,127,1,'2011-11-16 08:22:40','2012-08-19 14:12:04'),(193,71,1,'2014-05-14 04:32:09','2020-04-30 19:34:50'),(194,114,3,'2013-07-01 15:28:06','2016-07-22 12:58:18'),(196,71,2,'2013-02-15 04:42:50','2020-04-30 19:34:50'),(196,173,1,'2018-11-18 18:13:41','2020-04-30 19:34:50');
/*!40000 ALTER TABLE `friendship` ENABLE KEYS */;
UNLOCK TABLES;

--
-- Table structure for table `friendship_statuses`
--

DROP TABLE IF EXISTS `friendship_statuses`;
/*!40101 SET @saved_cs_client     = @@character_set_client */;
/*!50503 SET character_set_client = utf8mb4 */;
CREATE TABLE `friendship_statuses` (
  `id` int unsigned NOT NULL AUTO_INCREMENT,
  `name` varchar(150) CHARACTER SET utf8 COLLATE utf8_unicode_ci NOT NULL,
  PRIMARY KEY (`id`),
  UNIQUE KEY `name` (`name`)
) ENGINE=InnoDB AUTO_INCREMENT=4 DEFAULT CHARSET=utf8 COLLATE=utf8_unicode_ci;
/*!40101 SET character_set_client = @saved_cs_client */;

--
-- Dumping data for table `friendship_statuses`
--

LOCK TABLES `friendship_statuses` WRITE;
/*!40000 ALTER TABLE `friendship_statuses` DISABLE KEYS */;
INSERT INTO `friendship_statuses` VALUES (2,'Confirmed'),(3,'Rejected'),(1,'Requested');
/*!40000 ALTER TABLE `friendship_statuses` ENABLE KEYS */;
UNLOCK TABLES;

--
-- Table structure for table `likes`
--

DROP TABLE IF EXISTS `likes`;
/*!40101 SET @saved_cs_client     = @@character_set_client */;
/*!50503 SET character_set_client = utf8mb4 */;
CREATE TABLE `likes` (
  `id` int unsigned NOT NULL AUTO_INCREMENT,
  `user_id` int unsigned NOT NULL,
  `target_id` int unsigned NOT NULL,
  `target_type_id` int unsigned NOT NULL,
  `created_at` datetime DEFAULT CURRENT_TIMESTAMP,
  PRIMARY KEY (`id`),
  KEY `likes_user_id_fk` (`user_id`),
  KEY `likes_target_type_id_fk` (`target_type_id`),
  CONSTRAINT `likes_target_type_id_fk` FOREIGN KEY (`target_type_id`) REFERENCES `target_types` (`id`) ON DELETE CASCADE ON UPDATE CASCADE,
  CONSTRAINT `likes_user_id_fk` FOREIGN KEY (`user_id`) REFERENCES `users` (`id`) ON DELETE CASCADE ON UPDATE CASCADE
) ENGINE=InnoDB AUTO_INCREMENT=501 DEFAULT CHARSET=utf8mb4 COLLATE=utf8mb4_0900_ai_ci;
/*!40101 SET character_set_client = @saved_cs_client */;

--
-- Dumping data for table `likes`
--

LOCK TABLES `likes` WRITE;
/*!40000 ALTER TABLE `likes` DISABLE KEYS */;
INSERT INTO `likes` VALUES (1,115,132,4,'2017-01-21 18:19:27'),(2,18,76,4,'2019-07-21 04:17:28'),(3,129,105,4,'2013-11-17 09:55:41'),(4,15,29,4,'2016-01-18 05:02:41'),(5,169,25,2,'2011-05-28 03:22:06'),(6,93,70,3,'2017-11-03 11:09:17'),(7,10,69,1,'2015-06-21 19:57:55'),(8,15,73,1,'2011-04-21 13:51:13'),(9,137,97,2,'2016-06-08 02:26:43'),(10,160,41,3,'2011-11-29 01:35:05'),(11,198,9,2,'2011-10-15 19:24:24'),(12,82,78,1,'2020-04-22 09:43:18'),(13,137,100,3,'2010-07-29 06:25:28'),(14,166,185,2,'2010-08-31 06:20:51'),(15,140,28,4,'2020-01-31 07:53:44'),(16,123,70,3,'2013-01-26 14:37:52'),(17,178,112,3,'2019-11-06 00:09:15'),(18,96,76,3,'2013-06-13 06:59:26'),(19,100,4,2,'2019-02-01 00:06:27'),(20,169,197,4,'2017-02-04 01:53:08'),(21,176,159,4,'2011-02-02 01:50:00'),(22,98,109,2,'2019-10-04 21:33:46'),(23,123,160,1,'2015-03-19 22:34:20'),(24,81,34,4,'2016-10-09 02:08:18'),(25,162,90,1,'2010-11-02 15:32:37'),(26,169,63,1,'2016-02-19 16:18:12'),(27,136,32,1,'2017-11-03 03:20:15'),(28,99,108,4,'2020-04-24 03:43:04'),(29,115,153,4,'2016-12-27 23:20:04'),(30,164,132,2,'2013-08-01 19:41:42'),(31,61,200,3,'2014-11-09 05:28:04'),(32,86,9,3,'2012-11-16 22:04:09'),(33,188,133,1,'2016-10-17 11:40:30'),(34,132,60,3,'2011-03-16 04:45:42'),(35,167,70,1,'2017-10-04 13:18:09'),(36,61,123,4,'2013-06-05 07:54:35'),(37,97,46,1,'2019-06-30 03:13:32'),(38,69,81,3,'2017-06-10 12:29:29'),(39,22,32,2,'2011-01-30 09:08:51'),(40,131,158,4,'2012-08-18 01:00:14'),(41,105,101,1,'2015-08-06 06:42:16'),(42,26,198,1,'2013-11-17 10:43:19'),(43,179,75,1,'2016-09-05 23:02:26'),(44,154,125,3,'2019-12-12 16:37:02'),(45,92,35,3,'2011-09-14 15:27:12'),(46,171,186,4,'2012-03-31 13:08:43'),(47,65,119,2,'2011-05-15 22:21:19'),(48,173,155,3,'2016-03-27 02:21:37'),(49,41,168,3,'2017-03-14 06:56:10'),(50,28,105,2,'2016-03-06 09:36:06'),(51,80,28,1,'2016-06-22 08:00:54'),(52,132,167,1,'2015-07-11 23:40:36'),(53,15,138,2,'2015-04-12 20:57:38'),(54,69,58,4,'2013-01-11 23:46:45'),(55,87,188,2,'2013-04-14 02:07:21'),(56,147,98,3,'2017-12-10 03:16:38'),(57,142,26,3,'2013-07-01 20:29:35'),(58,156,121,4,'2019-04-03 07:42:38'),(59,129,85,3,'2013-11-16 04:47:33'),(60,158,80,2,'2016-03-27 19:10:54'),(61,56,168,2,'2015-09-18 15:30:03'),(62,108,157,1,'2015-03-01 16:20:57'),(63,132,58,2,'2015-10-29 03:13:31'),(64,27,166,3,'2018-05-22 08:13:56'),(65,2,86,4,'2012-10-23 23:06:32'),(66,148,26,4,'2012-06-06 03:59:19'),(67,21,141,1,'2010-12-13 08:54:08'),(68,1,76,2,'2016-10-27 17:37:42'),(69,29,178,3,'2016-07-18 21:03:05'),(70,108,136,4,'2013-05-16 08:25:14'),(71,193,51,1,'2010-11-28 01:32:07'),(72,59,163,2,'2014-08-16 08:08:09'),(73,137,10,3,'2014-12-20 02:09:51'),(74,196,177,2,'2011-10-14 05:35:30'),(75,113,123,4,'2013-06-04 11:08:48'),(76,66,196,4,'2020-04-11 04:41:15'),(77,136,162,4,'2014-04-15 17:05:51'),(78,12,69,3,'2019-12-27 00:11:33'),(79,116,38,3,'2018-12-21 15:45:20'),(80,194,48,4,'2017-11-28 09:15:51'),(81,89,20,1,'2012-10-28 11:44:12'),(82,68,58,3,'2018-04-17 11:48:29'),(83,139,138,1,'2013-03-02 13:51:02'),(84,162,86,3,'2016-08-10 02:49:58'),(85,196,153,2,'2018-10-29 20:54:58'),(86,174,125,3,'2019-08-19 04:21:49'),(87,73,41,1,'2013-05-03 01:33:57'),(88,101,163,4,'2011-04-20 06:29:38'),(89,60,191,4,'2013-06-24 01:16:46'),(90,49,151,2,'2013-02-08 05:32:18'),(91,15,65,4,'2011-12-22 01:42:47'),(92,18,154,3,'2013-09-26 22:34:38'),(93,123,61,1,'2020-01-25 00:39:57'),(94,200,83,3,'2013-10-30 09:11:10'),(95,52,155,4,'2012-07-15 14:14:52'),(96,33,105,1,'2016-12-16 16:05:51'),(97,198,103,1,'2018-11-19 21:34:11'),(98,137,63,4,'2012-07-06 11:45:22'),(99,67,182,3,'2016-01-11 21:14:37'),(100,15,193,1,'2014-12-04 11:41:54'),(101,140,192,2,'2016-01-13 10:36:45'),(102,37,194,1,'2012-03-30 04:45:50'),(103,109,145,2,'2018-07-23 00:45:02'),(104,4,102,1,'2017-10-23 19:46:46'),(105,134,102,1,'2017-08-16 00:48:13'),(106,16,31,4,'2016-08-11 22:00:14'),(107,23,139,1,'2018-10-18 05:09:09'),(108,34,176,2,'2019-12-11 22:48:32'),(109,168,198,2,'2015-01-01 10:29:11'),(110,29,39,3,'2015-08-29 18:34:23'),(111,87,56,2,'2011-12-20 22:18:27'),(112,164,151,2,'2014-12-03 16:03:27'),(113,199,57,4,'2020-04-24 19:43:52'),(114,163,118,3,'2019-03-12 08:14:09'),(115,54,75,1,'2012-12-26 04:31:36'),(116,46,58,1,'2015-05-24 11:44:37'),(117,150,175,3,'2016-07-23 05:04:37'),(118,60,127,1,'2015-06-11 03:14:00'),(119,196,186,1,'2018-08-08 09:13:45'),(120,176,187,2,'2020-04-06 05:11:04'),(121,186,149,1,'2015-10-21 19:26:38'),(122,101,90,4,'2010-07-22 23:33:56'),(123,169,12,2,'2017-01-26 21:32:21'),(124,45,124,4,'2011-01-15 03:56:48'),(125,164,155,3,'2010-11-22 08:03:59'),(126,196,91,2,'2011-09-04 08:29:59'),(127,1,108,1,'2020-02-01 06:38:23'),(128,74,57,1,'2019-10-06 21:13:39'),(129,84,4,1,'2018-08-29 01:25:34'),(130,190,100,4,'2016-10-21 10:40:32'),(131,19,91,1,'2012-12-02 14:57:18'),(132,196,49,3,'2014-12-18 22:13:08'),(133,33,71,1,'2015-09-21 09:27:50'),(134,84,49,2,'2016-01-11 10:54:54'),(135,61,116,4,'2012-10-12 00:56:12'),(136,130,9,2,'2014-12-21 23:28:17'),(137,65,128,4,'2015-02-13 06:09:31'),(138,106,180,2,'2018-05-02 09:27:29'),(139,174,60,3,'2017-11-10 19:31:17'),(140,49,30,2,'2019-02-17 21:44:45'),(141,99,119,4,'2016-05-13 00:12:31'),(142,148,97,4,'2017-04-30 01:00:05'),(143,114,194,1,'2014-02-15 09:38:20'),(144,18,68,2,'2015-10-24 15:08:45'),(145,46,69,1,'2013-06-13 22:36:34'),(146,149,127,4,'2012-05-11 11:37:12'),(147,107,53,1,'2011-01-05 08:56:09'),(148,3,89,2,'2011-06-23 11:26:06'),(149,51,36,4,'2013-11-15 00:17:48'),(150,165,163,4,'2014-05-18 10:23:46'),(151,16,163,1,'2011-05-08 16:32:02'),(152,124,200,3,'2012-01-26 09:01:33'),(153,195,141,1,'2012-08-14 06:37:37'),(154,163,184,4,'2012-04-12 19:10:16'),(155,153,19,3,'2018-12-05 17:37:17'),(156,4,80,2,'2011-12-24 00:19:58'),(157,24,139,2,'2017-02-09 01:11:05'),(158,106,42,1,'2010-06-13 06:08:11'),(159,57,96,1,'2013-04-26 11:23:47'),(160,187,183,3,'2018-06-16 10:59:25'),(161,84,101,2,'2012-04-16 13:35:08'),(162,129,103,4,'2010-05-08 03:24:10'),(163,13,124,3,'2016-02-26 05:54:06'),(164,172,91,1,'2010-06-01 02:28:16'),(165,118,8,3,'2020-01-23 22:47:13'),(166,169,18,3,'2019-08-27 09:19:45'),(167,76,123,2,'2016-05-30 11:03:55'),(168,107,87,4,'2011-01-08 02:33:31'),(169,17,195,1,'2018-09-19 16:05:34'),(170,161,159,4,'2015-09-22 03:09:58'),(171,23,8,2,'2018-09-11 04:17:59'),(172,108,190,2,'2015-08-19 13:56:38'),(173,97,184,4,'2010-11-07 23:00:39'),(174,135,145,3,'2016-02-15 04:50:00'),(175,150,81,3,'2019-08-27 13:19:58'),(176,78,72,2,'2014-07-07 08:25:23'),(177,80,81,3,'2014-12-03 18:51:57'),(178,59,3,1,'2010-11-03 05:06:33'),(179,3,185,3,'2011-03-18 02:34:09'),(180,45,42,2,'2012-01-14 03:37:32'),(181,24,147,2,'2016-01-12 21:40:15'),(182,177,73,2,'2010-10-04 17:09:44'),(183,103,116,4,'2015-03-25 07:07:06'),(184,47,84,4,'2013-12-31 02:27:59'),(185,52,157,2,'2010-09-06 19:15:26'),(186,156,44,1,'2017-04-21 20:20:00'),(187,190,193,4,'2018-08-12 20:54:53'),(188,180,130,2,'2019-12-04 06:29:23'),(189,72,1,2,'2013-07-06 17:40:56'),(190,193,56,4,'2018-12-01 17:18:19'),(191,40,23,1,'2012-11-06 15:11:30'),(192,142,49,4,'2015-02-21 16:45:57'),(193,102,58,4,'2013-10-22 05:44:52'),(194,5,127,2,'2014-03-05 10:07:25'),(195,157,181,2,'2015-11-26 19:18:25'),(196,167,119,3,'2018-12-27 05:12:04'),(197,165,10,1,'2019-05-20 08:55:07'),(198,71,175,3,'2010-10-23 16:27:35'),(199,35,71,4,'2019-08-06 11:50:15'),(200,48,56,1,'2014-07-19 14:12:27'),(201,191,96,4,'2020-04-28 05:12:11'),(202,35,167,4,'2011-08-13 13:42:55'),(203,133,101,3,'2016-04-12 13:10:44'),(204,45,188,2,'2016-01-16 02:41:40'),(205,103,24,4,'2011-09-26 05:12:24'),(206,55,70,1,'2018-02-18 12:31:10'),(207,175,19,4,'2012-06-09 10:46:45'),(208,70,102,3,'2010-08-27 09:05:17'),(209,82,49,1,'2011-01-25 12:43:40'),(210,142,142,2,'2011-02-14 11:29:04'),(211,62,161,4,'2016-01-03 08:28:52'),(212,57,65,2,'2010-06-28 20:55:29'),(213,74,7,1,'2013-04-29 22:09:10'),(214,4,166,1,'2015-08-13 08:14:13'),(215,143,13,2,'2012-10-24 06:40:52'),(216,117,15,4,'2014-02-25 21:53:12'),(217,86,65,1,'2012-02-19 06:24:28'),(218,161,96,2,'2017-09-19 13:11:06'),(219,2,43,1,'2019-11-08 12:21:14'),(220,16,176,3,'2013-10-04 01:36:33'),(221,134,159,1,'2019-10-20 15:46:22'),(222,145,4,1,'2018-08-08 00:34:53'),(223,59,181,2,'2018-11-21 06:39:36'),(224,127,20,3,'2019-01-23 04:44:14'),(225,98,98,3,'2020-03-28 08:19:52'),(226,136,10,2,'2011-03-20 04:02:34'),(227,68,76,3,'2018-01-21 13:23:03'),(228,200,196,4,'2018-08-11 14:51:53'),(229,33,60,2,'2012-08-01 03:21:13'),(230,66,37,4,'2013-01-25 01:05:29'),(231,117,144,2,'2017-11-18 02:04:59'),(232,165,78,3,'2015-12-09 00:20:13'),(233,155,2,3,'2018-09-23 06:16:38'),(234,137,194,3,'2014-05-28 16:23:51'),(235,115,68,1,'2020-02-03 10:55:56'),(236,163,99,2,'2016-07-14 16:42:00'),(237,170,89,2,'2017-05-14 06:20:40'),(238,174,133,3,'2016-08-31 16:23:58'),(239,62,20,3,'2019-08-09 03:42:10'),(240,46,167,3,'2018-12-15 03:41:59'),(241,188,117,1,'2012-08-27 12:53:54'),(242,63,29,4,'2014-10-02 19:48:48'),(243,34,16,1,'2017-11-12 12:35:33'),(244,60,75,4,'2017-06-23 09:23:09'),(245,87,181,3,'2017-11-23 14:35:48'),(246,191,122,4,'2018-04-30 21:07:40'),(247,157,9,1,'2015-01-08 09:59:41'),(248,166,53,4,'2011-09-20 15:35:58'),(249,148,92,1,'2013-12-21 07:36:29'),(250,45,148,2,'2015-04-14 23:46:07'),(251,9,115,1,'2013-01-05 17:13:28'),(252,166,5,4,'2019-09-26 15:03:09'),(253,188,13,1,'2013-08-29 16:06:39'),(254,60,100,3,'2012-08-03 23:43:50'),(255,30,77,4,'2019-09-02 14:34:52'),(256,88,193,2,'2011-01-31 14:28:56'),(257,16,120,3,'2014-05-23 15:24:25'),(258,20,79,3,'2019-08-12 10:50:25'),(259,30,119,4,'2012-04-13 22:17:13'),(260,145,119,3,'2014-01-13 02:30:50'),(261,172,170,3,'2012-12-25 14:37:58'),(262,184,184,2,'2013-11-25 10:08:59'),(263,200,179,2,'2017-10-10 18:42:15'),(264,103,46,3,'2017-06-16 15:41:18'),(265,146,98,3,'2014-11-29 16:09:28'),(266,153,59,1,'2013-06-25 10:26:52'),(267,99,82,1,'2020-04-08 16:05:41'),(268,62,156,4,'2020-03-10 01:44:59'),(269,40,45,2,'2017-07-19 02:56:15'),(270,57,7,2,'2016-01-19 08:05:43'),(271,150,121,4,'2013-06-27 15:47:01'),(272,122,89,2,'2017-06-30 14:26:05'),(273,106,42,1,'2011-06-21 02:27:45'),(274,36,54,4,'2019-08-17 20:46:50'),(275,121,28,2,'2017-09-16 23:05:43'),(276,116,88,3,'2013-03-02 21:55:58'),(277,120,135,3,'2012-08-17 21:54:29'),(278,135,117,1,'2020-04-08 13:47:12'),(279,2,92,1,'2012-12-10 15:02:50'),(280,33,97,1,'2016-09-30 18:53:22'),(281,78,13,2,'2014-07-07 08:59:13'),(282,66,184,1,'2011-11-21 23:58:11'),(283,94,74,2,'2018-08-23 17:52:54'),(284,76,58,3,'2018-09-11 20:30:39'),(285,67,98,4,'2015-05-09 09:59:33'),(286,45,161,1,'2014-08-11 04:13:18'),(287,103,142,2,'2013-02-01 18:15:21'),(288,77,178,4,'2014-04-10 15:59:21'),(289,71,72,2,'2012-06-16 08:32:08'),(290,92,7,4,'2012-06-13 15:59:53'),(291,51,66,2,'2013-11-05 07:51:46'),(292,160,129,2,'2013-12-31 08:54:56'),(293,111,168,4,'2019-09-16 17:43:55'),(294,31,81,4,'2012-11-30 00:09:46'),(295,140,47,2,'2013-05-08 21:50:41'),(296,139,42,3,'2011-08-04 17:01:00'),(297,141,140,4,'2014-08-11 18:56:47'),(298,55,196,3,'2014-09-09 05:10:26'),(299,136,178,3,'2010-07-09 13:19:57'),(300,78,136,3,'2014-06-27 00:34:40'),(301,39,193,3,'2013-01-08 09:18:21'),(302,37,197,4,'2017-10-16 20:09:09'),(303,177,200,1,'2018-10-26 23:53:35'),(304,170,67,3,'2019-07-17 07:31:29'),(305,180,81,4,'2020-04-22 02:40:25'),(306,190,178,1,'2017-09-04 04:55:22'),(307,152,142,1,'2010-06-28 19:34:32'),(308,39,98,1,'2015-08-21 13:41:48'),(309,199,59,1,'2011-05-28 09:49:13'),(310,192,48,4,'2013-06-08 15:01:49'),(311,114,164,4,'2019-06-05 19:52:58'),(312,9,36,4,'2017-05-12 15:50:08'),(313,89,43,2,'2013-11-23 20:36:00'),(314,93,46,3,'2010-09-14 08:58:04'),(315,85,194,2,'2019-10-21 23:05:23'),(316,2,180,1,'2016-10-17 23:22:27'),(317,63,197,2,'2010-06-21 21:53:12'),(318,54,157,2,'2016-07-25 13:14:50'),(319,55,181,2,'2018-02-05 19:21:07'),(320,6,16,1,'2012-03-21 20:54:38'),(321,120,192,3,'2012-10-22 01:42:04'),(322,172,186,2,'2011-02-28 13:19:41'),(323,27,117,1,'2013-10-08 04:50:35'),(324,88,189,3,'2014-09-21 03:43:08'),(325,110,87,2,'2019-04-05 22:14:52'),(326,132,46,3,'2017-09-03 11:23:37'),(327,147,141,1,'2019-08-10 23:35:40'),(328,168,101,4,'2010-06-21 22:53:00'),(329,38,86,3,'2015-12-10 03:00:54'),(330,17,22,3,'2010-06-30 07:42:57'),(331,118,21,3,'2012-11-25 23:20:51'),(332,26,187,1,'2010-07-30 17:30:52'),(333,104,165,4,'2018-04-04 08:10:27'),(334,116,104,3,'2012-01-01 06:59:37'),(335,123,181,3,'2012-08-25 04:03:26'),(336,13,26,2,'2010-06-13 13:32:19'),(337,62,18,1,'2012-06-29 20:41:29'),(338,102,95,2,'2013-08-10 10:29:13'),(339,163,51,2,'2017-05-23 01:19:09'),(340,36,111,2,'2018-02-08 22:15:37'),(341,94,179,4,'2017-10-25 05:06:08'),(342,70,122,4,'2016-11-27 03:02:18'),(343,29,170,2,'2015-09-29 01:28:16'),(344,151,103,4,'2016-09-19 14:44:19'),(345,66,180,1,'2016-09-12 02:16:57'),(346,34,192,1,'2018-10-12 22:48:27'),(347,113,24,4,'2014-08-20 22:20:20'),(348,110,86,1,'2012-11-07 10:09:20'),(349,139,71,4,'2010-10-24 17:31:48'),(350,145,140,2,'2014-07-09 06:40:29'),(351,89,143,1,'2012-08-18 03:10:30'),(352,103,42,1,'2010-10-17 07:03:42'),(353,178,21,2,'2013-04-30 16:48:03'),(354,112,24,4,'2012-01-10 11:43:39'),(355,197,42,3,'2012-12-15 21:42:18'),(356,110,193,1,'2017-12-26 11:56:19'),(357,7,135,2,'2020-01-28 00:54:54'),(358,114,98,2,'2020-01-19 14:43:17'),(359,120,185,4,'2019-04-22 13:34:53'),(360,170,146,1,'2013-09-03 04:23:14'),(361,58,177,4,'2020-01-01 11:30:43'),(362,174,115,3,'2019-12-23 09:02:39'),(363,152,103,2,'2020-02-10 03:56:18'),(364,66,40,4,'2010-10-29 16:15:02'),(365,194,194,1,'2017-06-10 08:44:00'),(366,129,192,4,'2014-05-25 11:53:08'),(367,122,161,4,'2012-08-13 17:33:05'),(368,15,71,2,'2011-07-30 16:53:44'),(369,96,173,1,'2019-09-06 07:52:42'),(370,54,149,3,'2014-01-22 17:37:48'),(371,134,144,2,'2017-07-14 10:16:37'),(372,168,23,1,'2012-05-20 17:27:45'),(373,17,179,2,'2011-03-08 15:16:07'),(374,40,25,2,'2017-08-29 00:53:52'),(375,51,102,2,'2013-09-26 04:12:14'),(376,15,34,1,'2018-11-21 01:24:44'),(377,91,2,2,'2019-01-03 09:18:34'),(378,19,113,3,'2015-08-21 23:13:38'),(379,146,192,4,'2014-04-16 11:06:32'),(380,34,70,2,'2019-08-20 07:24:11'),(381,173,142,4,'2016-06-06 08:10:26'),(382,111,188,2,'2016-10-01 05:22:04'),(383,122,78,4,'2016-11-24 19:56:56'),(384,76,146,1,'2016-02-22 01:58:26'),(385,53,122,1,'2010-09-17 09:44:27'),(386,90,50,1,'2010-11-03 07:29:32'),(387,160,185,1,'2016-12-24 08:39:30'),(388,78,21,1,'2014-07-15 23:27:05'),(389,51,176,2,'2019-03-19 20:29:28'),(390,26,10,2,'2015-07-01 15:15:01'),(391,97,31,3,'2011-05-05 09:15:22'),(392,37,18,3,'2010-07-01 06:37:01'),(393,44,58,1,'2010-08-30 05:44:20'),(394,119,58,3,'2010-07-19 17:24:39'),(395,79,105,1,'2019-03-08 22:45:56'),(396,48,91,2,'2011-10-06 20:13:27'),(397,103,52,4,'2017-07-05 20:55:27'),(398,26,179,3,'2014-02-17 06:43:08'),(399,40,111,1,'2014-11-13 02:45:55'),(400,83,180,2,'2019-04-02 01:56:26'),(401,155,173,3,'2015-08-24 21:59:36'),(402,30,73,1,'2016-10-10 13:59:05'),(403,42,9,3,'2013-05-25 12:10:29'),(404,24,49,4,'2015-12-12 19:38:22'),(405,61,42,2,'2019-02-28 00:41:19'),(406,160,43,1,'2010-12-17 06:29:21'),(407,140,103,3,'2018-09-20 08:51:38'),(408,166,102,1,'2012-09-18 02:41:28'),(409,32,24,4,'2012-06-03 09:38:31'),(410,134,72,4,'2016-09-14 23:01:55'),(411,109,79,3,'2013-02-10 11:07:38'),(412,147,123,3,'2017-01-05 13:54:23'),(413,134,154,3,'2010-10-06 02:19:23'),(414,51,127,3,'2014-10-16 10:47:20'),(415,18,55,2,'2017-06-18 23:42:22'),(416,178,28,1,'2019-09-23 13:23:31'),(417,93,126,3,'2019-10-20 02:43:27'),(418,144,70,4,'2017-06-01 04:29:23'),(419,120,151,3,'2011-01-10 12:49:37'),(420,178,132,4,'2019-03-20 02:36:55'),(421,61,38,2,'2014-02-27 23:37:59'),(422,17,176,2,'2017-05-01 10:25:24'),(423,34,115,1,'2012-04-16 14:33:37'),(424,26,132,4,'2016-02-21 01:17:46'),(425,18,122,1,'2015-10-02 14:46:30'),(426,102,99,2,'2017-07-02 03:28:32'),(427,12,61,1,'2010-05-28 14:24:09'),(428,163,133,2,'2010-07-25 12:56:31'),(429,107,137,2,'2017-08-13 12:33:35'),(430,70,28,3,'2013-09-02 03:23:47'),(431,139,110,3,'2015-07-09 01:56:22'),(432,58,26,3,'2012-03-30 07:22:49'),(433,87,81,2,'2014-01-16 23:53:47'),(434,144,65,1,'2019-03-25 03:43:39'),(435,101,186,3,'2018-08-24 13:44:39'),(436,128,111,3,'2015-06-14 03:18:41'),(437,191,176,4,'2017-04-27 06:26:59'),(438,89,157,1,'2013-08-14 14:57:40'),(439,194,2,1,'2019-04-18 20:41:17'),(440,140,109,4,'2011-11-14 01:40:24'),(441,188,1,3,'2013-10-26 23:50:56'),(442,35,64,4,'2018-04-15 10:04:35'),(443,5,171,2,'2016-12-06 16:21:35'),(444,150,26,1,'2015-02-14 09:45:40'),(445,147,147,1,'2019-03-23 17:32:37'),(446,44,136,4,'2015-01-01 23:41:04'),(447,179,128,2,'2010-05-09 11:58:11'),(448,134,40,3,'2014-09-25 05:19:53'),(449,4,26,1,'2011-06-07 22:36:43'),(450,30,7,3,'2011-08-05 00:06:07'),(451,150,68,3,'2011-08-01 22:34:44'),(452,107,148,3,'2010-09-28 14:28:40'),(453,56,13,3,'2016-12-21 09:57:26'),(454,67,180,3,'2010-05-12 22:59:51'),(455,135,181,2,'2015-10-25 00:37:28'),(456,194,74,2,'2013-12-11 02:42:15'),(457,190,18,2,'2018-08-24 22:19:30'),(458,77,169,1,'2018-05-16 01:22:49'),(459,107,29,2,'2016-01-25 18:41:26'),(460,7,187,1,'2018-02-15 08:13:59'),(461,100,108,4,'2012-06-30 01:17:48'),(462,34,147,3,'2010-09-02 06:47:23'),(463,14,59,3,'2018-09-14 09:57:42'),(464,110,69,3,'2014-04-01 14:52:30'),(465,140,173,1,'2014-09-23 06:28:53'),(466,66,23,1,'2015-09-07 02:21:12'),(467,14,165,1,'2016-12-16 18:54:49'),(468,100,38,4,'2011-11-24 11:49:47'),(469,93,176,1,'2018-05-15 22:32:03'),(470,127,139,2,'2012-06-04 00:03:37'),(471,134,76,2,'2018-11-02 00:58:44'),(472,21,101,3,'2014-01-12 09:25:20'),(473,195,146,2,'2013-02-27 12:28:25'),(474,120,10,4,'2016-06-22 08:58:09'),(475,92,54,2,'2016-12-18 06:00:24'),(476,114,42,3,'2018-04-29 02:12:44'),(477,152,152,3,'2020-04-05 07:11:42'),(478,75,35,4,'2011-02-16 07:35:50'),(479,75,155,4,'2012-11-12 13:44:59'),(480,170,148,3,'2016-07-20 03:15:13'),(481,17,33,1,'2010-11-19 00:09:53'),(482,110,175,3,'2015-11-10 19:53:57'),(483,69,54,2,'2011-10-11 22:14:10'),(484,119,16,2,'2018-12-21 18:28:14'),(485,200,10,3,'2015-07-19 07:03:01'),(486,191,85,4,'2017-09-27 06:47:18'),(487,113,39,3,'2019-03-05 19:24:02'),(488,139,148,3,'2017-02-11 11:59:26'),(489,6,123,2,'2016-09-24 00:22:29'),(490,102,11,1,'2020-02-06 19:26:43'),(491,130,63,3,'2017-07-30 03:27:29'),(492,199,13,4,'2018-09-24 02:39:20'),(493,45,52,1,'2014-03-24 10:45:02'),(494,183,188,3,'2019-11-11 19:42:37'),(495,16,184,1,'2018-07-09 02:04:57'),(496,164,13,4,'2016-07-07 16:41:00'),(497,84,15,2,'2015-11-05 05:38:29'),(498,174,193,1,'2012-03-11 04:28:33'),(499,61,131,2,'2017-02-03 01:17:28'),(500,155,181,4,'2018-08-28 10:26:00');
/*!40000 ALTER TABLE `likes` ENABLE KEYS */;
UNLOCK TABLES;

--
-- Table structure for table `media`
--

DROP TABLE IF EXISTS `media`;
/*!40101 SET @saved_cs_client     = @@character_set_client */;
/*!50503 SET character_set_client = utf8mb4 */;
CREATE TABLE `media` (
  `id` int unsigned NOT NULL AUTO_INCREMENT,
  `media_type_id` int unsigned NOT NULL,
  `user_id` int unsigned NOT NULL,
  `filename` varchar(255) CHARACTER SET utf8 COLLATE utf8_unicode_ci NOT NULL,
  `file_size` int NOT NULL,
  `metadata` json DEFAULT NULL,
  `created_at` datetime DEFAULT CURRENT_TIMESTAMP,
  `updated_at` datetime DEFAULT CURRENT_TIMESTAMP ON UPDATE CURRENT_TIMESTAMP,
  PRIMARY KEY (`id`),
  KEY `media_media_type_id_fk` (`media_type_id`),
  KEY `media_user_id_fk` (`user_id`),
  CONSTRAINT `media_media_type_id_fk` FOREIGN KEY (`media_type_id`) REFERENCES `media_types` (`id`) ON DELETE CASCADE ON UPDATE CASCADE,
  CONSTRAINT `media_user_id_fk` FOREIGN KEY (`user_id`) REFERENCES `users` (`id`) ON DELETE CASCADE ON UPDATE CASCADE
) ENGINE=InnoDB AUTO_INCREMENT=201 DEFAULT CHARSET=utf8 COLLATE=utf8_unicode_ci;
/*!40101 SET character_set_client = @saved_cs_client */;

--
-- Dumping data for table `media`
--

LOCK TABLES `media` WRITE;
/*!40000 ALTER TABLE `media` DISABLE KEYS */;
INSERT INTO `media` VALUES (1,2,128,'https://dropbox.com/vk/modiavi.avi',619224307,'{\"owner\": \"Hildegard Williamson\"}','2012-01-19 02:11:41','2020-04-30 19:22:54'),(2,2,23,'https://dropbox.com/vk/temporegif.gif',77597,'{\"owner\": \"Montana Heathcote\"}','2018-12-25 05:45:30','2020-04-30 19:22:54'),(3,2,131,'https://dropbox.com/vk/possimusgif.jpeg',1010000,'{\"owner\": \"Amely Conroy\"}','2019-06-17 17:58:56','2020-04-30 19:22:54'),(4,1,184,'https://dropbox.com/vk/velgif.jpeg',1010000,'{\"owner\": \"Nathan Greenholt\"}','2013-11-24 00:29:50','2020-04-30 19:22:54'),(5,1,128,'https://dropbox.com/vk/namavi.gif',946207,'{\"owner\": \"Hildegard Williamson\"}','2017-01-23 22:05:01','2020-04-30 19:22:54'),(6,1,87,'https://dropbox.com/vk/architectoavi.gif',7464185,'{\"owner\": \"Maryse Tremblay\"}','2019-10-29 09:54:24','2020-04-30 19:22:54'),(7,2,48,'https://dropbox.com/vk/quosgif.gif',1010000,'{\"owner\": \"Gregg Nicolas\"}','2010-08-29 09:18:46','2020-04-30 19:22:54'),(8,3,181,'https://dropbox.com/vk/voluptatumavi.gif',905091,'{\"owner\": \"Andrew Rempel\"}','2019-03-16 03:57:30','2020-04-30 19:22:54'),(9,1,161,'https://dropbox.com/vk/quigif.avi',80851,'{\"owner\": \"Telly Kuphal\"}','2013-01-06 06:15:28','2020-04-30 19:22:54'),(10,2,63,'https://dropbox.com/vk/autgif.avi',1405165,'{\"owner\": \"Lennie Frami\"}','2018-09-04 16:08:46','2020-04-30 19:22:54'),(11,2,28,'https://dropbox.com/vk/autavi.gif',38860,'{\"owner\": \"Savion Blick\"}','2020-04-14 17:39:31','2020-04-30 19:22:54'),(12,1,152,'https://dropbox.com/vk/utavi.jpeg',1010000,'{\"owner\": \"Viva Fisher\"}','2013-05-30 08:42:35','2020-04-30 19:22:54'),(13,1,76,'https://dropbox.com/vk/voluptatesgif.jpeg',269901800,'{\"owner\": \"Harvey Ziemann\"}','2010-08-30 18:58:43','2020-04-30 19:22:54'),(14,2,123,'https://dropbox.com/vk/voluptatumavi.gif',1010000,'{\"owner\": \"German Waelchi\"}','2012-11-27 18:58:32','2020-04-30 19:22:54'),(15,1,186,'https://dropbox.com/vk/inciduntgif.avi',8447,'{\"owner\": \"Cierra Jones\"}','2010-11-19 08:58:59','2020-04-30 19:22:54'),(16,2,162,'https://dropbox.com/vk/adipiscigif.jpeg',5670608,'{\"owner\": \"Nikolas Block\"}','2015-06-04 12:27:15','2020-04-30 19:22:54'),(17,2,51,'https://dropbox.com/vk/laudantiumgif.jpeg',3337,'{\"owner\": \"Maybell Schinner\"}','2013-06-23 22:43:39','2020-04-30 19:22:54'),(18,3,168,'https://dropbox.com/vk/quosgif.avi',47848584,'{\"owner\": \"Hadley Cormier\"}','2010-12-23 20:48:54','2020-04-30 19:22:54'),(19,2,86,'https://dropbox.com/vk/dictajpeg.avi',1010000,'{\"owner\": \"Minnie Labadie\"}','2017-01-16 17:15:06','2020-04-30 19:22:54'),(20,3,124,'https://dropbox.com/vk/consequaturgif.gif',1010000,'{\"owner\": \"Rosario Wyman\"}','2011-11-21 23:38:09','2020-04-30 19:22:54'),(21,1,164,'https://dropbox.com/vk/idavi.jpeg',69407,'{\"owner\": \"Diego Keeling\"}','2011-12-10 21:53:17','2020-04-30 19:22:54'),(22,2,47,'https://dropbox.com/vk/enimavi.avi',1010000,'{\"owner\": \"Electa Dickens\"}','2014-05-31 02:55:00','2020-04-30 19:22:54'),(23,1,141,'https://dropbox.com/vk/voluptatibusavi.jpeg',1010000,'{\"owner\": \"Emmalee Hansen\"}','2010-11-24 11:48:54','2020-04-30 19:22:54'),(24,3,166,'https://dropbox.com/vk/dolorejpeg.avi',7479119,'{\"owner\": \"Loyce Haley\"}','2011-05-05 19:21:33','2020-04-30 19:22:54'),(25,3,7,'https://dropbox.com/vk/perferendisjpeg.avi',1010000,'{\"owner\": \"Icie McKenzie\"}','2013-04-04 16:26:04','2020-04-30 19:22:54'),(26,1,136,'https://dropbox.com/vk/necessitatibusjpeg.jpeg',2053926,'{\"owner\": \"Maximo Moore\"}','2011-11-06 21:38:19','2020-04-30 19:22:54'),(27,2,59,'https://dropbox.com/vk/utgif.jpeg',1010000,'{\"owner\": \"Hayden Turcotte\"}','2015-01-13 19:38:39','2020-04-30 19:22:54'),(28,3,86,'https://dropbox.com/vk/etjpeg.avi',433459183,'{\"owner\": \"Minnie Labadie\"}','2013-02-12 17:30:40','2020-04-30 19:22:54'),(29,2,54,'https://dropbox.com/vk/saepejpeg.jpeg',1010000,'{\"owner\": \"Frieda Flatley\"}','2017-04-20 15:57:45','2020-04-30 19:22:54'),(30,3,10,'https://dropbox.com/vk/quosavi.gif',450942,'{\"owner\": \"Ken Keeling\"}','2014-08-31 16:58:17','2020-04-30 19:22:54'),(31,3,88,'https://dropbox.com/vk/veljpeg.gif',1010000,'{\"owner\": \"Juliet Rath\"}','2012-09-15 04:54:13','2020-04-30 19:22:54'),(32,3,8,'https://dropbox.com/vk/quosjpeg.jpeg',345634,'{\"owner\": \"Martina Hettinger\"}','2011-04-08 02:16:04','2020-04-30 19:22:54'),(33,1,175,'https://dropbox.com/vk/architectojpeg.avi',187059286,'{\"owner\": \"Amir Berge\"}','2010-08-16 21:53:04','2020-04-30 19:22:54'),(34,2,51,'https://dropbox.com/vk/possimusgif.jpeg',14113,'{\"owner\": \"Maybell Schinner\"}','2012-06-26 18:49:57','2020-04-30 19:22:54'),(35,3,131,'https://dropbox.com/vk/enimgif.gif',98299037,'{\"owner\": \"Amely Conroy\"}','2018-01-10 22:37:42','2020-04-30 19:22:54'),(36,3,103,'https://dropbox.com/vk/sapientejpeg.jpeg',1010000,'{\"owner\": \"Janessa Mraz\"}','2011-02-05 17:47:39','2020-04-30 19:22:54'),(37,2,118,'https://dropbox.com/vk/aliquidgif.avi',59074191,'{\"owner\": \"Alek Corwin\"}','2016-05-24 11:21:33','2020-04-30 19:22:54'),(38,1,81,'https://dropbox.com/vk/quisquamavi.jpeg',3580086,'{\"owner\": \"Jamar Mayer\"}','2016-08-21 20:39:34','2020-04-30 19:22:54'),(39,3,53,'https://dropbox.com/vk/sitavi.gif',1010000,'{\"owner\": \"Gerard Fadel\"}','2013-12-21 20:41:27','2020-04-30 19:22:54'),(40,1,20,'https://dropbox.com/vk/maximejpeg.avi',1010000,'{\"owner\": \"Susana Hermiston\"}','2019-03-21 04:47:29','2020-04-30 19:22:54'),(41,2,141,'https://dropbox.com/vk/etgif.gif',5464970,'{\"owner\": \"Emmalee Hansen\"}','2014-04-06 16:39:42','2020-04-30 19:22:54'),(42,2,43,'https://dropbox.com/vk/corporisjpeg.avi',480362,'{\"owner\": \"Mya Sauer\"}','2014-12-09 20:54:23','2020-04-30 19:22:54'),(43,2,194,'https://dropbox.com/vk/perferendisgif.gif',89334818,'{\"owner\": \"Aric Harber\"}','2010-12-21 09:00:42','2020-04-30 19:22:54'),(44,2,38,'https://dropbox.com/vk/velitgif.gif',7371798,'{\"owner\": \"Gabriella Marks\"}','2020-03-19 02:23:27','2020-04-30 19:22:54'),(45,2,8,'https://dropbox.com/vk/nobisjpeg.jpeg',7202,'{\"owner\": \"Martina Hettinger\"}','2015-07-04 22:41:41','2020-04-30 19:22:54'),(46,1,125,'https://dropbox.com/vk/illojpeg.gif',1010000,'{\"owner\": \"Camryn Walker\"}','2020-04-07 13:31:51','2020-04-30 19:22:54'),(47,3,3,'https://dropbox.com/vk/earumjpeg.avi',5539,'{\"owner\": \"Katrina Rath\"}','2011-04-01 05:32:10','2020-04-30 19:22:54'),(48,2,36,'https://dropbox.com/vk/rerumjpeg.avi',40898147,'{\"owner\": \"Dessie Gislason\"}','2013-10-28 03:26:48','2020-04-30 19:22:54'),(49,3,174,'https://dropbox.com/vk/etjpeg.gif',721447,'{\"owner\": \"Hillary Wiza\"}','2017-01-26 13:10:11','2020-04-30 19:22:54'),(50,2,158,'https://dropbox.com/vk/atquegif.avi',1010000,'{\"owner\": \"Zack Volkman\"}','2016-05-11 04:43:40','2020-04-30 19:22:54'),(51,3,69,'https://dropbox.com/vk/doloremquejpeg.jpeg',811366,'{\"owner\": \"Shyann Robel\"}','2012-03-09 09:48:22','2020-04-30 19:22:54'),(52,3,73,'https://dropbox.com/vk/repellendusavi.gif',609446,'{\"owner\": \"Ross Howell\"}','2018-01-01 18:09:42','2020-04-30 19:22:54'),(53,2,154,'https://dropbox.com/vk/eumjpeg.jpeg',1010000,'{\"owner\": \"Tracey Williamson\"}','2012-03-21 09:36:40','2020-04-30 19:22:54'),(54,3,151,'https://dropbox.com/vk/solutajpeg.jpeg',684883454,'{\"owner\": \"Vinnie Kulas\"}','2016-10-03 18:22:20','2020-04-30 19:22:54'),(55,2,91,'https://dropbox.com/vk/laboreavi.gif',68387,'{\"owner\": \"Ernesto Conroy\"}','2018-06-25 16:20:50','2020-04-30 19:22:54'),(56,2,3,'https://dropbox.com/vk/voluptasavi.avi',1010000,'{\"owner\": \"Katrina Rath\"}','2013-07-19 09:08:52','2020-04-30 19:22:54'),(57,3,141,'https://dropbox.com/vk/dignissimosgif.jpeg',3959,'{\"owner\": \"Emmalee Hansen\"}','2011-02-21 19:16:11','2020-04-30 19:22:54'),(58,1,98,'https://dropbox.com/vk/quogif.avi',1010000,'{\"owner\": \"Rasheed Jacobson\"}','2010-11-28 21:26:28','2020-04-30 19:22:54'),(59,1,64,'https://dropbox.com/vk/ducimusgif.avi',7478,'{\"owner\": \"Dulce Mraz\"}','2012-08-30 00:40:29','2020-04-30 19:22:54'),(60,1,25,'https://dropbox.com/vk/voluptasgif.jpeg',48782700,'{\"owner\": \"Lilliana Ondricka\"}','2019-08-29 10:54:02','2020-04-30 19:22:54'),(61,1,133,'https://dropbox.com/vk/quaeratavi.gif',373580726,'{\"owner\": \"Helene Larkin\"}','2016-02-04 19:26:07','2020-04-30 19:22:54'),(62,1,189,'https://dropbox.com/vk/perferendisavi.gif',1010000,'{\"owner\": \"Sean Reichert\"}','2012-02-12 10:42:58','2020-04-30 19:22:54'),(63,2,145,'https://dropbox.com/vk/autemgif.avi',6569,'{\"owner\": \"Ignacio Auer\"}','2013-04-07 10:21:58','2020-04-30 19:22:54'),(64,3,159,'https://dropbox.com/vk/autemavi.jpeg',32448,'{\"owner\": \"Lorenzo Kozey\"}','2015-11-19 10:41:54','2020-04-30 19:22:54'),(65,2,161,'https://dropbox.com/vk/facilisjpeg.gif',23372,'{\"owner\": \"Telly Kuphal\"}','2016-02-21 01:55:40','2020-04-30 19:22:54'),(66,3,124,'https://dropbox.com/vk/reiciendisavi.jpeg',98103492,'{\"owner\": \"Rosario Wyman\"}','2017-03-24 18:46:29','2020-04-30 19:22:54'),(67,2,138,'https://dropbox.com/vk/fugiatjpeg.jpeg',1010000,'{\"owner\": \"Juvenal Metz\"}','2014-11-29 10:15:07','2020-04-30 19:22:54'),(68,2,117,'https://dropbox.com/vk/doloremjpeg.gif',8207,'{\"owner\": \"Aubree Romaguera\"}','2017-03-28 18:06:56','2020-04-30 19:22:54'),(69,3,172,'https://dropbox.com/vk/facereavi.avi',314763,'{\"owner\": \"Benedict Baumbach\"}','2013-06-21 09:56:21','2020-04-30 19:22:54'),(70,1,107,'https://dropbox.com/vk/magnigif.avi',1010000,'{\"owner\": \"Freddie Conn\"}','2011-11-16 10:29:58','2020-04-30 19:22:54'),(71,2,18,'https://dropbox.com/vk/etavi.avi',1010000,'{\"owner\": \"Marie Halvorson\"}','2018-09-21 09:27:23','2020-04-30 19:22:54'),(72,2,170,'https://dropbox.com/vk/fugitgif.jpeg',382955093,'{\"owner\": \"Jodie Ondricka\"}','2018-10-22 16:38:28','2020-04-30 19:22:54'),(73,1,193,'https://dropbox.com/vk/quigif.avi',1010000,'{\"owner\": \"Napoleon Considine\"}','2013-10-01 18:39:10','2020-04-30 19:22:54'),(74,1,58,'https://dropbox.com/vk/etgif.avi',6409,'{\"owner\": \"Jose Conn\"}','2013-11-15 05:00:21','2020-04-30 19:22:54'),(75,2,109,'https://dropbox.com/vk/exercitationemjpeg.jpeg',1010000,'{\"owner\": \"Bo Pfannerstill\"}','2014-06-27 19:02:29','2020-04-30 19:22:54'),(76,2,170,'https://dropbox.com/vk/nesciuntgif.avi',1010000,'{\"owner\": \"Jodie Ondricka\"}','2015-03-07 14:09:06','2020-04-30 19:22:54'),(77,3,121,'https://dropbox.com/vk/faceregif.jpeg',45240480,'{\"owner\": \"Chadd Sporer\"}','2019-11-14 17:45:42','2020-04-30 19:22:54'),(78,3,98,'https://dropbox.com/vk/saepeavi.jpeg',5415117,'{\"owner\": \"Rasheed Jacobson\"}','2014-08-01 03:12:21','2020-04-30 19:22:54'),(79,1,123,'https://dropbox.com/vk/eaquejpeg.jpeg',96142,'{\"owner\": \"German Waelchi\"}','2010-08-30 05:37:02','2020-04-30 19:22:54'),(80,1,122,'https://dropbox.com/vk/sedavi.gif',31030,'{\"owner\": \"Kian Adams\"}','2017-08-02 19:07:30','2020-04-30 19:22:54'),(81,1,40,'https://dropbox.com/vk/repellatjpeg.jpeg',73330445,'{\"owner\": \"Efrain Okuneva\"}','2018-04-11 07:04:53','2020-04-30 19:22:54'),(82,2,36,'https://dropbox.com/vk/excepturiavi.jpeg',51851,'{\"owner\": \"Dessie Gislason\"}','2010-06-04 12:22:10','2020-04-30 19:22:54'),(83,1,57,'https://dropbox.com/vk/quasijpeg.avi',11149462,'{\"owner\": \"Corene McGlynn\"}','2013-06-29 15:46:13','2020-04-30 19:22:54'),(84,2,177,'https://dropbox.com/vk/utjpeg.gif',1010000,'{\"owner\": \"Annette Bernier\"}','2016-03-24 00:18:48','2020-04-30 19:22:54'),(85,2,112,'https://dropbox.com/vk/occaecatiavi.jpeg',1010000,'{\"owner\": \"Magnolia Armstrong\"}','2016-03-14 05:36:01','2020-04-30 19:22:54'),(86,3,29,'https://dropbox.com/vk/quiagif.gif',7797313,'{\"owner\": \"Brant Schinner\"}','2010-08-21 07:59:07','2020-04-30 19:22:54'),(87,1,10,'https://dropbox.com/vk/consequaturgif.avi',1010000,'{\"owner\": \"Ken Keeling\"}','2010-11-12 02:10:44','2020-04-30 19:22:54'),(88,2,161,'https://dropbox.com/vk/sapientejpeg.avi',953861786,'{\"owner\": \"Telly Kuphal\"}','2018-04-30 12:45:14','2020-04-30 19:22:54'),(89,2,176,'https://dropbox.com/vk/sedjpeg.gif',8936307,'{\"owner\": \"Jamie Jakubowski\"}','2018-11-14 21:56:52','2020-04-30 19:22:54'),(90,3,196,'https://dropbox.com/vk/voluptatumjpeg.jpeg',1381684,'{\"owner\": \"Abe Johns\"}','2020-04-07 01:42:37','2020-04-30 19:22:54'),(91,2,50,'https://dropbox.com/vk/utavi.gif',1010000,'{\"owner\": \"Jordy Ferry\"}','2020-02-23 04:53:24','2020-04-30 19:22:54'),(92,2,64,'https://dropbox.com/vk/reprehenderitjpeg.avi',4124,'{\"owner\": \"Dulce Mraz\"}','2010-08-08 12:04:32','2020-04-30 19:22:54'),(93,3,169,'https://dropbox.com/vk/utjpeg.avi',555238,'{\"owner\": \"Gerardo Keebler\"}','2011-05-02 07:24:37','2020-04-30 19:22:54'),(94,3,52,'https://dropbox.com/vk/ullamavi.gif',1010000,'{\"owner\": \"Eryn Daniel\"}','2019-04-27 01:55:14','2020-04-30 19:22:54'),(95,3,153,'https://dropbox.com/vk/saepegif.gif',8909,'{\"owner\": \"Ubaldo Kshlerin\"}','2017-01-03 12:42:07','2020-04-30 19:22:54'),(96,1,9,'https://dropbox.com/vk/sedgif.avi',7704,'{\"owner\": \"Mara Veum\"}','2010-07-27 13:51:18','2020-04-30 19:22:54'),(97,3,186,'https://dropbox.com/vk/quasiavi.gif',91118545,'{\"owner\": \"Cierra Jones\"}','2019-12-20 19:53:49','2020-04-30 19:22:54'),(98,1,103,'https://dropbox.com/vk/quiajpeg.gif',7426410,'{\"owner\": \"Janessa Mraz\"}','2013-03-13 10:49:14','2020-04-30 19:22:54'),(99,3,154,'https://dropbox.com/vk/accusamusjpeg.jpeg',339776564,'{\"owner\": \"Tracey Williamson\"}','2012-12-03 03:04:13','2020-04-30 19:22:54'),(100,3,62,'https://dropbox.com/vk/oditavi.avi',24924,'{\"owner\": \"Rosalind Pacocha\"}','2017-07-03 09:39:30','2020-04-30 19:22:54'),(101,1,49,'https://dropbox.com/vk/deseruntjpeg.jpeg',347408,'{\"owner\": \"Luciano Kunde\"}','2019-02-16 13:31:37','2020-04-30 19:22:54'),(102,2,55,'https://dropbox.com/vk/blanditiisgif.gif',4120930,'{\"owner\": \"Archibald Spencer\"}','2012-03-26 22:29:41','2020-04-30 19:22:54'),(103,2,130,'https://dropbox.com/vk/etgif.avi',12040,'{\"owner\": \"Hadley Cremin\"}','2012-09-06 01:46:35','2020-04-30 19:22:54'),(104,3,85,'https://dropbox.com/vk/sitgif.jpeg',1010000,'{\"owner\": \"Nathanial Armstrong\"}','2010-09-26 21:57:48','2020-04-30 19:22:54'),(105,3,34,'https://dropbox.com/vk/hicjpeg.jpeg',1010000,'{\"owner\": \"Joshuah Ziemann\"}','2013-12-21 21:32:54','2020-04-30 19:22:54'),(106,1,114,'https://dropbox.com/vk/exgif.jpeg',1010000,'{\"owner\": \"Keely Wolff\"}','2012-02-04 03:51:50','2020-04-30 19:22:54'),(107,1,68,'https://dropbox.com/vk/quibusdamavi.avi',23075,'{\"owner\": \"Kenyon Gleason\"}','2018-01-29 09:12:23','2020-04-30 19:22:54'),(108,3,196,'https://dropbox.com/vk/accusantiumavi.jpeg',72085166,'{\"owner\": \"Abe Johns\"}','2014-01-04 14:41:44','2020-04-30 19:22:54'),(109,2,178,'https://dropbox.com/vk/quigif.jpeg',2253595,'{\"owner\": \"Amir Nikolaus\"}','2013-05-27 20:32:52','2020-04-30 19:22:54'),(110,1,100,'https://dropbox.com/vk/enimjpeg.jpeg',333904,'{\"owner\": \"Pedro Bayer\"}','2014-02-16 21:36:30','2020-04-30 19:22:54'),(111,1,164,'https://dropbox.com/vk/velitavi.avi',948568,'{\"owner\": \"Diego Keeling\"}','2013-02-11 17:40:42','2020-04-30 19:22:54'),(112,1,119,'https://dropbox.com/vk/inventoreavi.avi',52792,'{\"owner\": \"Wyman Brakus\"}','2011-04-25 03:10:14','2020-04-30 19:22:54'),(113,2,104,'https://dropbox.com/vk/sedgif.gif',1010000,'{\"owner\": \"Kayla Emard\"}','2013-09-24 13:51:08','2020-04-30 19:22:54'),(114,1,164,'https://dropbox.com/vk/voluptatibusjpeg.jpeg',9036,'{\"owner\": \"Diego Keeling\"}','2010-05-16 12:09:51','2020-04-30 19:22:54'),(115,2,105,'https://dropbox.com/vk/veritatisavi.jpeg',1010000,'{\"owner\": \"Demarco Gorczany\"}','2019-04-02 05:18:27','2020-04-30 19:22:54'),(116,2,34,'https://dropbox.com/vk/sitgif.gif',7341709,'{\"owner\": \"Joshuah Ziemann\"}','2015-10-23 16:38:52','2020-04-30 19:22:54'),(117,2,56,'https://dropbox.com/vk/remjpeg.jpeg',1010000,'{\"owner\": \"Crystal Larson\"}','2012-04-02 12:39:16','2020-04-30 19:22:54'),(118,3,175,'https://dropbox.com/vk/magnamgif.gif',19817767,'{\"owner\": \"Amir Berge\"}','2019-01-17 15:07:12','2020-04-30 19:22:54'),(119,3,106,'https://dropbox.com/vk/veritatisjpeg.avi',90213,'{\"owner\": \"Christine Kertzmann\"}','2012-11-04 14:29:32','2020-04-30 19:22:54'),(120,1,5,'https://dropbox.com/vk/autavi.gif',1010000,'{\"owner\": \"Esperanza Blick\"}','2015-02-19 02:48:20','2020-04-30 19:22:54'),(121,2,105,'https://dropbox.com/vk/teneturjpeg.avi',1010000,'{\"owner\": \"Demarco Gorczany\"}','2018-02-17 14:25:52','2020-04-30 19:22:54'),(122,1,110,'https://dropbox.com/vk/eumavi.gif',1010000,'{\"owner\": \"Bennie Reichert\"}','2012-01-16 13:53:45','2020-04-30 19:22:54'),(123,1,34,'https://dropbox.com/vk/autgif.avi',1010000,'{\"owner\": \"Joshuah Ziemann\"}','2011-07-13 02:23:49','2020-04-30 19:22:54'),(124,2,39,'https://dropbox.com/vk/sedjpeg.jpeg',691956870,'{\"owner\": \"Alberto Christiansen\"}','2011-09-23 13:05:15','2020-04-30 19:22:54'),(125,2,94,'https://dropbox.com/vk/essegif.jpeg',93153990,'{\"owner\": \"Catherine Kshlerin\"}','2017-02-24 02:57:41','2020-04-30 19:22:54'),(126,3,151,'https://dropbox.com/vk/officiisavi.gif',1010000,'{\"owner\": \"Vinnie Kulas\"}','2012-03-03 01:31:52','2020-04-30 19:22:54'),(127,1,72,'https://dropbox.com/vk/nisiavi.avi',91742,'{\"owner\": \"Thomas Lynch\"}','2016-11-20 04:41:55','2020-04-30 19:22:54'),(128,3,106,'https://dropbox.com/vk/etgif.jpeg',147416,'{\"owner\": \"Christine Kertzmann\"}','2012-05-19 06:55:08','2020-04-30 19:22:54'),(129,2,114,'https://dropbox.com/vk/autavi.avi',1010000,'{\"owner\": \"Keely Wolff\"}','2019-07-13 22:47:36','2020-04-30 19:22:54'),(130,1,51,'https://dropbox.com/vk/voluptatemavi.avi',5649,'{\"owner\": \"Maybell Schinner\"}','2013-05-15 10:29:27','2020-04-30 19:22:54'),(131,3,113,'https://dropbox.com/vk/minusjpeg.avi',1010000,'{\"owner\": \"Halie Rohan\"}','2012-02-05 06:29:27','2020-04-30 19:22:54'),(132,1,11,'https://dropbox.com/vk/sequigif.jpeg',97957494,'{\"owner\": \"Arianna Jacobi\"}','2011-05-14 01:20:21','2020-04-30 19:22:54'),(133,1,117,'https://dropbox.com/vk/officiisjpeg.gif',49036,'{\"owner\": \"Aubree Romaguera\"}','2010-11-10 01:27:08','2020-04-30 19:22:54'),(134,1,149,'https://dropbox.com/vk/doloremjpeg.avi',338579,'{\"owner\": \"Tabitha Wolff\"}','2016-06-21 07:01:47','2020-04-30 19:22:54'),(135,2,194,'https://dropbox.com/vk/liberojpeg.gif',1010000,'{\"owner\": \"Aric Harber\"}','2019-01-31 19:19:49','2020-04-30 19:22:54'),(136,1,125,'https://dropbox.com/vk/eumjpeg.gif',7268,'{\"owner\": \"Camryn Walker\"}','2012-07-03 08:56:09','2020-04-30 19:22:54'),(137,1,40,'https://dropbox.com/vk/doloremquejpeg.gif',1010000,'{\"owner\": \"Efrain Okuneva\"}','2018-01-17 09:11:51','2020-04-30 19:22:54'),(138,3,24,'https://dropbox.com/vk/quigif.gif',1010000,'{\"owner\": \"Julius Bartoletti\"}','2017-06-08 23:37:38','2020-04-30 19:22:54'),(139,3,199,'https://dropbox.com/vk/voluptateavi.avi',1010000,'{\"owner\": \"Ryann O\'Conner\"}','2012-05-26 15:17:35','2020-04-30 19:22:54'),(140,3,123,'https://dropbox.com/vk/nongif.jpeg',1010000,'{\"owner\": \"German Waelchi\"}','2014-06-12 00:31:39','2020-04-30 19:22:54'),(141,3,16,'https://dropbox.com/vk/quamgif.gif',33438,'{\"owner\": \"Effie Parisian\"}','2010-11-05 17:53:37','2020-04-30 19:22:54'),(142,2,113,'https://dropbox.com/vk/nobisavi.avi',785945345,'{\"owner\": \"Halie Rohan\"}','2012-02-21 03:36:08','2020-04-30 19:22:54'),(143,3,116,'https://dropbox.com/vk/oditgif.gif',1010000,'{\"owner\": \"Adrianna Kunde\"}','2017-03-14 17:49:35','2020-04-30 19:22:54'),(144,1,38,'https://dropbox.com/vk/quoavi.avi',99360048,'{\"owner\": \"Gabriella Marks\"}','2014-08-27 23:24:29','2020-04-30 19:22:54'),(145,2,45,'https://dropbox.com/vk/nihilavi.gif',6912,'{\"owner\": \"Stewart Yundt\"}','2012-12-14 01:54:42','2020-04-30 19:22:54'),(146,1,110,'https://dropbox.com/vk/aliquidjpeg.gif',1010000,'{\"owner\": \"Bennie Reichert\"}','2019-05-01 08:57:24','2020-04-30 19:22:54'),(147,2,14,'https://dropbox.com/vk/commodiavi.gif',7479,'{\"owner\": \"Kaci Reichert\"}','2019-06-12 13:45:27','2020-04-30 19:22:54'),(148,2,140,'https://dropbox.com/vk/omnisavi.gif',1010000,'{\"owner\": \"Marianne Robel\"}','2011-04-01 02:14:26','2020-04-30 19:22:54'),(149,3,59,'https://dropbox.com/vk/quisjpeg.gif',1010000,'{\"owner\": \"Hayden Turcotte\"}','2017-10-14 15:23:16','2020-04-30 19:22:54'),(150,1,72,'https://dropbox.com/vk/doloresgif.gif',1010000,'{\"owner\": \"Thomas Lynch\"}','2017-03-19 06:47:07','2020-04-30 19:22:54'),(151,3,181,'https://dropbox.com/vk/adipisciavi.jpeg',117213,'{\"owner\": \"Andrew Rempel\"}','2017-11-09 00:35:30','2020-04-30 19:22:54'),(152,1,92,'https://dropbox.com/vk/earumjpeg.gif',1010000,'{\"owner\": \"Savanah Deckow\"}','2013-01-28 12:14:18','2020-04-30 19:22:54'),(153,2,114,'https://dropbox.com/vk/exavi.gif',1010000,'{\"owner\": \"Keely Wolff\"}','2015-11-08 00:50:55','2020-04-30 19:22:54'),(154,2,96,'https://dropbox.com/vk/inventoreavi.avi',2682327,'{\"owner\": \"Fabiola Jenkins\"}','2015-09-10 11:34:44','2020-04-30 19:22:54'),(155,2,137,'https://dropbox.com/vk/solutaavi.jpeg',8083663,'{\"owner\": \"Shaun Smitham\"}','2012-05-15 14:23:32','2020-04-30 19:22:54'),(156,2,198,'https://dropbox.com/vk/natusjpeg.gif',4703343,'{\"owner\": \"Rossie Paucek\"}','2019-08-31 01:26:31','2020-04-30 19:22:54'),(157,2,177,'https://dropbox.com/vk/aliquidavi.avi',438443579,'{\"owner\": \"Annette Bernier\"}','2017-07-05 16:38:19','2020-04-30 19:22:54'),(158,1,89,'https://dropbox.com/vk/voluptatesgif.gif',1010000,'{\"owner\": \"Allan Wiegand\"}','2011-02-20 09:20:54','2020-04-30 19:22:54'),(159,3,113,'https://dropbox.com/vk/perferendisjpeg.gif',1010000,'{\"owner\": \"Halie Rohan\"}','2011-10-27 05:24:17','2020-04-30 19:22:54'),(160,1,100,'https://dropbox.com/vk/voluptatumjpeg.gif',1010000,'{\"owner\": \"Pedro Bayer\"}','2015-03-15 05:30:29','2020-04-30 19:22:54'),(161,3,161,'https://dropbox.com/vk/quaeratavi.avi',8594280,'{\"owner\": \"Telly Kuphal\"}','2014-02-19 17:51:31','2020-04-30 19:22:54'),(162,3,105,'https://dropbox.com/vk/corruptijpeg.avi',7750433,'{\"owner\": \"Demarco Gorczany\"}','2014-10-23 19:41:27','2020-04-30 19:22:54'),(163,3,43,'https://dropbox.com/vk/exercitationemavi.avi',1010000,'{\"owner\": \"Mya Sauer\"}','2011-09-04 02:48:24','2020-04-30 19:22:54'),(164,2,96,'https://dropbox.com/vk/molestiasavi.gif',6103623,'{\"owner\": \"Fabiola Jenkins\"}','2015-05-22 00:33:31','2020-04-30 19:22:54'),(165,3,151,'https://dropbox.com/vk/etavi.jpeg',6835803,'{\"owner\": \"Vinnie Kulas\"}','2016-01-15 09:56:54','2020-04-30 19:22:54'),(166,2,65,'https://dropbox.com/vk/quisgif.avi',1010000,'{\"owner\": \"Ursula Okuneva\"}','2014-05-22 17:20:48','2020-04-30 19:22:54'),(167,3,74,'https://dropbox.com/vk/dolorjpeg.gif',98683,'{\"owner\": \"Susie Powlowski\"}','2012-12-03 09:46:26','2020-04-30 19:22:54'),(168,3,175,'https://dropbox.com/vk/dictajpeg.jpeg',30439,'{\"owner\": \"Amir Berge\"}','2018-02-22 15:42:24','2020-04-30 19:22:54'),(169,2,52,'https://dropbox.com/vk/consequaturavi.jpeg',9546503,'{\"owner\": \"Eryn Daniel\"}','2011-08-02 00:08:42','2020-04-30 19:22:54'),(170,1,136,'https://dropbox.com/vk/voluptasavi.gif',1010000,'{\"owner\": \"Maximo Moore\"}','2014-07-31 15:09:13','2020-04-30 19:22:54'),(171,1,122,'https://dropbox.com/vk/inavi.jpeg',47583,'{\"owner\": \"Kian Adams\"}','2013-09-18 22:34:19','2020-04-30 19:22:54'),(172,3,1,'https://dropbox.com/vk/erroravi.jpeg',1010000,'{\"owner\": \"Ally Sawayn\"}','2019-04-10 21:33:28','2020-04-30 19:22:54'),(173,3,37,'https://dropbox.com/vk/molestiaegif.avi',9705,'{\"owner\": \"Willa Spinka\"}','2018-07-05 18:48:59','2020-04-30 19:22:54'),(174,3,183,'https://dropbox.com/vk/doloremquejpeg.jpeg',19012173,'{\"owner\": \"Lafayette Kulas\"}','2020-04-11 21:08:11','2020-04-30 19:22:54'),(175,2,5,'https://dropbox.com/vk/molestiaejpeg.jpeg',1010000,'{\"owner\": \"Esperanza Blick\"}','2019-06-07 13:07:27','2020-04-30 19:22:54'),(176,3,74,'https://dropbox.com/vk/natusgif.jpeg',1010000,'{\"owner\": \"Susie Powlowski\"}','2019-03-08 09:11:17','2020-04-30 19:22:54'),(177,3,153,'https://dropbox.com/vk/enimgif.avi',7209,'{\"owner\": \"Ubaldo Kshlerin\"}','2016-07-29 07:05:12','2020-04-30 19:22:54'),(178,2,143,'https://dropbox.com/vk/enimjpeg.gif',1010000,'{\"owner\": \"Salma Schinner\"}','2012-10-14 17:48:17','2020-04-30 19:22:54'),(179,2,55,'https://dropbox.com/vk/doloremgif.jpeg',383796520,'{\"owner\": \"Archibald Spencer\"}','2013-02-06 17:24:02','2020-04-30 19:22:54'),(180,3,47,'https://dropbox.com/vk/perspiciatisgif.gif',1010000,'{\"owner\": \"Electa Dickens\"}','2013-02-28 04:16:13','2020-04-30 19:22:54'),(181,3,70,'https://dropbox.com/vk/exavi.jpeg',808180137,'{\"owner\": \"Linda Tromp\"}','2016-03-27 20:53:05','2020-04-30 19:22:54'),(182,3,8,'https://dropbox.com/vk/debitisgif.avi',5395,'{\"owner\": \"Martina Hettinger\"}','2020-02-04 06:47:55','2020-04-30 19:22:54'),(183,1,28,'https://dropbox.com/vk/velitgif.gif',903950065,'{\"owner\": \"Savion Blick\"}','2012-09-15 11:46:32','2020-04-30 19:22:54'),(184,1,115,'https://dropbox.com/vk/enimavi.gif',293158,'{\"owner\": \"Frank Volkman\"}','2018-07-21 10:35:37','2020-04-30 19:22:54'),(185,3,90,'https://dropbox.com/vk/laudantiumjpeg.avi',861668,'{\"owner\": \"Oda Skiles\"}','2012-06-17 02:28:05','2020-04-30 19:22:54'),(186,2,105,'https://dropbox.com/vk/nisijpeg.avi',1010000,'{\"owner\": \"Demarco Gorczany\"}','2010-11-04 02:58:11','2020-04-30 19:22:54'),(187,2,54,'https://dropbox.com/vk/utavi.gif',841843,'{\"owner\": \"Frieda Flatley\"}','2016-12-27 23:24:12','2020-04-30 19:22:54'),(188,1,156,'https://dropbox.com/vk/idgif.jpeg',828422,'{\"owner\": \"Jason Stiedemann\"}','2014-05-27 05:24:11','2020-04-30 19:22:54'),(189,2,19,'https://dropbox.com/vk/corporisavi.jpeg',1010000,'{\"owner\": \"Molly Hand\"}','2013-06-02 15:10:19','2020-04-30 19:22:54'),(190,1,25,'https://dropbox.com/vk/voluptatemavi.jpeg',1010000,'{\"owner\": \"Lilliana Ondricka\"}','2015-04-06 18:57:52','2020-04-30 19:22:54'),(191,3,68,'https://dropbox.com/vk/corruptigif.jpeg',1010000,'{\"owner\": \"Kenyon Gleason\"}','2017-01-05 17:47:39','2020-04-30 19:22:54'),(192,3,63,'https://dropbox.com/vk/aliasjpeg.gif',34577831,'{\"owner\": \"Lennie Frami\"}','2014-05-31 07:53:51','2020-04-30 19:22:54'),(193,1,113,'https://dropbox.com/vk/culpajpeg.gif',87773148,'{\"owner\": \"Halie Rohan\"}','2011-07-17 22:29:36','2020-04-30 19:22:54'),(194,1,173,'https://dropbox.com/vk/corporisgif.gif',35280,'{\"owner\": \"Jack Rohan\"}','2019-01-13 01:09:30','2020-04-30 19:22:54'),(195,3,125,'https://dropbox.com/vk/laboriosamjpeg.jpeg',1010000,'{\"owner\": \"Camryn Walker\"}','2010-10-26 19:47:06','2020-04-30 19:22:54'),(196,1,105,'https://dropbox.com/vk/eumjpeg.jpeg',77906,'{\"owner\": \"Demarco Gorczany\"}','2010-08-29 11:11:54','2020-04-30 19:22:54'),(197,2,151,'https://dropbox.com/vk/nongif.avi',44797588,'{\"owner\": \"Vinnie Kulas\"}','2012-08-25 16:29:03','2020-04-30 19:22:54'),(198,3,40,'https://dropbox.com/vk/etjpeg.jpeg',8224,'{\"owner\": \"Efrain Okuneva\"}','2012-02-03 11:19:21','2020-04-30 19:22:54'),(199,3,146,'https://dropbox.com/vk/sitavi.gif',2005,'{\"owner\": \"Eric Hettinger\"}','2012-10-03 11:47:38','2020-04-30 19:22:54'),(200,1,9,'https://dropbox.com/vk/beataejpeg.avi',83540923,'{\"owner\": \"Mara Veum\"}','2011-04-28 06:41:07','2020-04-30 19:22:54');
/*!40000 ALTER TABLE `media` ENABLE KEYS */;
UNLOCK TABLES;

--
-- Table structure for table `media_types`
--

DROP TABLE IF EXISTS `media_types`;
/*!40101 SET @saved_cs_client     = @@character_set_client */;
/*!50503 SET character_set_client = utf8mb4 */;
CREATE TABLE `media_types` (
  `id` int unsigned NOT NULL AUTO_INCREMENT,
  `name` varchar(255) CHARACTER SET utf8 COLLATE utf8_unicode_ci NOT NULL,
  PRIMARY KEY (`id`),
  UNIQUE KEY `name` (`name`)
) ENGINE=InnoDB AUTO_INCREMENT=4 DEFAULT CHARSET=utf8 COLLATE=utf8_unicode_ci;
/*!40101 SET character_set_client = @saved_cs_client */;

--
-- Dumping data for table `media_types`
--

LOCK TABLES `media_types` WRITE;
/*!40000 ALTER TABLE `media_types` DISABLE KEYS */;
INSERT INTO `media_types` VALUES (3,'audio'),(1,'photo'),(2,'video');
/*!40000 ALTER TABLE `media_types` ENABLE KEYS */;
UNLOCK TABLES;

--
-- Table structure for table `messages`
--

DROP TABLE IF EXISTS `messages`;
/*!40101 SET @saved_cs_client     = @@character_set_client */;
/*!50503 SET character_set_client = utf8mb4 */;
CREATE TABLE `messages` (
  `id` int unsigned NOT NULL AUTO_INCREMENT,
  `from_user_id` int unsigned NOT NULL,
  `to_user_id` int unsigned DEFAULT NULL,
  `community_id` int unsigned DEFAULT NULL,
  `body` text CHARACTER SET utf8 COLLATE utf8_unicode_ci NOT NULL,
  `is_important` tinyint(1) DEFAULT NULL,
  `is_delivered` tinyint(1) DEFAULT NULL,
  `created_at` datetime DEFAULT CURRENT_TIMESTAMP,
  PRIMARY KEY (`id`),
  KEY `messages_from_user_id_fk` (`from_user_id`),
  KEY `messages_to_user_id_fk` (`to_user_id`),
  KEY `messages_community_id_fk` (`community_id`),
  CONSTRAINT `messages_community_id_fk` FOREIGN KEY (`community_id`) REFERENCES `communities` (`id`) ON DELETE SET NULL ON UPDATE CASCADE,
  CONSTRAINT `messages_from_user_id_fk` FOREIGN KEY (`from_user_id`) REFERENCES `users` (`id`) ON DELETE CASCADE ON UPDATE CASCADE,
  CONSTRAINT `messages_to_user_id_fk` FOREIGN KEY (`to_user_id`) REFERENCES `users` (`id`) ON DELETE CASCADE ON UPDATE CASCADE
) ENGINE=InnoDB AUTO_INCREMENT=301 DEFAULT CHARSET=utf8 COLLATE=utf8_unicode_ci;
/*!40101 SET character_set_client = @saved_cs_client */;

--
-- Dumping data for table `messages`
--

LOCK TABLES `messages` WRITE;
/*!40000 ALTER TABLE `messages` DISABLE KEYS */;
INSERT INTO `messages` VALUES (1,36,35,NULL,'Footman\'s head: it just grazed his nose, you know?\' \'It\'s the stupidest tea-party I ever saw one that size? Why, it fills the whole court was in the last time she saw in another moment it was the.',1,1,'2018-03-31 23:10:10'),(2,65,NULL,16,'I ever saw one that size? Why, it fills the whole party at once to eat some of them bowed low. \'Would you tell me,\' said Alice, in a sort of way, \'Do cats eat bats?\' and sometimes, \'Do bats eat.',0,1,'2010-11-06 04:01:11'),(3,106,NULL,14,'By the time at the Hatter, and he went on eagerly. \'That\'s enough about lessons,\' the Gryphon in an offended tone, \'so I should be free of them even when they met in the last time she heard it.',0,0,'2017-01-07 14:22:08'),(4,22,104,NULL,'Imagine her surprise, when the Rabbit began. Alice gave a look askance-- Said he thanked the whiting kindly, but he now hastily began again, using the ink, that was said, and went on for some time.',0,0,'2019-12-11 12:16:33'),(5,55,156,16,'And yet I wish I hadn\'t to bring tears into her face, with such a pleasant temper, and thought to herself. At this moment the King, \'or I\'ll have you executed on the shingle--will you come and join.',1,0,'2019-11-13 17:05:26'),(6,46,42,4,'White Rabbit read:-- \'They told me he was going to begin at HIS time of life. The King\'s argument was, that anything that had a door leading right into a butterfly, I should be free of them didn\'t.',0,0,'2017-05-09 14:16:31'),(7,179,114,13,'So she stood looking at everything that Alice said; but was dreadfully puzzled by the little door, so she tried the effect of lying down with wonder at the time he was in such confusion that she was.',0,0,'2017-10-26 00:26:05'),(8,172,75,NULL,'Alice panted as she could, and waited to see if she was exactly three inches high). \'But I\'m not Ada,\' she said, without opening its eyes, for it now, I suppose, by being drowned in my own tears!.',1,0,'2016-06-01 14:31:48'),(9,58,NULL,9,'And she squeezed herself up closer to Alice\'s side as she swam lazily about in the house opened, and a Canary called out as loud as she heard a little nervous about this; \'for it might happen any.',1,1,'2012-09-26 02:51:50'),(10,147,142,NULL,'I suppose Dinah\'ll be sending me on messages next!\' And she tried to fancy to cats if you were all shaped like ears and whiskers, how late it\'s getting!\' She was walking hand in hand, in couples:.',1,1,'2016-02-03 06:05:36'),(11,67,108,NULL,'King and the White Rabbit interrupted: \'UNimportant, your Majesty means, of course,\' said the March Hare. \'It was much pleasanter at home,\' thought poor Alice, \'to speak to this last remark that had.',1,1,'2019-06-17 09:27:05'),(12,139,151,12,'I wonder?\' Alice guessed in a soothing tone: \'don\'t be angry about it. And yet I wish you wouldn\'t squeeze so.\' said the Cat: \'we\'re all mad here. I\'m mad. You\'re mad.\' \'How do you know I\'m mad?\'.',0,1,'2016-10-06 05:11:43'),(13,40,NULL,16,'Alice was only sobbing,\' she thought, and it was very nearly getting up and down, and was going a journey, I should think very likely true.) Down, down, down. There was exactly one a-piece all.',0,1,'2019-02-18 19:35:03'),(14,110,90,NULL,'CHAPTER IX. The Mock Turtle sang this, very slowly and sadly:-- \'\"Will you walk a little faster?\" said a whiting to a shriek, \'and just as well as she could not taste theirs, and the three gardeners.',1,0,'2017-12-15 19:58:43'),(15,120,129,NULL,'ME,\' said Alice very politely; but she remembered how small she was going to begin lessons: you\'d only have to whisper a hint to Time, and round the court with a large ring, with the next witness..',1,0,'2013-12-13 19:35:09'),(16,86,50,10,'Mabel after all, and I had our Dinah here, I know who I WAS when I grow up, I\'ll write one--but I\'m grown up now,\' she said, \'and see whether it\'s marked \"poison\" or not\'; for she thought, \'and hand.',1,1,'2016-06-21 03:42:23'),(17,141,NULL,20,'He sent them word I had it written up somewhere.\' Down, down, down. Would the fall was over. However, when they hit her; and when she first saw the White Rabbit interrupted: \'UNimportant, your.',1,1,'2013-12-04 07:34:49'),(18,110,110,3,'They all returned from him to be executed for having cheated herself in the world am I? Ah, THAT\'S the great question certainly was, what? Alice looked all round her, calling out in a fight with.',1,0,'2013-03-10 16:51:49'),(19,8,77,NULL,'Knave was standing before them, in chains, with a growl, And concluded the banquet--] \'What IS the use of a tree. \'Did you speak?\' \'Not I!\' said the Mock Turtle to the shore, and then added them up,.',0,1,'2015-12-05 06:52:56'),(20,159,NULL,6,'Her first idea was that she never knew so much contradicted in her life; it was only a child!\' The Queen turned angrily away from her as she swam about, trying to explain it as far down the.',1,1,'2010-11-14 18:40:43'),(21,144,NULL,3,'May it won\'t be raving mad--at least not so mad as it was too much of it in a coaxing tone, and everybody laughed, \'Let the jury had a vague sort of idea that they had to kneel down on one of these.',0,1,'2017-02-28 22:07:29'),(22,104,37,NULL,'Beautiful, beautiful Soup! Soup of the court. \'What do you mean \"purpose\"?\' said Alice. \'I\'ve so often read in the lock, and to stand on your shoes and stockings for you now, dears? I\'m sure I don\'t.',1,1,'2018-12-19 06:09:07'),(23,74,56,NULL,'First, she tried to say \"HOW DOTH THE LITTLE BUSY BEE,\" but it just grazed his nose, and broke off a little snappishly. \'You\'re enough to look about her other little children, and make THEIR eyes.',0,1,'2010-05-23 16:37:29'),(24,60,130,NULL,'The chief difficulty Alice found at first she would have done that, you know,\' said the Queen. \'I haven\'t opened it yet,\' said the Caterpillar; and it was over at last: \'and I do wonder what they\'ll.',0,1,'2013-09-17 13:43:33'),(25,71,74,8,'I!\' he replied. \'We quarrelled last March--just before HE went mad, you know--\' (pointing with his whiskers!\' For some minutes the whole party at once and put back into the sea, \'and in that.',1,1,'2013-04-05 20:39:12'),(26,10,157,NULL,'TWO little shrieks, and more puzzled, but she had not got into it), and sometimes shorter, until she made out the answer to shillings and pence. \'Take off your hat,\' the King added in a low voice..',1,0,'2014-07-11 15:58:04'),(27,152,NULL,10,'Caterpillar contemptuously. \'Who are YOU?\' Which brought them back again to the other, trying every door, she found this a very little use without my shoulders. Oh, how I wish you could draw treacle.',1,1,'2016-09-23 22:23:05'),(28,186,33,13,'Alice, and looking at the Queen, tossing her head to keep herself from being run over; and the arm that was sitting on the table. \'Nothing can be clearer than THAT. Then again--\"BEFORE SHE HAD THIS.',0,0,'2016-06-17 19:49:21'),(29,155,NULL,2,'I should frighten them out again. The rabbit-hole went straight on like a tunnel for some time with the name of nearly everything there. \'That\'s the judge,\' she said to Alice; and Alice was.',1,0,'2017-09-15 20:20:23'),(30,72,197,NULL,'Queen. \'Can you play croquet?\' The soldiers were always getting up and rubbed its eyes: then it watched the White Rabbit. She was moving them about as curious as it left no mark on the other.',1,0,'2015-04-12 00:56:04'),(31,167,46,NULL,'So she began nursing her child again, singing a sort of life! I do so like that curious song about the right way to change the subject,\' the March Hare, \'that \"I breathe when I grow at a reasonable.',1,1,'2019-06-02 08:22:38'),(32,125,90,NULL,'Alice could think of any one; so, when the race was over. However, when they passed too close, and waving their forepaws to mark the time, while the Dodo replied very readily: \'but that\'s because it.',1,1,'2012-09-12 05:46:35'),(33,74,97,NULL,'How puzzling all these changes are! I\'m never sure what I\'m going to leave it behind?\' She said this she looked up and saying, \'Thank you, sir, for your walk!\" \"Coming in a great hurry, muttering to.',0,1,'2019-04-09 12:04:03'),(34,65,33,NULL,'An obstacle that came between Him, and ourselves, and it. Don\'t let me hear the name \'Alice!\' CHAPTER XII. Alice\'s Evidence \'Here!\' cried Alice, with a T!\' said the Cat, and vanished again. Alice.',0,0,'2017-06-12 09:41:47'),(35,171,155,NULL,'Then followed the Knave of Hearts, he stole those tarts, And took them quite away!\' \'Consider your verdict,\' the King eagerly, and he checked himself suddenly: the others took the regular course.\'.',1,0,'2017-01-01 14:21:59'),(36,62,NULL,3,'Who ever saw one that size? Why, it fills the whole thing, and longed to get hold of this ointment--one shilling the box-- Allow me to him: She gave me a good way off, panting, with its eyelids, so.',0,0,'2011-10-29 15:04:39'),(37,38,63,8,'But at any rate, there\'s no room to grow to my right size: the next verse.\' \'But about his toes?\' the Mock Turtle went on so long since she had put on his spectacles. \'Where shall I begin, please.',0,1,'2013-02-28 22:33:16'),(38,162,NULL,5,'Alice, they all stopped and looked at the cook, to see it again, but it just missed her. Alice caught the flamingo and brought it back, the fight was over, and she soon found an opportunity of.',1,0,'2017-01-14 21:33:44'),(39,124,93,NULL,'I mean what I should say \"With what porpoise?\"\' \'Don\'t you mean by that?\' said the Dormouse. \'Fourteenth of March, I think you\'d take a fancy to cats if you like,\' said the Cat, \'if you only kept on.',1,1,'2011-06-12 06:41:01'),(40,94,14,11,'I was going to do with this creature when I get it home?\' when it saw mine coming!\' \'How do you mean by that?\' said the Dodo solemnly, rising to its feet, ran round the neck of the words a little,.',1,1,'2010-10-31 20:23:40'),(41,62,143,NULL,'Alice. The King turned pale, and shut his note-book hastily. \'Consider your verdict,\' the King said to the Mock Turtle said with some difficulty, as it can talk: at any rate,\' said Alice: \'--where\'s.',1,1,'2017-03-29 00:59:12'),(42,130,20,NULL,'King looked anxiously at the top of its voice. \'Back to land again, and looking anxiously about her. \'Oh, do let me hear the Rabbit came near her, about the crumbs,\' said the Hatter, with an.',0,0,'2010-09-22 16:03:50'),(43,109,84,NULL,'The poor little feet, I wonder if I know is, it would be the right size again; and the other players, and shouting \'Off with her head!\' Alice glanced rather anxiously at the White Rabbit was no.',1,1,'2019-01-01 18:19:20'),(44,93,107,20,'Bill! I wouldn\'t say anything about it, you know.\' He was an uncomfortably sharp chin. However, she soon made out that one of the crowd below, and there they lay sprawling about, reminding her very.',1,1,'2011-12-11 05:42:03'),(45,179,59,NULL,'I wonder?\' And here Alice began telling them her adventures from the sky! Ugh, Serpent!\' \'But I\'m NOT a serpent, I tell you, you coward!\' and at last turned sulky, and would only say, \'I am older.',1,1,'2015-04-21 10:25:40'),(46,157,9,NULL,'Alice began to cry again. \'You ought to be lost: away went Alice after it, and they can\'t prove I did: there\'s no use denying it. I suppose Dinah\'ll be sending me on messages next!\' And she went on.',0,0,'2011-11-27 23:12:52'),(47,171,51,8,'I\'ve nothing to do.\" Said the mouse to the jury, who instantly made a rush at the door and found that, as nearly as large as himself, and this time she heard the Queen\'s absence, and were resting in.',1,1,'2014-06-18 10:15:11'),(48,39,NULL,7,'VERY wide, but she remembered the number of cucumber-frames there must be!\' thought Alice. One of the other side of WHAT?\' thought Alice \'without pictures or conversations in it, and then turned to.',0,0,'2015-07-31 00:45:18'),(49,188,36,NULL,'Then followed the Knave was standing before them, in chains, with a kind of thing that would be grand, certainly,\' said Alice to herself, as well as she went on again: \'Twenty-four hours, I THINK;.',1,1,'2017-02-27 19:51:20'),(50,17,NULL,8,'Footman\'s head: it just grazed his nose, you know?\' \'It\'s the oldest rule in the back. At last the Dodo could not join the dance. Would not, could not, would not, could not, would not, could not,.',1,1,'2013-05-08 17:00:59'),(51,28,11,NULL,'While the Duchess began in a louder tone. \'ARE you to learn?\' \'Well, there was room for her. \'Yes!\' shouted Alice. \'Come on, then!\' roared the Queen, pointing to the game. CHAPTER IX. The Mock.',1,1,'2010-06-09 09:43:14'),(52,173,28,NULL,'Gryphon, \'that they WOULD go with the words came very queer to ME.\' \'You!\' said the Caterpillar. \'Well, I hardly know--No more, thank ye; I\'m better now--but I\'m a deal faster than it does.\' \'Which.',1,0,'2020-02-13 09:44:05'),(53,22,25,NULL,'Hatter. He had been of late much accustomed to usurpation and conquest. Edwin and Morcar, the earls of Mercia and Northumbria--\"\' \'Ugh!\' said the youth, \'as I mentioned before, And have grown most.',1,1,'2013-08-10 13:04:09'),(54,60,24,5,'For instance, if you please! \"William the Conqueror, whose cause was favoured by the fire, stirring a large ring, with the time,\' she said, as politely as she couldn\'t answer either question, it.',0,0,'2013-11-07 16:28:00'),(55,138,102,1,'I could let you out, you know.\' \'And what an ignorant little girl she\'ll think me at all.\' \'In that case,\' said the Caterpillar. Alice said to herself as she wandered about for it, she found that.',0,0,'2019-05-30 23:25:36'),(56,73,113,NULL,'Hatter. He came in sight of the court. \'What do you know that you\'re mad?\' \'To begin with,\' said the King, with an M, such as mouse-traps, and the pool a little pattering of feet in a loud,.',1,0,'2011-03-24 23:43:12'),(57,146,NULL,1,'Why, I haven\'t been invited yet.\' \'You\'ll see me there,\' said the Caterpillar, and the words don\'t FIT you,\' said the Footman, and began to get out of their wits!\' So she was holding, and she jumped.',1,1,'2017-07-18 18:26:57'),(58,113,194,NULL,'SAID was, \'Why is a very grave voice, \'until all the things I used to read fairy-tales, I fancied that kind of serpent, that\'s all you know I\'m mad?\' said Alice. \'I\'m glad they don\'t seem to come.',0,1,'2013-02-01 14:08:29'),(59,28,159,NULL,'Alice, \'a great girl like you,\' (she might well say this), \'to go on till you come and join the dance? Will you, won\'t you, won\'t you, won\'t you, won\'t you, will you, won\'t you, will you, won\'t you,.',1,1,'2017-11-24 22:58:21'),(60,112,83,NULL,'I\'m NOT a serpent, I tell you, you coward!\' and at once in the air. Even the Duchess sneezed occasionally; and as he spoke, and then dipped suddenly down, so suddenly that Alice said; \'there\'s a.',1,1,'2011-07-24 03:31:34'),(61,77,134,NULL,'Mock Turtle in a moment: she looked at poor Alice, who felt ready to sink into the air. She did it so VERY nearly at the Gryphon whispered in reply, \'for fear they should forget them before the.',0,1,'2014-10-16 15:24:55'),(62,41,3,NULL,'Alice thought this a very poor speaker,\' said the Duchess, \'and that\'s the jury, of course--\"I GAVE HER ONE, THEY GAVE HIM TWO--\" why, that must be kind to them,\' thought Alice, \'shall I NEVER get.',0,1,'2011-05-18 23:33:37'),(63,90,NULL,8,'I\'ve fallen by this very sudden change, but very politely: \'Did you speak?\' \'Not I!\' said the March Hare said--\' \'I didn\'t!\' the March Hare. \'Then it wasn\'t very civil of you to learn?\' \'Well, there.',1,1,'2014-12-08 00:08:17'),(64,128,NULL,18,'Alice. \'Reeling and Writhing, of course, Alice could think of anything to say, she simply bowed, and took the hookah out of breath, and said \'That\'s very important,\' the King was the cat.) \'I hope.',0,1,'2017-09-16 23:05:10'),(65,11,99,NULL,'Who ever saw one that size? Why, it fills the whole head appeared, and then another confusion of voices--\'Hold up his head--Brandy now--Don\'t choke him--How was it, old fellow? What happened to me!.',0,1,'2020-03-25 08:57:01'),(66,61,5,NULL,'Pat, what\'s that in about half no time! Take your choice!\' The Duchess took her choice, and was immediately suppressed by the English, who wanted leaders, and had no idea what a long time together.\'.',0,1,'2012-12-28 09:54:25'),(67,44,44,17,'Hatter replied. \'Of course not,\' said the March Hare moved into the book her sister was reading, but it makes me grow smaller, I suppose.\' So she swallowed one of them with the glass table and the.',1,1,'2020-04-24 06:26:21'),(68,94,51,NULL,'Ugh, Serpent!\' \'But I\'m not myself, you see.\' \'I don\'t like it, yer honour, at all, at all!\' \'Do as I used--and I don\'t put my arm round your waist,\' the Duchess said after a minute or two, and the.',1,0,'2020-01-29 05:27:41'),(69,174,118,NULL,'Then she went on \'And how do you want to see what this bottle does. I do it again and again.\' \'You are old, Father William,\' the young man said, \'And your hair has become very white; And yet I wish.',0,0,'2013-01-20 16:50:07'),(70,67,67,10,'French lesson-book. The Mouse did not like to have him with them,\' the Mock Turtle at last, more calmly, though still sobbing a little bit, and said \'No, never\') \'--so you can find out the words:.',0,1,'2016-11-21 15:35:13'),(71,105,179,NULL,'Duchess, it had entirely disappeared; so the King said, turning to the other: the Duchess said after a fashion, and this Alice would not allow without knowing how old it was, and, as a boon, Was.',0,0,'2015-05-04 15:21:02'),(72,182,170,NULL,'I\'ve tried to open her mouth; but she saw them, they were playing the Queen in a deep, hollow tone: \'sit down, both of you, and don\'t speak a word till I\'ve finished.\' So they got settled down.',1,0,'2018-06-13 13:04:59'),(73,105,13,NULL,'She was a table set out under a tree in front of them, with her head! Off--\' \'Nonsense!\' said Alice, \'I\'ve often seen a good deal frightened by this time). \'Don\'t grunt,\' said Alice; not that she.',0,0,'2014-12-10 04:45:13'),(74,150,NULL,3,'The King and Queen of Hearts, who only bowed and smiled in reply. \'That\'s right!\' shouted the Queen, in a minute or two she walked down the chimney!\' \'Oh! So Bill\'s got the other--Bill! fetch it.',1,0,'2020-04-06 10:15:00'),(75,108,23,15,'Hatter; \'so I should like to be told so. \'It\'s really dreadful,\' she muttered to herself, \'Why, they\'re only a pack of cards, after all. I needn\'t be afraid of them!\' \'And who is to give the.',1,1,'2019-02-03 09:02:14'),(76,94,NULL,11,'The three soldiers wandered about for it, she found that her flamingo was gone across to the jury, and the Hatter added as an explanation. \'Oh, you\'re sure to kill it in the distance, screaming with.',1,0,'2014-07-06 23:20:21'),(77,1,34,NULL,'Mock Turtle to the general conclusion, that wherever you go on? It\'s by far the most confusing thing I ever heard!\' \'Yes, I think that there ought! And when I grow up, I\'ll write one--but I\'m grown.',1,0,'2011-05-23 07:22:20'),(78,169,NULL,6,'Pray, what is the capital of Paris, and Paris is the same thing,\' said the Hatter. \'It isn\'t a bird,\' Alice remarked. \'Right, as usual,\' said the Duchess; \'and the moral of that is--\"Oh, \'tis love,.',1,1,'2017-05-07 03:18:05'),(79,192,NULL,9,'Dormouse sulkily remarked, \'If you please, sir--\' The Rabbit started violently, dropped the white kid gloves while she ran, as well as she could. \'The Dormouse is asleep again,\' said the Mock.',1,1,'2015-12-20 11:07:14'),(80,122,189,NULL,'Dodo could not tell whether they were filled with tears again as quickly as she could, for the Dormouse,\' thought Alice; \'but when you come to the Classics master, though. He was an uncomfortably.',0,0,'2019-03-19 08:25:35'),(81,181,59,14,'I can\'t put it right; \'not that it is!\' \'Why should it?\' muttered the Hatter. \'You might just as if she meant to take the hint; but the Mouse only growled in reply. \'That\'s right!\' shouted the.',0,0,'2015-03-08 12:24:45'),(82,140,NULL,12,'I did: there\'s no name signed at the bottom of the trees behind him. \'--or next day, maybe,\' the Footman remarked, \'till tomorrow--\' At this moment the door of which was immediately suppressed by.',1,1,'2016-12-31 04:10:35'),(83,27,64,NULL,'French mouse, come over with William the Conqueror.\' (For, with all her riper years, the simple rules their friends had taught them: such as, \'Sure, I don\'t think,\' Alice went on, without attending.',0,0,'2018-10-04 01:17:55'),(84,41,70,13,'Queen\'s absence, and were resting in the last word with such sudden violence that Alice said; \'there\'s a large piece out of breath, and till the puppy\'s bark sounded quite faint in the air, and came.',0,0,'2013-01-14 14:34:52'),(85,131,NULL,10,'King said to the other side, the puppy began a series of short charges at the window.\' \'THAT you won\'t\' thought Alice, and sighing. \'It IS a Caucus-race?\' said Alice; \'living at the March Hare,.',1,1,'2014-05-29 22:45:31'),(86,111,94,NULL,'Here the Dormouse again, so that altogether, for the White Rabbit returning, splendidly dressed, with a soldier on each side, and opened their eyes and mouths so VERY tired of swimming about here, O.',1,0,'2011-04-27 23:06:10'),(87,136,1,20,'Dinah\'ll be sending me on messages next!\' And she began very cautiously: \'But I don\'t keep the same as they were nowhere to be patted on the stairs. Alice knew it was all finished, the Owl, as a.',0,1,'2016-01-29 18:26:15'),(88,178,96,NULL,'King: \'leave out that the Mouse had changed his mind, and was delighted to find it out, we should all have our heads cut off, you know. Come on!\' \'Everybody says \"come on!\" here,\' thought Alice, and.',1,0,'2018-02-20 01:18:10'),(89,148,52,NULL,'However, when they arrived, with a kind of serpent, that\'s all I can remember feeling a little bottle on it, for she could not help thinking there MUST be more to do so. \'Shall we try another figure.',0,0,'2014-06-17 06:08:42'),(90,14,14,11,'And the executioner myself,\' said the King, \'or I\'ll have you executed on the spot.\' This did not like to try the thing Mock Turtle in the pictures of him), while the rest of the day; and this time.',1,0,'2017-11-10 13:30:36'),(91,118,46,4,'March--just before HE went mad, you know--\' \'What did they draw?\' said Alice, a good deal to come down the little door, had vanished completely. Very soon the Rabbit hastily interrupted. \'There\'s a.',0,1,'2018-04-16 00:17:46'),(92,112,82,3,'When she got back to the table, but there was enough of me left to make out at the mushroom for a moment like a sky-rocket!\' \'So you think you could see this, as she came upon a time she had never.',0,1,'2015-06-14 00:17:57'),(93,57,88,NULL,'There was a treacle-well.\' \'There\'s no such thing!\' Alice was so full of tears, \'I do wish I could let you out, you know.\' \'Who is it directed to?\' said the Duchess. \'Everything\'s got a moral, if.',1,1,'2010-11-14 22:01:12'),(94,70,83,NULL,'However, everything is queer to-day.\' Just then she noticed that the Gryphon said, in a low voice, \'Why the fact is, you ARE a simpleton.\' Alice did not get dry again: they had a vague sort of.',0,0,'2013-08-13 12:14:25'),(95,8,35,17,'Mock Turtle yawned and shut his eyes.--\'Tell her about the right height to rest her chin upon Alice\'s shoulder, and it was a long time with one of the shelves as she was now more than Alice could.',0,1,'2013-01-08 20:29:06'),(96,114,122,13,'Alice, \'and those twelve creatures,\' (she was so large in the trial one way of keeping up the fan and the other end of every line: \'Speak roughly to your tea; it\'s getting late.\' So Alice got up and.',1,1,'2018-03-24 23:28:22'),(97,86,22,10,'Alice, \'to speak to this last remark. \'Of course it was,\' said the Hatter, \'you wouldn\'t talk about cats or dogs either, if you hold it too long; and that if something wasn\'t done about it just.',0,1,'2010-12-20 11:24:53'),(98,7,193,NULL,'I\'ve kept her waiting!\' Alice felt that she could do to ask: perhaps I shall have some fun now!\' thought Alice. \'I mean what I could show you our cat Dinah: I think I may as well as she went on.',0,1,'2015-06-09 02:49:15'),(99,146,NULL,1,'I am to see what was on the look-out for serpents night and day! Why, I haven\'t had a bone in his note-book, cackled out \'Silence!\' and read as follows:-- \'The Queen will hear you! You see, she came.',1,0,'2018-03-04 09:54:15'),(100,115,57,3,'Mouse, who was peeping anxiously into her head. Still she went to the game. CHAPTER IX. The Mock Turtle went on. \'I do,\' Alice hastily replied; \'at least--at least I mean what I say--that\'s the same.',1,0,'2019-01-28 21:07:49'),(101,57,123,NULL,'I\'ve seen that done,\' thought Alice. \'I\'m glad they\'ve begun asking riddles.--I believe I can listen all day to such stuff? Be off, or I\'ll have you executed.\' The miserable Hatter dropped his.',0,1,'2015-01-13 06:19:45'),(102,46,59,NULL,'Alice\'s shoulder as she had read about them in books, and she was trying to box her own ears for having cheated herself in a voice she had forgotten the words.\' So they began running about in a.',1,1,'2013-05-25 00:59:09'),(103,155,198,NULL,'Mouse, getting up and say \"Who am I then? Tell me that first, and then, and holding it to his ear. Alice considered a little pattering of feet on the other queer noises, would change (she knew) to.',1,1,'2019-09-02 21:03:15'),(104,126,NULL,6,'I know all sorts of things, and she, oh! she knows such a tiny golden key, and Alice\'s elbow was pressed so closely against her foot, that there was mouth enough for it flashed across her mind that.',1,1,'2019-09-30 17:34:53'),(105,200,93,NULL,'So they sat down and cried. \'Come, there\'s half my plan done now! How puzzling all these strange Adventures of hers that you had been to her, one on each side, and opened their eyes and mouths so.',0,1,'2015-07-12 16:27:31'),(106,62,33,NULL,'I was going to turn into a sort of meaning in it, \'and what is the driest thing I ever saw in my life!\' Just as she said to herself \'That\'s quite enough--I hope I shan\'t grow any more--As it is, I.',0,1,'2013-06-27 02:01:26'),(107,178,NULL,8,'The other guests had taken advantage of the court with a little three-legged table, all made a memorandum of the wood--(she considered him to you, Though they were nowhere to be rude, so she took.',1,1,'2015-04-21 11:53:32'),(108,19,30,18,'Gryphon. \'I mean, what makes them so often, you know.\' It was, no doubt: only Alice did not much larger than a real nose; also its eyes again, to see it written down: but I think I may as well to.',0,0,'2017-07-13 22:08:32'),(109,146,NULL,1,'Gryphon. Alice did not like to drop the jar for fear of killing somebody, so managed to swallow a morsel of the other side, the puppy made another rush at the end.\' \'If you can\'t swim, can you?\' he.',1,0,'2018-11-15 11:04:40'),(110,196,77,NULL,'That your eye was as steady as ever; Yet you balanced an eel on the ground as she could not be denied, so she bore it as well as she remembered that she did not much surprised at this, but at the.',0,1,'2014-01-24 21:45:44'),(111,200,NULL,5,'Duchess. \'Everything\'s got a moral, if only you can find them.\' As she said to herself that perhaps it was good practice to say which), and they lived at the door between us. For instance, if you.',1,1,'2019-12-08 17:10:00'),(112,31,57,NULL,'I only knew how to get out again. That\'s all.\' \'Thank you,\' said the Gryphon: and it was written to nobody, which isn\'t usual, you know.\' \'Not the same thing with you,\' said the Caterpillar. Here.',0,1,'2013-07-03 08:30:53'),(113,191,NULL,9,'The cook threw a frying-pan after her as she could not help bursting out laughing: and when she turned the corner, but the three were all ornamented with hearts. Next came the royal children, and.',1,0,'2019-11-11 03:55:31'),(114,139,148,NULL,'Gryphon. \'--you advance twice--\' \'Each with a deep sigh, \'I was a real nose; also its eyes were nearly out of the hall; but, alas! the little door, had vanished completely. Very soon the Rabbit.',1,1,'2015-07-27 05:45:51'),(115,124,49,4,'March Hare, \'that \"I like what I get\" is the same size: to be rude, so she waited. The Gryphon lifted up both its paws in surprise. \'What! Never heard of \"Uglification,\"\' Alice ventured to taste it,.',0,1,'2015-08-02 00:52:04'),(116,96,158,NULL,'I\'m pleased, and wag my tail when it\'s pleased. Now I growl when I\'m pleased, and wag my tail when it\'s pleased. Now I growl when I\'m pleased, and wag my tail when I\'m angry. Therefore I\'m mad.\' \'I.',1,0,'2014-06-10 18:42:48'),(117,100,28,NULL,'The first thing she heard something like this:-- \'Fury said to herself; \'the March Hare had just succeeded in getting its body tucked away, comfortably enough, under her arm, and timidly said.',1,1,'2015-07-17 08:26:07'),(118,38,NULL,8,'Said he thanked the whiting kindly, but he would not give all else for two Pennyworth only of beautiful Soup? Beau--ootiful Soo--oop! Soo--oop of the court. (As that is rather a complaining tone,.',0,0,'2019-08-10 23:28:22'),(119,24,197,NULL,'An enormous puppy was looking at them with large round eyes, and feebly stretching out one paw, trying to fix on one, the cook till his eyes very wide on hearing this; but all he SAID was, \'Why is a.',1,0,'2015-01-16 12:40:24'),(120,113,NULL,9,'Mouse in the middle of one! There ought to be trampled under its feet, ran round the court with a cart-horse, and expecting every moment to be almost out of breath, and till the eyes appeared, and.',0,1,'2011-07-07 14:41:54'),(121,124,118,4,'Elsie, Lacie, and Tillie; and they walked off together. Alice was more than that, if you like!\' the Duchess was sitting on the table. \'Nothing can be clearer than THAT. Then again--\"BEFORE SHE HAD.',0,0,'2015-06-01 13:45:04'),(122,131,152,NULL,'I\'ll look first,\' she said, \'for her hair goes in such a thing I know. Silence all round, if you like!\' the Duchess by this time, and was going to give the prizes?\' quite a commotion in the.',0,0,'2010-06-24 21:52:39'),(123,168,43,18,'And so it was certainly English. \'I don\'t know what you had been looking at Alice as it was too late to wish that! She went on again:-- \'You may go,\' said the King, \'that only makes the matter.',0,1,'2014-06-22 06:50:42'),(124,10,99,NULL,'I gave her answer. \'They\'re done with a lobster as a boon, Was kindly permitted to pocket the spoon: While the Owl and the Queen\'s voice in the trial one way of expressing yourself.\' The baby.',1,0,'2018-02-12 11:31:59'),(125,64,NULL,18,'CHAPTER II. The Pool of Tears \'Curiouser and curiouser!\' cried Alice (she was so full of tears, until there was mouth enough for it flashed across her mind that she had tired herself out with.',0,1,'2010-08-12 22:33:52'),(126,131,131,10,'King said to herself, (not in a deep sigh, \'I was a dead silence. Alice noticed with some surprise that the hedgehog a blow with its arms and legs in all my limbs very supple By the use of repeating.',1,1,'2017-02-01 05:26:16'),(127,110,8,NULL,'White Rabbit. She was moving them about as it went, \'One side will make you grow shorter.\' \'One side of the March Hare,) \'--it was at the place of the mushroom, and her face in some alarm. This time.',1,1,'2011-10-23 05:50:06'),(128,110,123,NULL,'Alice could see this, as she went on, \'you see, a dog growls when it\'s angry, and wags its tail when I\'m pleased, and wag my tail when it\'s angry, and wags its tail when it\'s angry, and wags its.',1,0,'2017-04-20 00:11:56'),(129,86,62,NULL,'Alice cautiously replied, not feeling at all a pity. I said \"What for?\"\' \'She boxed the Queen\'s absence, and were quite dry again, the cook and the choking of the room. The cook threw a frying-pan.',1,0,'2017-03-26 17:39:08'),(130,49,62,NULL,'King said, for about the same words as before, \'and things are worse than ever,\' thought the poor animal\'s feelings. \'I quite forgot you didn\'t sign it,\' said the youth, \'one would hardly suppose.',0,1,'2013-01-10 18:04:39'),(131,159,8,NULL,'Queen. First came ten soldiers carrying clubs; these were ornamented all over their slates; \'but it doesn\'t mind.\' The table was a dispute going on between the executioner, the King, and the whole.',1,0,'2018-01-22 06:22:32'),(132,166,NULL,10,'Alice thought), and it said in a sort of meaning in it,\' said the King eagerly, and he went on without attending to her; \'but those serpents! There\'s no pleasing them!\' Alice was too much overcome.',0,0,'2019-02-02 04:06:28'),(133,117,175,NULL,'After these came the royal children; there were a Duck and a piece of bread-and-butter in the house opened, and a piece of bread-and-butter in the shade: however, the moment she appeared; but she.',1,1,'2017-04-07 17:43:38'),(134,125,NULL,15,'However, at last in the pool, \'and she sits purring so nicely by the hedge!\' then silence, and then another confusion of voices--\'Hold up his head--Brandy now--Don\'t choke him--How was it, old.',0,1,'2012-11-29 09:47:22'),(135,122,111,NULL,'Alice said to Alice, very much of a candle is blown out, for she had never left off sneezing by this time, as it turned a back-somersault in at the top of his shrill little voice, the name of nearly.',1,0,'2014-08-23 15:13:12'),(136,188,5,NULL,'I like\"!\' \'You might just as she spoke; \'either you or your head must be removed,\' said the Cat. \'Do you mean \"purpose\"?\' said Alice. \'Of course you know the song, \'I\'d have said to Alice; and Alice.',1,1,'2015-02-11 13:42:48'),(137,61,61,10,'It did so indeed, and much sooner than she had plenty of time as she listened, or seemed to rise like a wild beast, screamed \'Off with her head!\' the Queen said to Alice, flinging the baby.',0,1,'2018-05-18 17:14:38'),(138,66,61,NULL,'King, the Queen, and Alice, were in custody and under sentence of execution. Then the Queen never left off writing on his spectacles. \'Where shall I begin, please your Majesty?\' he asked. \'Begin at.',0,0,'2015-12-29 21:31:08'),(139,105,6,2,'After a time there could be no use in crying like that!\' \'I couldn\'t help it,\' she said to the shore. CHAPTER III. A Caucus-Race and a pair of gloves and the other guinea-pig cheered, and was just.',1,1,'2011-08-13 06:14:49'),(140,193,141,NULL,'Rabbit came up to her head, she tried to curtsey as she could, and waited till she had gone through that day. \'No, no!\' said the Hatter, who turned pale and fidgeted. \'Give your evidence,\' said the.',1,1,'2019-11-15 18:47:01'),(141,123,190,NULL,'I can\'t show it you myself,\' the Mock Turtle. Alice was rather glad there WAS no one to listen to me! I\'LL soon make you dry enough!\' They all made a dreadfully ugly child: but it puzzled her too.',0,0,'2010-08-03 22:20:49'),(142,184,NULL,1,'SAID was, \'Why is a very hopeful tone though), \'I won\'t indeed!\' said Alice, a good deal worse off than before, as the large birds complained that they must be shutting up like a snout than a.',0,0,'2013-06-06 21:52:54'),(143,195,NULL,7,'Duchess\'s voice died away, even in the trial one way up as the whole place around her became alive with the Mouse only shook its head to keep back the wandering hair that WOULD always get into her.',0,1,'2019-04-22 02:25:10'),(144,35,1,NULL,'King said, with a shiver. \'I beg your pardon!\' cried Alice in a natural way. \'I thought you did,\' said the Gryphon, before Alice could hear the words:-- \'I speak severely to my jaw, Has lasted the.',1,1,'2018-11-20 04:47:06'),(145,101,102,NULL,'Lobster Quadrille, that she was beginning very angrily, but the wise little Alice herself, and fanned herself with one finger pressed upon its nose. The Dormouse had closed its eyes by this time, as.',1,1,'2015-12-16 08:58:45'),(146,8,66,17,'It quite makes my forehead ache!\' Alice watched the Queen in front of them, and was going to happen next. The first question of course had to run back into the sky. Twinkle, twinkle--\"\' Here the.',1,1,'2020-02-14 04:26:41'),(147,27,145,NULL,'I don\'t think,\' Alice went on again:-- \'You may not have lived much under the circumstances. There was a different person then.\' \'Explain all that,\' he said to the table, but it makes me grow large.',1,0,'2011-02-03 21:25:00'),(148,41,173,NULL,'There ought to have the experiment tried. \'Very true,\' said the King. \'When did you manage to do it.\' (And, as you can--\' \'Swim after them!\' screamed the Pigeon. \'I\'m NOT a serpent!\' said Alice.',1,1,'2011-05-18 21:41:57'),(149,138,97,1,'Caterpillar. This was not here before,\' said Alice,) and round Alice, every now and then another confusion of voices--\'Hold up his head--Brandy now--Don\'t choke him--How was it, old fellow? What.',0,1,'2015-05-12 12:52:41'),(150,50,130,NULL,'Queen\'s voice in the sea, though you mayn\'t believe it--\' \'I never saw one, or heard of such a nice little dog near our house I should frighten them out again. The Mock Turtle yawned and shut his.',0,1,'2019-03-18 09:25:39'),(151,99,NULL,10,'Dodo could not remember the simple and loving heart of her skirt, upsetting all the jurymen on to the general conclusion, that wherever you go on? It\'s by far the most curious thing I ever was at in.',0,1,'2014-07-29 02:46:39'),(152,23,4,NULL,'Oh, I shouldn\'t want YOURS: I don\'t keep the same side of the creature, but on the ground near the looking-glass. There was no time to see how he can thoroughly enjoy The pepper when he sneezes: He.',0,0,'2015-09-14 10:22:57'),(153,151,140,NULL,'Dinah, and saying to herself \'It\'s the thing Mock Turtle sighed deeply, and began, in a hoarse growl, \'the world would go through,\' thought poor Alice, \'it would be quite as safe to stay in here any.',1,1,'2018-01-04 16:21:08'),(154,49,56,4,'Alice as it turned round and get ready to ask any more HERE.\' \'But then,\' thought she, \'if people had all to lie down upon their faces. There was a table, with a little animal (she couldn\'t guess of.',1,1,'2015-04-18 02:30:59'),(155,168,15,18,'March Hare said in a trembling voice:-- \'I passed by his garden, and I could shut up like a telescope.\' And so she went on, looking anxiously about as it didn\'t much matter which way you go,\' said.',0,1,'2016-07-18 00:01:59'),(156,142,NULL,9,'For the Mouse with an important air, \'are you all ready? This is the capital of Paris, and Paris is the same thing, you know.\' \'And what an ignorant little girl she\'ll think me for asking! No, it\'ll.',0,1,'2013-07-09 08:38:16'),(157,182,109,10,'For some minutes the whole court was in livery: otherwise, judging by his garden.\"\' Alice did not like to be done, I wonder?\' And here poor Alice began to repeat it, but her head down to nine inches.',0,1,'2014-10-17 16:16:43'),(158,175,160,NULL,'I beg your pardon!\' she exclaimed in a low, trembling voice. \'There\'s more evidence to come out among the distant green leaves. As there seemed to Alice with one of the song, \'I\'d have said to the.',1,0,'2017-02-22 05:44:28'),(159,78,23,15,'The Cat\'s head with great curiosity. \'Soles and eels, of course,\' the Dodo solemnly, rising to its feet, ran round the court was in confusion, getting the Dormouse shook its head down, and nobody.',0,0,'2015-10-14 11:42:37'),(160,98,9,7,'Gryphon. \'--you advance twice--\' \'Each with a T!\' said the Dodo, \'the best way to change the subject of conversation. While she was in such long curly brown hair! And it\'ll fetch things when you.',1,1,'2018-10-21 00:21:31'),(161,168,64,18,'Come and help me out of the shelves as she could. \'No,\' said Alice. \'Oh, don\'t talk about wasting IT. It\'s HIM.\' \'I don\'t see how he can EVEN finish, if he would not join the dance? Will you, won\'t.',0,0,'2016-01-05 15:38:56'),(162,93,106,NULL,'Dodo. Then they all spoke at once, and ran till she shook the house, and found that it is!\' \'Why should it?\' muttered the Hatter. \'Does YOUR watch tell you how it was just going to dive in among the.',1,0,'2016-06-26 09:48:14'),(163,52,141,NULL,'Gryphon, and the words have got into a conversation. \'You don\'t know where Dinn may be,\' said the Dormouse; \'VERY ill.\' Alice tried to fancy to cats if you could draw treacle out of sight, they were.',0,0,'2010-05-15 13:16:24'),(164,147,113,NULL,'The door led right into it. \'That\'s very curious!\' she thought. \'But everything\'s curious today. I think I can go back by railway,\' she said to herself, and nibbled a little door about fifteen.',1,0,'2010-06-14 23:30:22'),(165,123,NULL,7,'March Hare went \'Sh! sh!\' and the shrill voice of the gloves, and she had plenty of time as she could. The next thing is, to get hold of it; and the baby--the fire-irons came first; then followed a.',1,1,'2019-05-16 02:20:38'),(166,11,NULL,16,'QUITE as much as serpents do, you know.\' He was looking up into a line along the course, here and there was hardly room for this, and after a minute or two. \'They couldn\'t have done that, you know,\'.',1,0,'2018-11-21 22:21:11'),(167,92,NULL,12,'Queen was in managing her flamingo: she succeeded in curving it down into its nest. Alice crouched down among the leaves, which she found herself falling down a jar from one foot up the fan and.',1,0,'2013-01-23 04:13:39'),(168,43,64,NULL,'Alice, swallowing down her anger as well look and see what was on the bank, with her friend. When she got up in a tone of great relief. \'Now at OURS they had at the end of half an hour or so, and.',1,0,'2014-01-08 18:20:12'),(169,189,155,NULL,'Hatter and the small ones choked and had been wandering, when a cry of \'The trial\'s beginning!\' was heard in the world she was talking. Alice could see, when she got up this morning, but I THINK I.',1,0,'2018-04-16 00:08:31'),(170,7,15,18,'WAS a narrow escape!\' said Alice, as she could not join the dance? Will you, won\'t you join the dance? Will you, won\'t you join the dance. So they sat down, and the March Hare said--\' \'I didn\'t!\'.',0,1,'2018-08-14 17:50:38'),(171,30,38,NULL,'Alice cautiously replied: \'but I know all sorts of things--I can\'t remember things as I was thinking I should frighten them out of the sort!\' said Alice. \'Off with her head! Off--\' \'Nonsense!\' said.',1,1,'2019-05-11 00:48:19'),(172,101,NULL,19,'And with that she was always ready to make out what it was: she was about a foot high: then she looked down into its eyes again, to see what was the first figure!\' said the King; and the executioner.',0,0,'2018-05-13 15:11:07'),(173,45,54,NULL,'Majesty,\' he began. \'You\'re a very difficult question. However, at last it sat down in a rather offended tone, \'Hm! No accounting for tastes! Sing her \"Turtle Soup,\" will you, old fellow?\' The Mock.',0,1,'2010-09-11 01:02:49'),(174,134,107,NULL,'Alice could bear: she got up, and there they lay sprawling about, reminding her very earnestly, \'Now, Dinah, tell me the truth: did you ever see such a fall as this, I shall remember it in a sort of.',0,0,'2019-01-29 15:55:46'),(175,132,141,NULL,'Hatter. \'I deny it!\' said the Mouse, turning to the shore. CHAPTER III. A Caucus-Race and a large rabbit-hole under the hedge. In another minute there was Mystery,\' the Mock Turtle yet?\' \'No,\' said.',0,0,'2010-08-08 12:38:58'),(176,107,111,NULL,'Majesty?\' he asked. \'Begin at the mouth with strings: into this they slipped the guinea-pig, head first, and then keep tight hold of this ointment--one shilling the box-- Allow me to introduce it.\'.',0,0,'2015-12-29 19:20:39'),(177,32,NULL,1,'You see the Mock Turtle replied in an impatient tone: \'explanations take such a subject! Our family always HATED cats: nasty, low, vulgar things! Don\'t let him know she liked them best, For this.',0,1,'2019-04-24 19:01:32'),(178,48,54,2,'I\'m not myself, you see.\' \'I don\'t believe it,\' said Alice, who felt very curious thing, and longed to change the subject. \'Go on with the Dormouse. \'Write that down,\' the King had said that day. \'A.',1,1,'2019-04-18 03:56:45'),(179,9,98,7,'I should be like then?\' And she squeezed herself up and picking the daisies, when suddenly a White Rabbit read:-- \'They told me he was gone, and the baby with some severity; \'it\'s very easy to know.',0,1,'2014-12-16 22:24:34'),(180,144,NULL,3,'VERY much out of the window, and some \'unimportant.\' Alice could hear him sighing as if she were looking over their shoulders, that all the things between whiles.\' \'Then you shouldn\'t talk,\' said.',1,0,'2013-12-25 14:30:58'),(181,47,33,13,'Alice replied: \'what\'s the answer?\' \'I haven\'t the least notice of her own mind (as well as she leant against a buttercup to rest her chin in salt water. Her first idea was that it was all dark.',1,0,'2012-06-26 01:26:02'),(182,191,74,NULL,'I\'ve offended it again!\' For the Mouse was swimming away from her as she said to Alice, \'Have you guessed the riddle yet?\' the Hatter said, turning to the tarts on the ground as she went on again:--.',1,1,'2015-01-26 18:40:59'),(183,197,NULL,8,'I to get us dry would be wasting our breath.\" \"I\'ll be judge, I\'ll be jury,\" Said cunning old Fury: \"I\'ll try the effect: the next moment a shower of saucepans, plates, and dishes. The Duchess took.',1,0,'2015-06-16 08:29:50'),(184,17,198,NULL,'I can guess that,\' she added in an offended tone, and everybody laughed, \'Let the jury asked. \'That I can\'t quite follow it as you can--\' \'Swim after them!\' screamed the Gryphon. \'It\'s all his.',0,1,'2011-08-24 13:46:24'),(185,140,103,NULL,'VERY remarkable in that; nor did Alice think it would like the largest telescope that ever was! Good-bye, feet!\' (for when she was walking hand in hand with Dinah, and saying \"Come up again, dear!\".',1,0,'2019-12-04 05:06:18'),(186,98,180,NULL,'There was exactly one a-piece all round. \'But she must have been that,\' said the Lory. Alice replied eagerly, for she felt unhappy. \'It was a little pattering of feet on the top of his great wig.\'.',0,1,'2011-08-24 04:39:03'),(187,7,92,NULL,'But she waited for some time in silence: at last in the long hall, and close to her, so she set off at once took up the fan and gloves--that is, if I must, I must,\' the King repeated angrily, \'or.',1,0,'2011-12-17 08:45:00'),(188,40,NULL,16,'I\'m not the right height to rest her chin in salt water. Her first idea was that she wasn\'t a really good school,\' said the Duchess; \'I never saw one, or heard of uglifying!\' it exclaimed. \'You know.',1,1,'2017-10-16 23:10:03'),(189,93,NULL,20,'Alice, looking down at once, with a large caterpillar, that was said, and went on just as she had brought herself down to look at me like that!\' said Alice in a ring, and begged the Mouse only.',1,0,'2012-02-29 12:26:11'),(190,10,155,NULL,'But she went on again:-- \'You may not have lived much under the sea--\' (\'I haven\'t,\' said Alice)--\'and perhaps you haven\'t found it very much,\' said Alice; \'all I know is, something comes at me like.',0,0,'2018-05-12 11:37:15'),(191,145,91,4,'Gryphon said to the fifth bend, I think?\' \'I had NOT!\' cried the Gryphon, half to itself, half to itself, half to Alice. \'Nothing,\' said Alice. \'And be quick about it,\' added the Dormouse. \'Don\'t.',0,0,'2017-05-21 10:55:15'),(192,59,20,14,'Then they both cried. \'Wake up, Alice dear!\' said her sister; \'Why, what a Gryphon is, look at them--\'I wish they\'d get the trial done,\' she thought, and it said nothing. \'Perhaps it doesn\'t matter.',0,1,'2015-12-14 19:22:38'),(193,10,NULL,1,'YOU like cats if you cut your finger VERY deeply with a melancholy air, and, after glaring at her feet in a low voice, to the general conclusion, that wherever you go on? It\'s by far the most.',0,1,'2011-01-27 08:12:01'),(194,48,153,NULL,'Gryphon. \'It all came different!\' the Mock Turtle replied, counting off the cake. * * * * * * * * * * * * * * * * * * * * * * * * CHAPTER II. The Pool of Tears \'Curiouser and curiouser!\' cried Alice.',1,1,'2015-03-06 15:40:00'),(195,19,NULL,18,'Edwin and Morcar, the earls of Mercia and Northumbria, declared for him: and even Stigand, the patriotic archbishop of Canterbury, found it very much,\' said the Hatter. \'You might just as I\'d taken.',0,1,'2011-06-02 17:13:10'),(196,132,146,NULL,'THE KING AND QUEEN OF HEARTS. Alice was silent. The Dormouse shook itself, and was a dead silence instantly, and neither of the mushroom, and her eyes filled with tears running down his face, as.',1,0,'2016-06-27 11:10:33'),(197,132,22,NULL,'Alice, and, after glaring at her as she went on talking: \'Dear, dear! How queer everything is queer to-day.\' Just then her head to feel very uneasy: to be executed for having cheated herself in a.',0,0,'2012-12-12 22:20:08'),(198,112,2,3,'Pigeon; \'but I haven\'t been invited yet.\' \'You\'ll see me there,\' said the Mouse. \'--I proceed. \"Edwin and Morcar, the earls of Mercia and Northumbria--\"\' \'Ugh!\' said the Queen, stamping on the song,.',0,1,'2014-08-18 22:30:21'),(199,145,49,4,'Alice hastily; \'but I\'m not Ada,\' she said, by way of nursing it, (which was to get into her eyes; and once she remembered trying to find her way into that beautiful garden--how IS that to be two.',0,1,'2019-01-07 09:35:47'),(200,146,77,1,'Has lasted the rest waited in silence. Alice was just beginning to end,\' said the Duck: \'it\'s generally a frog or a watch to take out of a large cauldron which seemed to be no use in crying like.',1,1,'2015-06-06 10:59:01'),(201,59,35,NULL,'Mabel, for I know I do!\' said Alice in a melancholy air, and, after folding his arms and frowning at the house, and found that, as nearly as she swam nearer to watch them, and then treading on her.',1,1,'2011-10-13 15:58:47'),(202,199,NULL,3,'Alice did not notice this question, but hurriedly went on, \'I must be getting home; the night-air doesn\'t suit my throat!\' and a large pool all round her at the March Hare said to herself, \'I don\'t.',0,0,'2018-06-06 13:51:13'),(203,51,NULL,8,'THE.',1,1,'2011-05-30 07:24:31'),(204,176,10,1,'Where CAN I have dropped them, I wonder?\' And here Alice began telling them her adventures from the trees behind him. \'--or next day, maybe,\' the Footman continued in the pool, \'and she sits purring.',1,1,'2019-11-13 13:45:33'),(205,80,NULL,11,'Alice\'s shoulder as she had read about them in books, and she went down on one of the jurymen. \'It isn\'t mine,\' said the Duchess; \'and most of \'em do.\' \'I don\'t know what a long breath, and said.',0,1,'2012-11-11 14:15:16'),(206,131,153,NULL,'Queen of Hearts, he stole those tarts, And took them quite away!\' \'Consider your verdict,\' he said in a hoarse, feeble voice: \'I heard every word you fellows were saying.\' \'Tell us a story!\' said.',1,0,'2017-03-22 00:44:48'),(207,172,NULL,11,'As she said these words her foot slipped, and in his note-book, cackled out \'Silence!\' and read as follows:-- \'The Queen of Hearts, carrying the King\'s crown on a summer day: The Knave did so, very.',1,1,'2018-12-20 13:28:32'),(208,82,82,3,'I must have a trial: For really this morning I\'ve nothing to do: once or twice, half hoping that they must needs come wriggling down from the shock of being such a dreadful time.\' So Alice got up.',0,1,'2015-12-09 00:16:08'),(209,9,12,NULL,'White Rabbit interrupted: \'UNimportant, your Majesty means, of course,\' the Dodo had paused as if she had quite a conversation of it now in sight, and no more of the hall: in fact she was terribly.',0,0,'2014-12-24 15:12:31'),(210,32,122,NULL,'I ought to have wondered at this, but at the Queen, stamping on the song, she kept tossing the baby joined):-- \'Wow! wow! wow!\' While the Owl and the Dormouse turned out, and, by the Hatter, it woke.',0,1,'2019-06-18 07:23:09'),(211,116,14,NULL,'I only wish it was,\' said the Mock Turtle, \'they--you\'ve seen them, of course?\' \'Yes,\' said Alice, surprised at her as hard as she spoke. (The unfortunate little Bill had left off staring at the.',1,1,'2019-04-05 22:04:00'),(212,122,168,NULL,'Mock Turtle angrily: \'really you are very dull!\' \'You ought to have been ill.\' \'So they were,\' said the White Rabbit, \'and that\'s a fact.\' Alice did not wish to offend the Dormouse followed him: the.',1,1,'2012-06-08 19:25:28'),(213,73,60,NULL,'March Hare. \'Sixteenth,\' added the Gryphon; and then the puppy began a series of short charges at the Queen, who were lying round the hall, but they were gardeners, or soldiers, or courtiers, or.',1,0,'2012-03-31 13:36:29'),(214,82,30,NULL,'Dodo, \'the best way you can;--but I must be a grin, and she grew no larger: still it was quite a chorus of \'There goes Bill!\' then the Rabbit\'s voice; and Alice looked all round the refreshments!\'.',1,0,'2011-01-10 01:39:58'),(215,103,24,NULL,'Besides, SHE\'S she, and I\'m sure _I_ shan\'t be able! I shall have somebody to talk nonsense. The Queen\'s argument was, that she wanted much to know, but the Gryphon hastily. \'Go on with the grin,.',0,1,'2017-02-09 13:24:26'),(216,10,178,NULL,'I was going to remark myself.\' \'Have you seen the Mock Turtle Soup is made from,\' said the Dormouse crossed the court, without even waiting to put it to annoy, Because he knows it teases.\' CHORUS..',0,1,'2011-09-15 20:40:45'),(217,59,20,14,'Then the Queen shrieked out. \'Behead that Dormouse! Turn that Dormouse out of a water-well,\' said the Hatter. \'It isn\'t directed at all,\' said Alice: \'--where\'s the Duchess?\' \'Hush! Hush!\' said the.',1,1,'2019-02-25 09:46:03'),(218,33,NULL,13,'Panther received knife and fork with a smile. There was not even get her head through the glass, and she did not look at all anxious to have any pepper in my kitchen AT ALL. Soup does very well.',1,0,'2011-08-06 02:04:16'),(219,87,2,NULL,'Footman went on again:-- \'You may go,\' said the Queen, who was gently brushing away some dead leaves that had a large canvas bag, which tied up at this corner--No, tie \'em together first--they don\'t.',1,0,'2012-08-21 20:24:00'),(220,150,73,3,'Alice; \'that\'s not at all comfortable, and it sat for a rabbit! I suppose I ought to be an advantage,\' said Alice, and tried to say whether the pleasure of making a daisy-chain would be worth the.',0,0,'2016-12-16 19:47:27'),(221,66,8,17,'Little Bill It was so much contradicted in her pocket) till she fancied she heard a little bird as soon as it can be,\' said the March Hare: she thought of herself, \'I wish I had not attended to this.',0,1,'2018-02-04 21:18:31'),(222,102,32,1,'Pigeon in a ring, and begged the Mouse was swimming away from her as she could have told you butter wouldn\'t suit the works!\' he added looking angrily at the Queen, the royal children, and everybody.',1,1,'2011-06-28 13:36:43'),(223,146,99,NULL,'Alice \'without pictures or conversations in it, and behind it, it occurred to her in an offended tone, \'was, that the best of educations--in fact, we went to school every day--\' \'I\'VE been to a.',1,1,'2010-05-17 18:21:31'),(224,57,82,3,'King said gravely, \'and go on with the bread-knife.\' The March Hare had just upset the week before. \'Oh, I BEG your pardon!\' cried Alice hastily, afraid that it might tell her something about the.',1,0,'2012-01-08 06:15:38'),(225,154,13,NULL,'How brave they\'ll all think me at home! Why, I wouldn\'t be so easily offended!\' \'You\'ll get used to do:-- \'How doth the little--\"\' and she felt a very decided tone: \'tell her something worth.',1,1,'2019-09-01 07:08:43'),(226,3,NULL,6,'The Dormouse shook its head impatiently, and said, \'So you think you might do something better with the Duchess, the Duchess! Oh! won\'t she be savage if I\'ve kept her waiting!\' Alice felt that she.',1,1,'2011-07-10 10:18:35'),(227,71,25,NULL,'I suppose you\'ll be asleep again before it\'s done.\' \'Once upon a time she heard a little way off, panting, with its arms folded, frowning like a telescope.\' And so it was just in time to go, for the.',0,1,'2019-01-10 23:19:57'),(228,112,NULL,3,'I\'ll just see what would happen next. First, she dreamed of little cartwheels, and the baby violently up and ran off, thinking while she ran, as well as she spoke--fancy CURTSEYING as you\'re falling.',0,1,'2011-11-02 06:39:02'),(229,91,197,NULL,'By the time it all came different!\' the Mock Turtle yawned and shut his eyes.--\'Tell her about the crumbs,\' said the Mock Turtle is.\' \'It\'s the Cheshire Cat, she was now about two feet high, and her.',1,0,'2019-04-24 17:23:47'),(230,113,58,9,'Queen will hear you! You see, she came in sight of the month, and doesn\'t tell what o\'clock it is!\' \'Why should it?\' muttered the Hatter. \'Does YOUR watch tell you just now what the name \'W. RABBIT\'.',1,1,'2016-02-15 09:34:44'),(231,125,104,NULL,'Queen. \'Can you play croquet?\' The soldiers were always getting up and rubbed its eyes: then it chuckled. \'What fun!\' said the Rabbit just under the door; so either way I\'ll get into the wood to.',0,1,'2018-08-13 21:10:38'),(232,147,20,NULL,'Queen in front of them, with her head pressing against the door, and knocked. \'There\'s no sort of chance of getting up and rubbed its eyes: then it watched the White Rabbit put on her lap as if he.',1,0,'2018-08-15 11:16:58'),(233,58,79,9,'I suppose, by being drowned in my life!\' She had just upset the milk-jug into his plate. Alice did not dare to laugh; and, as the other.\' As soon as the March Hare meekly replied. \'Yes, but some.',1,1,'2017-03-03 13:20:25'),(234,177,195,NULL,'Those whom she sentenced were taken into custody by the hand, it hurried off, without waiting for the baby, it was all ridges and furrows; the balls were live hedgehogs, the mallets live flamingoes,.',0,0,'2012-03-19 10:45:37'),(235,41,70,13,'I said \"What for?\"\' \'She boxed the Queen\'s absence, and were resting in the middle. Alice kept her waiting!\' Alice felt a little of her or of anything to say, she simply bowed, and took the hookah.',0,1,'2013-10-06 05:07:02'),(236,178,27,NULL,'I hadn\'t cried so much!\' said Alice, \'it\'s very rude.\' The Hatter was the cat.) \'I hope they\'ll remember her saucer of milk at tea-time. Dinah my dear! Let this be a very truthful child; \'but little.',0,1,'2014-12-11 03:16:10'),(237,2,130,NULL,'Alice in a game of croquet she was now, and she trembled till she fancied she heard a voice outside, and stopped to listen. \'Mary Ann! Mary Ann!\' said the King, and the turtles all advance! They are.',1,0,'2016-12-30 05:41:45'),(238,43,69,18,'I suppose it doesn\'t mind.\' The table was a dead silence instantly, and neither of the officers of the tea--\' \'The twinkling of the Queen jumped up in such a tiny little thing!\' said the Dormouse;.',1,1,'2012-04-01 12:48:55'),(239,191,58,9,'Crab took the place of the wood to listen. \'Mary Ann! Mary Ann!\' said the Queen, and in a low, trembling voice. \'There\'s more evidence to come out among the bright flower-beds and the Dormouse.',1,0,'2016-05-06 12:55:52'),(240,41,NULL,13,'I think?\' he said in a melancholy tone. \'Nobody seems to grin, How neatly spread his claws, And welcome little fishes in With gently smiling jaws!\' \'I\'m sure those are not the smallest notice of her.',1,1,'2015-01-24 13:45:21'),(241,45,163,NULL,'Hatter: and in despair she put one arm out of sight. Alice remained looking thoughtfully at the window.\' \'THAT you won\'t\' thought Alice, and, after glaring at her feet, for it was done. They had not.',1,0,'2020-02-29 08:46:17'),(242,80,109,NULL,'PLEASE mind what you\'re doing!\' cried Alice, with a pair of white kid gloves, and she was about a thousand times as large as himself, and this Alice thought to herself, \'after such a hurry to get.',1,1,'2018-04-11 16:00:18'),(243,107,103,20,'Oh, I shouldn\'t like THAT!\' \'Oh, you foolish Alice!\' she answered herself. \'How can you learn lessons in the distance, and she said to herself, in a natural way again. \'I should like to show you! A.',1,1,'2011-02-19 10:09:16'),(244,106,113,NULL,'Let me see--how IS it to speak again. The Mock Turtle repeated thoughtfully. \'I should like to be sure, she had got its head down, and the constant heavy sobbing of the officers of the trees upon.',0,0,'2018-06-26 00:14:58'),(245,45,86,NULL,'Trims his belt and his buttons, and turns out his toes.\' [later editions continued as follows When the procession moved on, three of her going, though she looked down, was an uncomfortably sharp.',0,1,'2011-09-15 14:30:14'),(246,94,NULL,11,'Alice replied in a large caterpillar, that was lying under the sea,\' the Gryphon said to Alice, they all quarrel so dreadfully one can\'t hear oneself speak--and they don\'t seem to dry me at home!.',0,0,'2014-03-02 19:55:08'),(247,175,41,NULL,'Queen?\' said the Duchess: you\'d better leave off,\' said the Dormouse, after thinking a minute or two to think about stopping herself before she found this a very fine day!\' said a timid and.',0,1,'2013-07-28 06:54:28'),(248,80,NULL,11,'It was the Rabbit whispered in reply, \'for fear they should forget them before the trial\'s begun.\' \'They\'re putting down their names,\' the Gryphon went on muttering over the jury-box with the time,\'.',0,1,'2017-08-27 15:28:13'),(249,146,NULL,1,'Rabbit in a great crash, as if it wasn\'t trouble enough hatching the eggs,\' said the Duchess. \'I make you dry enough!\' They all made of solid glass; there was not going to happen next. The first.',1,1,'2018-03-03 02:29:57'),(250,43,NULL,18,'OF ITS WAISTCOAT-POCKET, and looked at Alice, as she passed; it was very like a telescope.\' And so she waited. The Gryphon sat up and throw us, with the clock. For instance, suppose it doesn\'t.',1,0,'2018-05-02 04:20:57'),(251,94,NULL,11,'Gryphon. \'We can do no more, whatever happens. What WILL become of me?\' Luckily for Alice, the little door: but, alas! either the locks were too large, or the key was lying on the same as they used.',0,1,'2015-12-17 09:46:25'),(252,194,1,20,'King, and he hurried off. Alice thought the poor animal\'s feelings. \'I quite forgot you didn\'t sign it,\' said the cook. The King looked anxiously over his shoulder as she went on so long since she.',0,0,'2013-06-23 03:13:35'),(253,38,51,8,'The Mouse gave a sudden burst of tears, until there was silence for some time without interrupting it. \'They were obliged to write with one eye, How the Owl and the Panther received knife and fork.',1,0,'2012-08-13 08:54:08'),(254,178,72,NULL,'White Rabbit returning, splendidly dressed, with a little anxiously. \'Yes,\' said Alice, surprised at this, but at last it sat for a great letter, nearly as she could remember about ravens and.',1,0,'2018-12-01 00:32:59'),(255,26,NULL,20,'I!\' said the Eaglet. \'I don\'t quite understand you,\' she said, \'than waste it in a hurry to change them--\' when she first saw the White Rabbit, jumping up in a more subdued tone, and she drew.',1,1,'2017-09-30 17:42:29'),(256,97,NULL,1,'SAID was, \'Why is a very curious thing, and longed to get out at the Cat\'s head with great curiosity. \'Soles and eels, of course,\' he said in an offended tone, \'Hm! No accounting for tastes! Sing.',1,0,'2015-10-07 09:12:32'),(257,5,5,6,'Queen will hear you! You see, she came rather late, and the Dormouse shook its head down, and nobody spoke for some minutes. The Caterpillar and Alice was beginning to see that the Mouse with an M?\'.',0,0,'2016-08-13 22:19:51'),(258,11,11,16,'Soup does very well to say it over) \'--yes, that\'s about the right thing to nurse--and she\'s such a curious dream, dear, certainly: but now run in to your tea; it\'s getting late.\' So Alice began.',0,1,'2010-06-17 03:54:31'),(259,156,NULL,16,'William replied to his son, \'I feared it might not escape again, and Alice could speak again. In a little shaking among the distant green leaves. As there seemed to Alice to herself, for she was.',0,0,'2016-06-16 10:55:23'),(260,66,130,NULL,'Alice, a good deal to come before that!\' \'Call the next verse,\' the Gryphon said, in a minute. Alice began telling them her adventures from the Gryphon, with a teacup in one hand and a large fan in.',1,1,'2010-11-28 07:17:37'),(261,53,71,NULL,'SOMEBODY ought to be a walrus or hippopotamus, but then she had never heard before, \'Sure then I\'m here! Digging for apples, indeed!\' said Alice, \'we learned French and music.\' \'And washing?\' said.',0,0,'2018-07-15 01:46:33'),(262,197,173,NULL,'I\'ll set Dinah at you!\' There was no time to hear her try and say \"How doth the little door, so she went in without knocking, and hurried upstairs, in great disgust, and walked two and two, as the.',0,0,'2010-06-24 14:25:10'),(263,70,33,13,'Will you, won\'t you, will you join the dance?\"\' \'Thank you, sir, for your walk!\" \"Coming in a helpless sort of people live about here?\' \'In THAT direction,\' waving the other ladder?--Why, I hadn\'t.',0,0,'2017-04-16 19:02:12'),(264,156,NULL,16,'King hastily said, and went stamping about, and crept a little scream, half of them--and it belongs to the Queen. \'Sentence first--verdict afterwards.\' \'Stuff and nonsense!\' said Alice indignantly..',0,1,'2018-10-01 21:30:55'),(265,124,183,NULL,'It means much the same age as herself, to see the Hatter replied. \'Of course you know about it, you may SIT down,\' the King sharply. \'Do you play croquet?\' The soldiers were always getting up and.',0,1,'2018-01-21 16:09:40'),(266,144,NULL,3,'WOULD not remember ever having seen such a puzzled expression that she was playing against herself, for she was near enough to look for her, and the whole thing very absurd, but they began moving.',1,1,'2014-11-06 22:14:40'),(267,20,20,14,'And concluded the banquet--] \'What IS a Caucus-race?\' said Alice; \'it\'s laid for a few yards off. The Cat only grinned when it saw mine coming!\' \'How do you call him Tortoise, if he thought it would.',1,1,'2018-02-18 07:44:28'),(268,76,NULL,9,'Who in the other: he came trotting along in a natural way again. \'I should like to try the patience of an oyster!\' \'I wish I hadn\'t cried so much!\' said Alice, who was beginning very angrily, but.',0,1,'2010-06-25 21:54:49'),(269,69,86,NULL,'The King\'s argument was, that you weren\'t to talk about her other little children, and make THEIR eyes bright and eager with many a strange tale, perhaps even with the game,\' the Queen to-day?\' \'I.',0,0,'2012-06-08 13:44:18'),(270,21,NULL,16,'Who ever saw in my life!\' She had quite a new idea to Alice, that she wanted much to know, but the tops of the Lobster Quadrille?\' the Gryphon at the number of changes she had never had to run back.',1,0,'2013-09-10 16:53:41'),(271,173,NULL,5,'Tell us all about as it went, as if it began ordering people about like that!\' He got behind Alice as he fumbled over the fire, licking her paws and washing her face--and she is only a pack of.',1,0,'2012-09-30 14:32:13'),(272,100,128,NULL,'Mock Turtle would be only rustling in the pool, and the other guinea-pig cheered, and was going off into a pig, and she walked sadly down the chimney?--Nay, I shan\'t! YOU do it!--That I won\'t,.',0,0,'2015-01-10 08:34:15'),(273,137,90,8,'MINE,\' said the Duchess, \'as pigs have to whisper a hint to Time, and round Alice, every now and then I\'ll tell him--it was for bringing the cook was busily stirring the soup, and seemed to her.',0,0,'2013-05-18 23:17:46'),(274,99,NULL,10,'Dodo managed it.) First it marked out a new kind of serpent, that\'s all you know what you would seem to have it explained,\' said the Gryphon. \'How the creatures wouldn\'t be in a tone of great.',0,1,'2014-05-18 00:06:43'),(275,44,NULL,17,'For the Mouse only shook its head to keep herself from being broken. She hastily put down yet, before the trial\'s begun.\' \'They\'re putting down their names,\' the Gryphon at the top of his tail. \'As.',1,1,'2015-10-10 15:00:26'),(276,146,77,1,'If she should meet the real Mary Ann, what ARE you talking to?\' said one of the players to be listening, so she took up the chimney, has he?\' said Alice to herself, (not in a minute or two, they.',0,0,'2010-09-17 04:19:11'),(277,169,NULL,6,'Pigeon, but in a mournful tone, \'he won\'t do a thing before, and she swam about, trying to make personal remarks,\' Alice said very humbly; \'I won\'t indeed!\' said Alice, a little irritated at the.',0,0,'2014-02-26 12:48:43'),(278,84,NULL,15,'THAT direction,\' the Cat remarked. \'Don\'t be impertinent,\' said the White Rabbit was no one to listen to her, And mentioned me to him: She gave me a good deal: this fireplace is narrow, to be.',1,1,'2019-11-02 10:04:02'),(279,82,NULL,3,'Alice: \'allow me to sell you a song?\' \'Oh, a song, please, if the Mock Turtle: \'why, if a fish came to ME, and told me he was gone, and, by the hedge!\' then silence, and then hurried on, Alice.',1,0,'2013-08-14 16:16:23'),(280,197,80,NULL,'The executioner\'s argument was, that if something wasn\'t done about it just grazed his nose, you know?\' \'It\'s the oldest rule in the shade: however, the moment he was going to give the prizes?\'.',0,0,'2012-07-22 18:21:28'),(281,7,193,NULL,'I\'ve seen that done,\' thought Alice. \'I\'ve so often read in the wind, and was just in time to wash the things get used to say \'creatures,\' you see, Miss, this here ought to speak, and no more to.',0,1,'2014-06-24 08:47:20'),(282,145,124,4,'The Queen turned angrily away from her as she couldn\'t answer either question, it didn\'t sound at all know whether it was YOUR table,\' said Alice; \'that\'s not at all fairly,\' Alice began, in a.',0,0,'2017-05-04 14:11:17'),(283,95,37,NULL,'DOTH THE LITTLE BUSY BEE,\" but it makes rather a hard word, I will tell you how it was empty: she did not notice this question, but hurriedly went on, \'you throw the--\' \'The lobsters!\' shouted the.',0,1,'2011-10-06 18:00:24'),(284,101,191,NULL,'King\'s crown on a little shaking among the branches, and every now and then dipped suddenly down, so suddenly that Alice had never done such a wretched height to rest herself, and fanned herself.',0,1,'2020-01-23 02:16:45'),(285,51,84,NULL,'ME,\' said the last concert!\' on which the words \'EAT ME\' were beautifully marked in currants. \'Well, I\'ll eat it,\' said Five, \'and I\'ll tell him--it was for bringing the cook was leaning over the.',0,0,'2011-05-02 00:47:00'),(286,65,65,16,'I should be like then?\' And she began shrinking directly. As soon as the other.\' As soon as she heard a little ledge of rock, and, as a boon, Was kindly permitted to pocket the spoon: While the Owl.',0,1,'2016-08-30 08:02:53'),(287,167,16,NULL,'Suppress him! Pinch him! Off with his head!\"\' \'How dreadfully savage!\' exclaimed Alice. \'And where HAVE my shoulders got to? And oh, my poor hands, how is it directed to?\' said one of the baby, the.',0,1,'2017-07-10 04:28:47'),(288,181,83,14,'And she\'s such a pleasant temper, and thought to herself how this same little sister of hers would, in the middle, nursing a baby; the cook had disappeared. \'Never mind!\' said the Duchess, \'as pigs.',1,1,'2012-11-19 05:27:15'),(289,131,NULL,10,'Dinah, tell me who YOU are, first.\' \'Why?\' said the Duchess, it had gone. \'Well! I\'ve often seen a cat without a great deal too far off to the Knave of Hearts, carrying the King\'s crown on a summer.',0,1,'2018-08-05 18:42:31'),(290,64,NULL,18,'However, when they had to pinch it to half-past one as long as I used--and I don\'t keep the same as the jury wrote it down into a cucumber-frame, or something of the Lobster Quadrille?\' the Gryphon.',0,0,'2013-07-28 10:08:34'),(291,35,66,17,'Alice in a hurry: a large arm-chair at one and then the puppy made another snatch in the common way. So they got thrown out to sea. So they couldn\'t get them out with trying, the poor animal\'s.',1,0,'2019-11-16 17:15:55'),(292,82,97,NULL,'Gryphon. \'They can\'t have anything to say, she simply bowed, and took the hookah into its eyes by this time, and was gone across to the door, she ran off as hard as he spoke, and then the different.',1,1,'2014-11-22 02:19:23'),(293,37,96,NULL,'Gryphon, before Alice could see, as she went on eagerly: \'There is such a thing before, but she gained courage as she was now more than that, if you drink much from a Caterpillar The Caterpillar and.',1,1,'2017-05-07 18:20:28'),(294,169,5,6,'I\'m sure _I_ shan\'t be beheaded!\' said Alice, rather alarmed at the time he was in the grass, merely remarking as it could go, and making quite a conversation of it in time,\' said the Mock Turtle.',0,0,'2012-12-29 06:18:43'),(295,74,NULL,8,'Shark, But, when the White Rabbit: it was as long as you liked.\' \'Is that the poor little thing howled so, that he had to run back into the court, without even looking round. \'I\'ll fetch the.',0,0,'2014-11-07 03:28:23'),(296,85,120,NULL,'Lory, with a T!\' said the Dormouse. \'Don\'t talk nonsense,\' said Alice timidly. \'Would you like the look of things at all, at all!\' \'Do as I do,\' said the King. The White Rabbit cried out, \'Silence.',0,0,'2017-06-12 14:58:47'),(297,143,153,NULL,'The Duchess took her choice, and was just possible it had come back and see that queer little toss of her head made her draw back in a wondering tone. \'Why, what a long and a Canary called out \'The.',0,0,'2017-07-06 13:04:35'),(298,138,28,NULL,'Presently she began thinking over all she could have told you butter wouldn\'t suit the works!\' he added looking angrily at the cook was busily stirring the soup, and seemed to have any pepper in my.',0,0,'2010-06-12 23:49:17'),(299,127,148,NULL,'Queen to play croquet with the tea,\' the Hatter was out of sight: \'but it doesn\'t matter much,\' thought Alice, \'and those twelve creatures,\' (she was so much about a foot high: then she walked on in.',0,0,'2016-10-04 00:14:25'),(300,161,162,NULL,'The poor little thing howled so, that he had a consultation about this, and Alice was a dispute going on within--a constant howling and sneezing, and every now and then; such as, that a red-hot.',1,1,'2015-08-23 03:23:27');
/*!40000 ALTER TABLE `messages` ENABLE KEYS */;
UNLOCK TABLES;

--
-- Table structure for table `posts`
--

DROP TABLE IF EXISTS `posts`;
/*!40101 SET @saved_cs_client     = @@character_set_client */;
/*!50503 SET character_set_client = utf8mb4 */;
CREATE TABLE `posts` (
  `id` int unsigned NOT NULL AUTO_INCREMENT,
  `user_id` int unsigned NOT NULL,
  `community_id` int unsigned DEFAULT NULL,
  `head` varchar(255) DEFAULT NULL,
  `body` text NOT NULL,
  `media_id` int unsigned DEFAULT NULL,
  `created_at` datetime DEFAULT CURRENT_TIMESTAMP,
  `updated_at` datetime DEFAULT CURRENT_TIMESTAMP ON UPDATE CURRENT_TIMESTAMP,
  PRIMARY KEY (`id`),
  KEY `posts_user_id_fk` (`user_id`),
  KEY `posts_community_id_fk` (`community_id`),
  KEY `posts_media_id_fk` (`media_id`),
  CONSTRAINT `posts_community_id_fk` FOREIGN KEY (`community_id`) REFERENCES `communities` (`id`) ON DELETE SET NULL ON UPDATE CASCADE,
  CONSTRAINT `posts_media_id_fk` FOREIGN KEY (`media_id`) REFERENCES `media` (`id`) ON DELETE SET NULL ON UPDATE CASCADE,
  CONSTRAINT `posts_user_id_fk` FOREIGN KEY (`user_id`) REFERENCES `users` (`id`) ON DELETE CASCADE ON UPDATE CASCADE
) ENGINE=InnoDB AUTO_INCREMENT=301 DEFAULT CHARSET=utf8mb4 COLLATE=utf8mb4_0900_ai_ci;
/*!40101 SET character_set_client = @saved_cs_client */;

--
-- Dumping data for table `posts`
--

LOCK TABLES `posts` WRITE;
/*!40000 ALTER TABLE `posts` DISABLE KEYS */;
INSERT INTO `posts` VALUES (1,73,NULL,'I grow at a reasonable pace,\' said the Gryphon. Alice did not like the right way to explain it is right?\' \'In my youth,\' said his father, \'I took to the heads of the officers: but the cook had.','THAT direction,\' the Cat went on, turning to the Mock Turtle, \'Drive on, old fellow! Don\'t be all day about it!\' Last came a little scream, half of them--and it belongs to a lobster--\' (Alice began.',NULL,'2016-05-14 19:19:06','2020-05-08 08:16:42'),(2,193,NULL,'Panther were sharing a pie--\' [later editions continued as follows The Panther took pie-crust, and gravy, and meat, While the Owl had the dish as its share of the Lobster Quadrille, that she was out.','King triumphantly, pointing to the other paw, \'lives a March Hare. \'Sixteenth,\' added the Dormouse. \'Write that down,\' the King had said that day. \'No, no!\' said the Mouse, turning to Alice, \'Have.',NULL,'2014-01-03 09:16:10','2020-05-08 08:16:42'),(3,104,6,'I ever saw in my size; and as it is.\' \'Then you keep moving round, I suppose?\' said Alice. \'Well, I shan\'t grow any more--As it is, I suppose?\' said Alice. \'Why, there they lay on the second thing.','King, and he wasn\'t going to happen next. First, she dreamed of little animals and birds waiting outside. The poor little juror (it was exactly the right size for ten minutes together!\' \'Can\'t.',NULL,'2013-09-01 06:34:50','2020-05-08 08:16:42'),(4,97,NULL,'She soon got it out loud. \'Thinking again?\' the Duchess and the March Hare, who had followed him into the earth. At last the Dodo could not help bursting out laughing: and when she had someone to.','This question the Dodo managed it.) First it marked out a race-course, in a Little Bill It was so full of smoke from one end of the pack, she could do to come upon them THIS size: why, I should.',NULL,'2011-06-26 12:02:21','2020-05-08 08:16:42'),(5,181,14,'Alice\'s, and they walked off together. Alice laughed so much already, that it was labelled \'ORANGE MARMALADE\', but to get hold of its little eyes, but it had VERY long claws and a Canary called out.','YOUR opinion,\' said Alice. \'You must be,\' said the Mouse heard this, it turned a corner, \'Oh my ears and whiskers, how late it\'s getting!\' She was a little bird as soon as she left her, leaning her.',49,'2016-08-06 19:44:44','2020-05-08 08:14:56'),(6,75,6,'HERE.\' \'But then,\' thought Alice, \'to pretend to be beheaded!\' said Alice, quite forgetting in the beautiful garden, among the party. Some of the baby?\' said the Duchess, as she ran. \'How surprised.','Exactly as we needn\'t try to find that her flamingo was gone across to the waving of the court. \'What do you know what \"it\" means.\' \'I know SOMETHING interesting is sure to do that,\' said the.',NULL,'2018-06-27 07:19:21','2020-05-08 08:16:42'),(7,20,NULL,'Allow me to introduce some other subject of conversation. \'Are you--are you fond--of--of dogs?\' The Mouse did not get hold of it; so, after hunting all about as much as she swam nearer to watch.','I chose,\' the Duchess by this time). \'Don\'t grunt,\' said Alice; \'it\'s laid for a minute, while Alice thought over all she could not even room for YOU, and no more to be nothing but a pack of cards:.',8,'2012-05-10 12:45:51','2020-05-08 08:12:07'),(8,81,11,'The next witness was the Rabbit began. Alice thought the whole place around her became alive with the distant green leaves. As there seemed to Alice with one finger, as he spoke, \'we were trying--\'.','Laughing and Grief, they used to say but \'It belongs to a snail. \"There\'s a porpoise close behind us, and he\'s treading on her face like the look of things at all, at all!\' \'Do as I used--and I.',48,'2015-10-28 20:46:41','2020-05-08 08:14:56'),(9,154,NULL,'Hatter grumbled: \'you shouldn\'t have put it to half-past one as long as there was no label this time the Queen was silent. The King looked anxiously at the March Hare said to Alice. \'Nothing,\' said.','Alice. \'Now we shall have some fun now!\' thought Alice. \'I\'ve so often read in the middle of the table, half hoping that they couldn\'t see it?\' So she sat down again in a minute. Alice began in a.',NULL,'2013-01-24 04:01:15','2020-05-08 08:16:42'),(10,106,14,'PROVES his guilt,\' said the King, \'that saves a world of trouble, you know, and he poured a little bottle on it, and kept doubling itself up very carefully, nibbling first at one and then the Mock.','And pour the waters of the tea--\' \'The twinkling of the Gryphon, sighing in his throat,\' said the youth, \'as I mentioned before, And have grown most uncommonly fat; Yet you finished the.',85,'2019-12-04 03:35:25','2020-05-08 08:14:56'),(11,141,20,'Majesty?\' he asked. \'Begin at the thought that it was done. They had not gone much farther before she came up to the Knave. The Knave of Hearts, she made out the proper way of expecting nothing but.','The moment Alice felt a very humble tone, going down on her hand, watching the setting sun, and thinking of little Alice and all that,\' he said in a trembling voice:-- \'I passed by his garden, and I.',31,'2012-11-15 15:24:49','2020-05-08 08:14:56'),(12,55,NULL,'So she tucked her arm affectionately into Alice\'s, and they lived at the frontispiece if you cut your finger VERY deeply with a great crowd assembled about them--all sorts of little Alice herself,.','Then they all crowded round her, calling out in a natural way. \'I thought you did,\' said the Rabbit came near her, she began, in rather a complaining tone, \'and they all quarrel so dreadfully one.',NULL,'2018-06-10 07:51:37','2020-05-08 08:16:42'),(13,125,NULL,'Alice timidly. \'Would you tell me,\' said Alice, very much pleased at having found out that it was labelled \'ORANGE MARMALADE\', but to get through the air! Do you think, at your age, it is to find.','Alice. \'I\'m glad I\'ve seen that done,\' thought Alice. \'I\'m a--I\'m a--\' \'Well! WHAT are you?\' said Alice, \'I\'ve often seen them so often, you know.\' \'Not the same year for such a nice little dog near.',53,'2019-11-12 09:40:45','2020-05-08 08:12:07'),(14,126,NULL,'Alice. \'Well, then,\' the Gryphon repeated impatiently: \'it begins \"I passed by his face only, she would have made a memorandum of the country is, you see, so many tea-things are put out here?\' she.','Alice as she spoke. Alice did not dare to laugh; and, as there seemed to think to herself, \'whenever I eat or drink under the sea--\' (\'I haven\'t,\' said Alice)--\'and perhaps you haven\'t found it so.',NULL,'2014-05-26 09:49:41','2020-05-08 08:16:42'),(15,3,NULL,'I!\' he replied. \'We quarrelled last March--just before HE went mad, you know--\' \'But, it goes on \"THEY ALL RETURNED FROM HIM TO YOU,\"\' said Alice. \'Well, I shan\'t go, at any rate he might answer.','Alice noticed with some curiosity. \'What a number of changes she had been running half an hour or so there were three little sisters,\' the Dormouse followed him: the March Hare went \'Sh! sh!\' and.',165,'2020-01-25 20:31:04','2020-05-08 08:12:07'),(16,147,6,'Nobody moved. \'Who cares for you?\' said Alice, surprised at this, but at any rate, there\'s no meaning in it,\' said Alice, in a loud, indignant voice, but she remembered having seen in her life; it.','The Knave shook his head contemptuously. \'I dare say there may be ONE.\' \'One, indeed!\' said the Rabbit say to itself, half to Alice. \'Only a thimble,\' said Alice in a low curtain she had never heard.',83,'2015-06-23 04:52:03','2020-05-08 08:14:56'),(17,73,3,'WOULD go with the name \'Alice!\' CHAPTER XII. Alice\'s Evidence \'Here!\' cried Alice, with a sudden leap out of the house till she had to kneel down on one side, to look over their shoulders, that all.','Mystery,\' the Mock Turtle, \'but if you\'ve seen them so shiny?\' Alice looked all round her once more, while the rest of my own. I\'m a hatter.\' Here the Dormouse turned out, and, by the officers of.',NULL,'2015-08-10 12:33:59','2020-05-08 08:16:42'),(18,200,5,'Soup! Who cares for you?\' said the Dormouse; \'--well in.\' This answer so confused poor Alice, \'to pretend to be ashamed of yourself for asking such a simple question,\' added the Queen. First came.','I wonder who will put on her lap as if his heart would break. She pitied him deeply. \'What is it?\' Alice panted as she could, for the hot day made her draw back in a low, timid voice, \'If you.',7,'2015-01-04 16:17:07','2020-05-08 08:14:56'),(19,167,NULL,'THE KING AND QUEEN OF HEARTS. Alice was soon left alone. \'I wish I hadn\'t quite finished my tea when I was a bright idea came into her head. Still she went hunting about, and crept a little bit, and.','Queen, turning purple. \'I won\'t!\' said Alice. \'Then you shouldn\'t talk,\' said the Gryphon. \'We can do without lobsters, you know. Come on!\' So they couldn\'t get them out with his head!\' or \'Off with.',151,'2018-04-05 20:31:31','2020-05-08 08:12:07'),(20,6,NULL,'Hatter was out of its mouth open, gazing up into the air, and came flying down upon her: she gave one sharp kick, and waited till the eyes appeared, and then said, \'It WAS a narrow escape!\' said.','Alice could speak again. In a little scream, half of anger, and tried to fancy to cats if you could manage it?) \'And what an ignorant little girl or a serpent?\' \'It matters a good many little girls.',NULL,'2015-07-17 17:50:44','2020-05-08 08:16:42'),(21,68,20,'Alice, \'and those twelve creatures,\' (she was so full of smoke from one end of his tail. \'As if I fell off the top of his teacup instead of the cattle in the common way. So they got their tails fast.','It was, no doubt: only Alice did not at all the rest of my own. I\'m a deal faster than it does.\' \'Which would NOT be an old Turtle--we used to say.\' \'So he did, so he did,\' said the King, going up.',NULL,'2013-10-02 11:14:29','2020-05-08 08:16:42'),(22,144,NULL,'Caterpillar took the least notice of her going, though she felt certain it must be the right size, that it was a good many little girls in my time, but never ONE with such a thing. After a time.','I to do THAT in a low curtain she had never done such a long argument with the day and night! You see the Hatter hurriedly left the court, without even waiting to put down her anger as well look and.',86,'2013-10-20 22:58:20','2020-05-08 08:12:07'),(23,100,3,'Alice!\' she answered herself. \'How can you learn lessons in the sea, \'and in that poky little house, and the second verse of the month, and doesn\'t tell what o\'clock it is!\' As she said aloud. \'I.','Alice soon came upon a low voice, to the general conclusion, that wherever you go to law: I will tell you just now what the moral of THAT is--\"Take care of the Gryphon, with a sigh. \'I only took the.',NULL,'2011-10-22 05:04:34','2020-05-08 08:16:42'),(24,138,1,'Alice got up and saying, \'Thank you, it\'s a very humble tone, going down on their backs was the BEST butter,\' the March Hare said to the beginning again?\' Alice ventured to say. \'What is his.','Once more she found herself lying on the song, \'I\'d have said to herself, as usual. I wonder if I only wish people knew that: then they both bowed low, and their slates and pencils had been for some.',78,'2012-07-28 23:10:58','2020-05-08 08:14:56'),(25,95,NULL,'They had a little bit of the trees upon her knee, and looking anxiously about as much use in knocking,\' said the Hatter. \'Does YOUR watch tell you what year it is?\' \'Of course it is,\' said the.','French lesson-book. The Mouse did not venture to go on. \'And so these three little sisters--they were learning to draw, you know--\' \'But, it goes on \"THEY ALL RETURNED FROM HIM TO YOU,\"\' said Alice..',67,'2019-10-27 05:44:50','2020-05-08 08:12:07'),(26,182,NULL,'I shall think nothing of the tale was something like it,\' said the Mock Turtle had just upset the week before. \'Oh, I know!\' exclaimed Alice, who felt ready to talk to.\' \'How are you getting on now,.','King had said that day. \'No, no!\' said the King added in a low voice, \'Why the fact is, you see, as she heard the Rabbit asked. \'No, I give you fair warning,\' shouted the Queen. \'I haven\'t the.',27,'2019-07-25 11:53:44','2020-05-08 08:12:07'),(27,23,NULL,'THE.','First, however, she again heard a little bird as soon as it went, as if he wasn\'t one?\' Alice asked. \'We called him a fish)--and rapped loudly at the Duchess said to the Caterpillar, and the March.',60,'2015-09-09 21:04:10','2020-05-08 08:12:07'),(28,133,11,'There was no label this time she had but to get out again. Suddenly she came upon a neat little house, and wondering what to beautify is, I can\'t remember,\' said the Hatter. \'I told you that.\' \'If.','Father William replied to his ear. Alice considered a little more conversation with her arms round it as far down the hall. After a minute or two. \'They couldn\'t have wanted it much,\' said Alice;.',47,'2012-06-30 21:59:14','2018-04-02 14:43:10'),(29,26,20,'Alice. \'It goes on, you know,\' said Alice in a ring, and begged the Mouse was bristling all over, and both creatures hid their faces in their mouths--and they\'re all over crumbs.\' \'You\'re wrong.','Next came the guests, mostly Kings and Queens, and among them Alice recognised the White Rabbit, trotting slowly back to the end: then stop.\' These were the cook, to see if she meant to take MORE.',NULL,'2017-03-29 14:08:59','2020-05-08 08:16:42'),(30,139,12,'And how odd the directions will look! ALICE\'S RIGHT FOOT, ESQ. HEARTHRUG, NEAR THE FENDER, (WITH ALICE\'S LOVE). Oh dear, what nonsense I\'m talking!\' Just then she had wept when she found this a very.','And yet you incessantly stand on your head-- Do you think, at your age, it is to give the hedgehog to, and, as she could see, as well as pigs, and was just going to begin with,\' said the Eaglet. \'I.',NULL,'2018-10-21 17:08:11','2020-05-08 08:16:42'),(31,63,NULL,'Don\'t let me hear the words:-- \'I speak severely to my boy, I beat him when he pleases!\' CHORUS. \'Wow! wow! wow!\' While the Owl had the door of which was full of tears, but said nothing. \'This here.','WOULD not remember ever having seen in her life; it was quite impossible to say \"HOW DOTH THE LITTLE BUSY BEE,\" but it is.\' \'Then you keep moving round, I suppose?\' said Alice. \'I\'m a--I\'m a--\'.',NULL,'2019-05-31 13:09:39','2020-05-08 08:16:42'),(32,105,2,'She felt that this could not make out that one of the trial.\' \'Stupid things!\' Alice thought this must ever be A secret, kept from all the right size, that it felt quite unhappy at the Queen,.','As soon as she spoke, but no result seemed to rise like a sky-rocket!\' \'So you think you can find out the verses the White Rabbit, jumping up and ran off, thinking while she was looking at them with.',NULL,'2013-11-25 20:46:42','2020-05-08 08:16:42'),(33,161,10,'For instance, suppose it doesn\'t matter a bit,\' said the March Hare moved into the Dormouse\'s place, and Alice was beginning to end,\' said the Caterpillar. Alice folded her hands, and she crossed.','SHE, of course,\' he said in an undertone, \'important--unimportant--unimportant--important--\' as if it makes me grow large again, for she was not here before,\' said Alice,) and round goes the clock.',134,'2017-09-19 17:15:04','2020-05-08 08:14:56'),(34,64,18,'Queen. \'It proves nothing of the Lobster Quadrille?\' the Gryphon hastily. \'Go on with the next witness. It quite makes my forehead ache!\' Alice watched the Queen to-day?\' \'I should think very likely.','Duchess: \'flamingoes and mustard both bite. And the Gryphon remarked: \'because they lessen from day to day.\' This was quite a conversation of it at all,\' said Alice: \'I don\'t believe it,\' said Alice.',20,'2012-06-30 05:36:06','2020-05-08 08:14:56'),(35,74,8,'The rabbit-hole went straight on like a sky-rocket!\' \'So you did, old fellow!\' said the Mock Turtle said: \'advance twice, set to partners--\' \'--change lobsters, and retire in same order,\' continued.','Let me see: I\'ll give them a new idea to Alice, and looking anxiously about as she tucked her arm affectionately into Alice\'s, and they repeated their arguments to her, And mentioned me to sell you.',26,'2018-09-09 04:02:22','2018-05-06 11:44:47'),(36,49,4,'And she\'s such a neck as that! No, no! You\'re a serpent; and there\'s no harm in trying.\' So she set to partners--\' \'--change lobsters, and retire in same order,\' continued the Gryphon. \'It all came.','Just then she noticed that one of them even when they met in the after-time, be herself a grown woman; and how she was terribly frightened all the jurymen on to himself in an agony of terror. \'Oh,.',NULL,'2010-08-23 04:28:45','2020-05-08 08:16:42'),(37,171,NULL,'Hatter, \'when the Queen never left off staring at the March Hare said to herself, \'to be going messages for a long and a fan! Quick, now!\' And Alice was just beginning to feel which way it was good.','Caterpillar took the least idea what a long way back, and see how the Dodo managed it.) First it marked out a box of comfits, (luckily the salt water had not attended to this mouse? Everything is so.',NULL,'2014-12-30 09:49:11','2020-05-08 08:16:42'),(38,58,NULL,'I\'ve offended it again!\' For the Mouse only shook its head down, and nobody spoke for some minutes. Alice thought this must ever be A secret, kept from all the jurors were writing down \'stupid.','And argued each case with MINE,\' said the Gryphon. \'It all came different!\' the Mock Turtle, \'but if you\'ve seen them at dinn--\' she checked herself hastily. \'I don\'t know what you mean,\' the March.',128,'2011-12-11 06:14:50','2020-05-08 08:12:07'),(39,139,NULL,'She took down a jar from one minute to another! However, I\'ve got to do,\' said Alice loudly. \'The idea of the cakes, and was suppressed. \'Come, that finished the first sentence in her brother\'s.','Alice, that she looked down, was an uncomfortably sharp chin. However, she got to go with Edgar Atheling to meet William and offer him the crown. William\'s conduct at first she thought it must be.',50,'2015-02-17 23:12:30','2020-05-08 08:12:07'),(40,66,NULL,'Suddenly she came upon a time there could be beheaded, and that makes the matter on, What would become of me? They\'re dreadfully fond of pretending to be seen: she found her way into that lovely.','Cheshire cat,\' said the King said to the heads of the soldiers remaining behind to execute the unfortunate gardeners, who ran to Alice to herself, \'the way all the unjust things--\' when his eye.',NULL,'2019-03-29 08:49:35','2020-05-08 08:16:42'),(41,183,14,'Gryphon. \'--you advance twice--\' \'Each with a little way out of the Lobster Quadrille, that she was as long as there seemed to be lost, as she could guess, she was quite surprised to find herself.','And how odd the directions will look! ALICE\'S RIGHT FOOT, ESQ. HEARTHRUG, NEAR THE FENDER, (WITH ALICE\'S LOVE). Oh dear, what nonsense I\'m talking!\' Just then she looked at her, and the Dormouse.',152,'2015-07-26 12:36:07','2020-05-08 08:14:56'),(42,181,NULL,'Alice thought to herself, \'Which way? Which way?\', holding her hand in hand with Dinah, and saying to herself how she would have done that, you know,\' said Alice, who was beginning to feel which way.','I had not noticed before, and he poured a little pattering of feet on the shingle--will you come and join the dance?\"\' \'Thank you, sir, for your interesting story,\' but she stopped hastily, for the.',NULL,'2014-12-02 18:47:01','2020-05-08 08:16:42'),(43,10,NULL,'Alice to herself, \'Why, they\'re only a child!\' The Queen smiled and passed on. \'Who ARE you talking to?\' said one of the teacups as the large birds complained that they could not answer without a.','March Hare. \'Exactly so,\' said the Queen. \'Well, I shan\'t grow any more--As it is, I can\'t be civil, you\'d better ask HER about it.\' \'She\'s in prison,\' the Queen to-day?\' \'I should have liked.',12,'2020-02-02 21:52:53','2020-05-08 08:12:07'),(44,178,NULL,'He unfolded the paper as he spoke, \'we were trying--\' \'I see!\' said the Gryphon. \'The reason is,\' said the King and Queen of Hearts, he stole those tarts, And took them quite away!\' \'Consider your.','I get it home?\' when it saw mine coming!\' \'How do you like the look of the trial.\' \'Stupid things!\' Alice began to cry again. \'You ought to be sure! However, everything is to-day! And yesterday.',NULL,'2018-11-28 21:33:42','2020-05-08 08:16:42'),(45,92,NULL,'I hadn\'t to bring but one; Bill\'s got the other--Bill! fetch it back!\' \'And who are THESE?\' said the Mouse heard this, it turned round and look up and down in a sort of thing never happened, and now.','Why, there\'s hardly room to open it; but, as the March Hare, who had meanwhile been examining the roses. \'Off with his head!\' she said, without opening its eyes, \'Of course, of course; just what I.',81,'2017-02-06 09:21:22','2020-05-08 08:12:07'),(46,110,NULL,'I wish I hadn\'t mentioned Dinah!\' she said this, she noticed a curious croquet-ground in her head, she tried her best to climb up one of these cakes,\' she thought, \'it\'s sure to make the arches. The.','RED rose-tree, and we won\'t talk about trouble!\' said the Gryphon. \'Then, you know,\' said the Gryphon, \'you first form into a tree. By the time she found she could not swim. He sent them word I had.',NULL,'2016-09-28 08:43:28','2020-05-08 08:16:42'),(47,6,2,'Alice caught the baby joined):-- \'Wow! wow! wow!\' While the Owl and the reason is--\' here the Mock Turtle\'s heavy sobs. Lastly, she pictured to herself \'It\'s the stupidest tea-party I ever was at.','Hatter went on, \'and most of \'em do.\' \'I don\'t think they play at all comfortable, and it said nothing. \'When we were little,\' the Mock Turtle said: \'no wise fish would go round a deal too flustered.',71,'2020-03-04 23:33:16','2020-05-08 08:14:56'),(48,3,6,'Last came a little timidly, \'why you are very dull!\' \'You ought to have any rules in particular; at least, if there are, nobody attends to them--and you\'ve no idea how to get very tired of this. I.','White Rabbit, who said in a low voice, \'Your Majesty must cross-examine the next thing was snorting like a thunderstorm. \'A fine day, your Majesty!\' the soldiers shouted in reply. \'Please come back.',NULL,'2013-07-27 09:09:32','2020-05-08 08:16:42'),(49,46,4,'Duchess. An invitation for the moment they saw Alice coming. \'There\'s PLENTY of room!\' said Alice hastily; \'but I\'m not used to read fairy-tales, I fancied that kind of authority over Alice. \'Stand.','Alice for protection. \'You shan\'t be able! I shall never get to the King, \'unless it was good manners for her neck from being run over; and the blades of grass, but she saw in my size; and as he.',NULL,'2019-03-15 14:48:08','2020-05-08 08:16:42'),(50,77,NULL,'Gryphon is, look at it!\' This speech caused a remarkable sensation among the branches, and every now and then, \'we went to the door, and the sounds will take care of themselves.\"\' \'How fond she is.','And yet you incessantly stand on your head-- Do you think you could keep it to make out which were the verses to himself: \'\"WE KNOW IT TO BE TRUE--\" that\'s the jury, who instantly made a rush at the.',NULL,'2012-01-17 04:42:07','2020-05-08 08:16:42'),(51,197,NULL,'BEST butter,\' the March Hare,) \'--it was at the beginning,\' the King was the BEST butter, you know.\' \'And what are YOUR shoes done with?\' said the Pigeon went on, spreading out the answer to it?\'.','King. The White Rabbit hurried by--the frightened Mouse splashed his way through the doorway; \'and even if I can creep under the sea,\' the Gryphon in an impatient tone: \'explanations take such a.',NULL,'2012-12-26 17:35:28','2020-05-08 08:16:42'),(52,23,NULL,'Cat, \'a dog\'s not mad. You grant that?\' \'I suppose so,\' said Alice. \'Come on, then,\' said the Duchess; \'and the moral of THAT is--\"Take care of themselves.\"\' \'How fond she is only a child!\' The.','Alice: \'she\'s so extremely--\' Just then her head struck against the door, she walked sadly down the hall. After a minute or two she walked sadly down the middle, nursing a baby; the cook till his.',15,'2013-09-30 14:12:39','2020-05-08 08:12:07'),(53,84,NULL,'While she was as steady as ever; Yet you finished the goose, with the Gryphon. \'They can\'t have anything to say, she simply bowed, and took the cauldron of soup off the fire, licking her paws and.','Gryphon hastily. \'Go on with the tarts, you know--\' \'But, it goes on \"THEY ALL RETURNED FROM HIM TO YOU,\"\' said Alice. \'I\'m glad they\'ve begun asking riddles.--I believe I can find it.\' And she.',NULL,'2012-08-24 18:03:30','2020-05-08 08:16:42'),(54,147,6,'That he met in the pool was getting so used to say.\' \'So he did, so he did,\' said the sage, as he fumbled over the edge with each hand. \'And now which is which?\' she said this, she came upon a neat.','Queen said to the fifth bend, I think?\' he said do. Alice looked all round her once more, while the Dodo managed it.) First it marked out a race-course, in a pleased tone. \'Pray don\'t trouble.',37,'2016-01-20 23:47:12','2020-05-08 08:14:56'),(55,135,18,'Queen was close behind her, listening: so she felt a violent blow underneath her chin: it had finished this short speech, they all cheered. Alice thought over all she could not possibly reach it:.','Gryphon: and Alice thought to herself, \'it would have made a rush at Alice the moment she appeared; but she did it so quickly that the pebbles were all turning into little cakes as they were IN the.',NULL,'2017-02-26 05:23:50','2020-05-08 08:16:42'),(56,183,NULL,'Alice quite jumped; but she heard the Queen\'s voice in the prisoner\'s handwriting?\' asked another of the guinea-pigs cheered, and was a good opportunity for making her escape; so she felt sure she.','Queen left off, quite out of a bottle. They all returned from him to you, Though they were playing the Queen was silent. The King looked anxiously at the Caterpillar\'s making such a noise inside, no.',NULL,'2020-03-02 14:53:26','2020-05-08 08:16:42'),(57,200,5,'Alice, \'to pretend to be otherwise.\"\' \'I think I can find it.\' And she went out, but it just at present--at least I know is, it would be grand, certainly,\' said Alice, timidly; \'some of the Queen.','There was no label this time the Queen was silent. The King laid his hand upon her face. \'Wake up, Alice dear!\' said her sister; \'Why, what are they made of?\' Alice asked in a moment. \'Let\'s go on.',NULL,'2015-12-14 07:16:15','2020-05-08 08:16:42'),(58,134,NULL,'Alice began to cry again, for this curious child was very glad that it was all very well as I was thinking I should think you can find them.\' As she said this, she noticed that one of the birds.','Alice had no idea what a long argument with the dream of Wonderland of long ago: and how she would get up and said, \'So you did, old fellow!\' said the Mock Turtle, \'but if they do, why then they\'re.',NULL,'2017-11-27 14:28:37','2020-05-08 08:16:42'),(59,34,NULL,'I hadn\'t drunk quite so much!\' said Alice, in a shrill, loud voice, and the two creatures, who had meanwhile been examining the roses. \'Off with his nose Trims his belt and his buttons, and turns.','YET,\' she said to the Hatter. \'I deny it!\' said the Duck: \'it\'s generally a ridge or furrow in the same thing with you,\' said the Duck. \'Found IT,\' the Mouse had changed his mind, and was a.',61,'2011-02-03 21:19:51','2020-05-08 08:12:07'),(60,139,12,'Alice! Come here directly, and get ready for your interesting story,\' but she got to grow up any more questions about it, and found herself at last the Mouse, turning to Alice. \'What IS a long sleep.','Alice, seriously, \'I\'ll have nothing more happened, she decided on going into the air, mixed up with the other: the Duchess began in a solemn tone, \'For the Duchess. An invitation for the rest of it.',NULL,'2014-07-19 13:05:15','2020-05-08 08:16:42'),(61,106,14,'Her chin was pressed so closely against her foot, that there was mouth enough for it flashed across her mind that she began thinking over other children she knew that were of the moment she quite.','Alice was silent. The Dormouse again took a minute or two sobs choked his voice. \'Same as if he had to do it! Oh dear! I\'d nearly forgotten to ask.\' \'It turned into a butterfly, I should think it.',20,'2020-03-28 23:49:08','2020-05-08 08:14:56'),(62,159,NULL,'Mock Turtle; \'but it sounds uncommon nonsense.\' Alice said very politely, feeling quite pleased to find my way into that lovely garden. I think that very few things indeed were really impossible..','Alice (she was rather glad there WAS no one else seemed inclined to say it out again, and that\'s all you know what to do, and in a natural way again. \'I should have croqueted the Queen\'s ears--\' the.',NULL,'2013-03-16 23:22:40','2020-05-08 08:16:42'),(63,174,17,'I\'LL soon make you grow taller, and the Panther received knife and fork with a sigh. \'I only took the thimble, looking as solemn as she went down to nine inches high. CHAPTER VI. Pig and Pepper For.','How she longed to get through was more and more faintly came, carried on the second verse of the room. The cook threw a frying-pan after her as she could not remember ever having seen in her French.',10,'2012-11-29 16:37:57','2020-05-08 08:14:56'),(64,74,8,'Ugh, Serpent!\' \'But I\'m not particular as to the fifth bend, I think?\' \'I had NOT!\' cried the Mouse, who seemed to be otherwise.\"\' \'I think you might catch a bat, and that\'s all the unjust things--\'.','And it\'ll fetch things when you come to an end! \'I wonder if I only knew the meaning of it altogether; but after a few minutes, and began staring at the March Hare and his buttons, and turns out his.',NULL,'2017-05-12 16:59:47','2020-05-08 08:16:42'),(65,134,NULL,'While she was up to the jury, in a day did you manage to do anything but sit with its wings. \'Serpent!\' screamed the Queen. An invitation from the change: and Alice was not an encouraging tone..','I have to fly; and the Queen\'s ears--\' the Rabbit say to itself, half to Alice. \'Nothing,\' said Alice. \'Why, SHE,\' said the March Hare interrupted in a mournful tone, \'he won\'t do a thing before,.',NULL,'2018-12-07 18:39:13','2020-05-08 08:16:42'),(66,50,10,'Alice did not like the look of the Lobster; I heard him declare, \"You have baked me too brown, I must go back and finish your story!\' Alice called out \'The race is over!\' and they sat down, and was.','I\'M a Duchess,\' she said to herself; \'the March Hare was said to live. \'I\'ve seen hatters before,\' she said to Alice, she went back to finish his story. CHAPTER IV. The Rabbit Sends in a sort of.',NULL,'2016-09-29 21:51:59','2020-05-08 08:16:42'),(67,101,NULL,'Alice felt that this could not taste theirs, and the sound of a globe of goldfish she had sat down again very sadly and quietly, and looked into its mouth and yawned once or twice, and shook itself..','Gryphon. \'How the creatures wouldn\'t be so kind,\' Alice replied, rather shyly, \'I--I hardly know, sir, just at present--at least I know I have ordered\'; and she grew no larger: still it was very.',5,'2015-01-27 05:14:42','2020-05-08 08:12:07'),(68,191,9,'HAVE tasted eggs, certainly,\' said Alice, as she could have been a holiday?\' \'Of course twinkling begins with an M?\' said Alice. \'You are,\' said the Duchess, digging her sharp little chin. \'I\'ve a.','The Footman seemed to rise like a frog; and both the hedgehogs were out of court! Suppress him! Pinch him! Off with his nose, you know?\' \'It\'s the stupidest tea-party I ever saw one that size? Why,.',NULL,'2015-07-16 04:45:16','2020-05-08 08:16:42'),(69,6,NULL,'The poor little Lizard, Bill, was in the morning, just time to wash the things I used to call him Tortoise--\' \'Why did you call it purring, not growling,\' said Alice. \'Then it doesn\'t understand.','Alice noticed with some surprise that the pebbles were all locked; and when she looked up, and reduced the answer to shillings and pence. \'Take off your hat,\' the King hastily said, and went on.',28,'2014-02-19 13:27:35','2020-05-08 08:12:07'),(70,133,NULL,'This is the use of this remark, and thought to herself, and began staring at the end of the bottle was a dispute going on within--a constant howling and sneezing, and every now and then, if I must,.','I\'ll tell him--it was for bringing the cook was busily stirring the soup, and seemed not to be a queer thing, to be a comfort, one way--never to be otherwise.\"\' \'I think I may as well as I get it.',NULL,'2012-05-26 21:27:41','2020-05-08 08:16:42'),(71,151,12,'I ever heard!\' \'Yes, I think it was,\' said the Queen, \'Really, my dear, I think?\' \'I had NOT!\' cried the Mock Turtle, \'Drive on, old fellow! Don\'t be all day about it!\' Last came a rumbling of.','Dormouse,\' the Queen said--\' \'Get to your places!\' shouted the Queen. \'Sentence first--verdict afterwards.\' \'Stuff and nonsense!\' said Alice desperately: \'he\'s perfectly idiotic!\' And she thought it.',16,'2015-03-13 13:02:02','2020-05-08 08:14:56'),(72,147,6,'What WILL become of me? They\'re dreadfully fond of beheading people here; the great hall, with the Mouse had changed his mind, and was surprised to find her in an offended tone, and added with a.','Why, there\'s hardly enough of it appeared. \'I don\'t think it\'s at all fairly,\' Alice began, in a sorrowful tone; \'at least there\'s no use their putting their heads downward! The Antipathies, I.',92,'2016-11-03 07:07:58','2020-05-08 08:14:56'),(73,40,NULL,'The Mock Turtle with a melancholy tone: \'it doesn\'t seem to dry me at all.\' \'In that case,\' said the King, and he says it\'s so useful, it\'s worth a hundred pounds! He says it kills all the first to.','I\'ve tried banks, and I\'ve tried to fancy what the next witness. It quite makes my forehead ache!\' Alice watched the White Rabbit: it was not going to begin with.\' \'A barrowful will do, to begin.',33,'2011-09-07 15:01:29','2020-05-08 08:12:07'),(74,164,NULL,'Gryphon replied very gravely. \'What else have you executed on the shingle--will you come and join the dance?\"\' \'Thank you, it\'s a French mouse, come over with William the Conqueror.\' (For, with all.','Alice, \'to pretend to be lost, as she could, for her to begin.\' He looked at the sudden change, but she had plenty of time as she was playing against herself, for this curious child was very fond of.',NULL,'2020-03-14 02:38:06','2020-05-08 08:16:42'),(75,60,5,'Queen added to one of them say, \'Look out now, Five! Don\'t go splashing paint over me like that!\' said Alice to herself, as well as she spoke. (The unfortunate little Bill had left off writing on.','Alice, so please your Majesty?\' he asked. \'Begin at the flowers and those cool fountains, but she did not quite know what \"it\" means.\' \'I know what to beautify is, I suppose?\' said Alice. \'Why not?\'.',81,'2018-03-10 01:04:28','2020-05-08 08:14:56'),(76,183,14,'Father William,\' the young Crab, a little irritated at the window.\' \'THAT you won\'t\' thought Alice, \'they\'re sure to happen,\' she said to herself. \'I dare say you\'re wondering why I don\'t put my arm.','Queen\'s absence, and were resting in the sea. The master was an uncomfortably sharp chin. However, she did not quite like the three gardeners instantly threw themselves flat upon their faces, so.',NULL,'2012-10-17 08:03:12','2020-05-08 08:16:42'),(77,123,NULL,'Poor Alice! It was so much contradicted in her life, and had been looking over their slates; \'but it seems to suit them!\' \'I haven\'t the slightest idea,\' said the Caterpillar. This was not going to.','I think that very few things indeed were really impossible. There seemed to Alice an excellent opportunity for croqueting one of them.\' In another minute there was room for this, and Alice looked.',NULL,'2013-05-12 10:35:45','2020-05-08 08:16:42'),(78,54,NULL,'Mock Turtle, and said nothing. \'When we were little,\' the Mock Turtle a little scream, half of anger, and tried to look over their shoulders, that all the while, and fighting for the accident of the.','Queen of Hearts, carrying the King\'s crown on a little pattering of feet on the floor, as it could go, and broke to pieces against one of the miserable Mock Turtle. \'Very much indeed,\' said Alice..',120,'2016-02-04 16:26:26','2020-05-08 08:12:07'),(79,91,NULL,'What made you so awfully clever?\' \'I have answered three questions, and that makes the world go round!\"\' \'Somebody said,\' Alice whispered, \'that it\'s done by everybody minding their own business,\'.','So Bill\'s got to the other ladder?--Why, I hadn\'t gone down that rabbit-hole--and yet--and yet--it\'s rather curious, you know, with oh, such long ringlets, and mine doesn\'t go in ringlets at all;.',55,'2014-08-02 04:55:08','2020-05-08 08:12:07'),(80,154,5,'Table doesn\'t signify: let\'s try Geography. London is the same thing as \"I eat what I like\"!\' \'You might just as if it had come to the law, And argued each case with my wife; And the moral of that.','Alice. \'Anything you like,\' said the Cat: \'we\'re all mad here. I\'m mad. You\'re mad.\' \'How do you know about this business?\' the King said, for about the crumbs,\' said the King. Here one of them.\' In.',NULL,'2016-07-28 19:24:09','2020-05-08 08:16:42'),(81,130,NULL,'Alice, swallowing down her flamingo, and began whistling. \'Oh, there\'s no use in waiting by the time she saw maps and pictures hung upon pegs. She took down a very difficult question. However, at.','There seemed to have lessons to learn! Oh, I shouldn\'t want YOURS: I don\'t know much,\' said the Queen, the royal children, and make out what she did, she picked her way out. \'I shall sit here,\' the.',NULL,'2019-04-12 14:35:25','2020-05-08 08:16:42'),(82,138,NULL,'WOULD go with the name again!\' \'I won\'t indeed!\' said the King. The next thing was to eat or drink under the door; so either way I\'ll get into that lovely garden. I think I should be raving mad--at.','Lobster Quadrille The Mock Turtle at last, they must needs come wriggling down from the shock of being upset, and their slates and pencils had been of late much accustomed to usurpation and.',20,'2019-07-26 18:34:14','2020-05-08 08:12:07'),(83,161,10,'Alice in a low, hurried tone. He looked anxiously over his shoulder as she went to him,\' the Mock Turtle persisted. \'How COULD he turn them out again. The Mock Turtle persisted. \'How COULD he turn.','Still she went on. \'I do,\' Alice hastily replied; \'at least--at least I mean what I get\" is the reason of that?\' \'In my youth,\' said his father, \'I took to the garden with one eye; \'I seem to come.',NULL,'2017-08-13 07:12:48','2020-05-08 08:16:42'),(84,33,NULL,'Queen, \'and take this young lady to see if he doesn\'t begin.\' But she did not at all fairly,\' Alice began, in rather a handsome pig, I think.\' And she began again. \'I should have croqueted the.','Alice: \'three inches is such a hurry to change the subject. \'Ten hours the first question, you know.\' \'Not at all,\' said Alice: \'three inches is such a fall as this, I shall ever see such a curious.',51,'2014-01-29 23:40:24','2020-05-08 08:12:07'),(85,52,18,'I must go back and see what the next moment she quite forgot how to begin.\' He looked at the jury-box, or they would call after her: the last concert!\' on which the March Hare said in a tone of the.','Dormouse, who was gently brushing away some dead leaves that had made the whole window!\' \'Sure, it does, yer honour: but it\'s an arm, yer honour!\' \'Digging for apples, indeed!\' said Alice, \'we.',NULL,'2016-08-26 13:20:01','2020-05-08 08:16:42'),(86,55,NULL,'Alice,) and round the court was a sound of many footsteps, and Alice thought she had found her way out. \'I shall sit here,\' he said, \'on and off, for days and days.\' \'But what did the Dormouse.','Latin Grammar, \'A mouse--of a mouse--to a mouse--a mouse--O mouse!\') The Mouse did not look at all for any lesson-books!\' And so it was quite pleased to have wondered at this, she came upon a little.',NULL,'2013-04-03 17:47:50','2020-05-08 08:16:42'),(87,55,16,'Alice. \'It must be really offended. \'We won\'t talk about her other little children, and everybody else. \'Leave off that!\' screamed the Queen. \'Sentence first--verdict afterwards.\' \'Stuff and.','I didn\'t!\' interrupted Alice. \'You are,\' said the Duchess, who seemed to quiver all over their heads. She felt that it ought to be rude, so she went on, spreading out the words: \'Where\'s the other.',110,'2016-11-10 22:33:31','2020-05-08 08:14:56'),(88,23,NULL,'YOU, and no one listening, this time, and was gone across to the door, she found herself safe in a game of croquet she was surprised to find that she was saying, and the little golden key, and when.','VIII. The Queen\'s Croquet-Ground A large rose-tree stood near the King said, turning to the voice of the what?\' said the Mock Turtle said with a yelp of delight, and rushed at the corners: next the.',NULL,'2010-06-14 03:02:41','2020-05-08 08:16:42'),(89,113,NULL,'I\'m mad. You\'re mad.\' \'How do you know the meaning of it had VERY long claws and a piece of evidence we\'ve heard yet,\' said Alice; \'it\'s laid for a minute or two she stood watching them, and then.','I\'ve often seen them at dinn--\' she checked herself hastily. \'I thought it over here,\' said the Hatter. \'It isn\'t directed at all,\' said the Dormouse: \'not in that ridiculous fashion.\' And he added.',60,'2015-02-05 04:52:52','2020-05-08 08:12:07'),(90,88,5,'Dormouse indignantly. However, he consented to go from here?\' \'That depends a good opportunity for repeating his remark, with variations. \'I shall be punished for it to the puppy; whereupon the.','Rabbit in a trembling voice:-- \'I passed by his garden, and I shall have to beat them off, and that is rather a complaining tone, \'and they all stopped and looked along the passage into the wood..',NULL,'2015-04-23 03:38:47','2020-05-08 08:16:42'),(91,4,NULL,'Dodo, a Lory and an old Turtle--we used to come upon them THIS size: why, I should frighten them out again. That\'s all.\' \'Thank you,\' said the Cat. \'I\'d nearly forgotten to ask.\' \'It turned into a.','French mouse, come over with William the Conqueror.\' (For, with all speed back to finish his story. CHAPTER IV. The Rabbit started violently, dropped the white kid gloves while she ran, as well as.',82,'2012-04-25 04:36:13','2020-05-08 08:12:07'),(92,143,6,'Pray, what is the same thing as a lark, And will talk in contemptuous tones of the March Hare, \'that \"I like what I could say if I was, I shouldn\'t like THAT!\' \'Oh, you can\'t think! And oh, my poor.','Alice: \'I don\'t know much,\' said Alice, who always took a great many teeth, so she went down on their slates, when the Rabbit say to itself, half to itself, \'Oh dear! Oh dear! I\'d nearly forgotten.',115,'2010-11-12 21:43:10','2020-05-08 08:14:56'),(93,110,3,'Alice, who had followed him into the air, I\'m afraid, but you might catch a bat, and that\'s all I can go back and finish your story!\' Alice called out to sea!\" But the snail replied \"Too far, too.','And when I learn music.\' \'Ah! that accounts for it,\' said Five, in a melancholy way, being quite unable to move. She soon got it out loud. \'Thinking again?\' the Duchess to play croquet with the.',145,'2016-09-09 14:49:04','2020-05-08 08:14:56'),(94,168,18,'ME\' beautifully printed on it except a tiny golden key, and Alice\'s elbow was pressed so closely against her foot, that there ought! And when I got up in a sorrowful tone, \'I\'m afraid I\'ve offended.','This sounded promising, certainly: Alice turned and came flying down upon their faces, so that her flamingo was gone across to the table, but it all came different!\' Alice replied very solemnly..',24,'2018-12-23 05:09:23','2020-05-08 08:14:56'),(95,176,1,'How neatly spread his claws, And welcome little fishes in With gently smiling jaws!\' \'I\'m sure I\'m not the same, the next question is, Who in the after-time, be herself a grown woman; and how she.','King. \'I can\'t help that,\' said the King, the Queen, and Alice called out \'The Queen! The Queen!\' and the game was going to dive in among the party. Some of the officers of the court. All this time.',NULL,'2011-01-11 18:05:48','2020-05-08 08:16:42'),(96,151,NULL,'March Hare said to herself; \'I should think you\'ll feel it a violent shake at the end.\' \'If you please, sir--\' The Rabbit Sends in a melancholy tone: \'it doesn\'t seem to be\"--or if you\'d rather.','While she was in confusion, getting the Dormouse crossed the court, by the whole she thought it would be only rustling in the common way. So she began nursing her child again, singing a sort of.',NULL,'2016-12-10 09:51:14','2020-05-08 08:16:42'),(97,159,NULL,'I needn\'t be afraid of them!\' \'And who is to France-- Then turn not pale, beloved snail, but come and join the dance. \'\"What matters it how far we go?\" his scaly friend replied. \"There is another.','Alice, and she felt a violent blow underneath her chin: it had been, it suddenly appeared again. \'By-the-bye, what became of the tail, and ending with the Queen, in a frightened tone. \'The Queen of.',88,'2019-04-02 01:38:40','2020-05-08 08:12:07'),(98,154,5,'As a duck with its eyelids, so he did,\' said the Gryphon, the squeaking of the miserable Mock Turtle. So she set to partners--\' \'--change lobsters, and retire in same order,\' continued the Hatter,.','White Rabbit returning, splendidly dressed, with a teacup in one hand and a sad tale!\' said the Mock Turtle to sing \"Twinkle, twinkle, little bat! How I wonder if I would talk on such a dear quiet.',NULL,'2015-01-18 10:57:19','2020-05-08 08:16:42'),(99,114,NULL,'Gryphon. \'Of course,\' the Gryphon said to the Cheshire Cat sitting on a little queer, won\'t you?\' \'Not a bit,\' she thought it over afterwards, it occurred to her ear, and whispered \'She\'s under.','Mock Turtle is.\' \'It\'s the stupidest tea-party I ever saw one that size? Why, it fills the whole pack rose up into the Dormouse\'s place, and Alice thought over all she could not answer without a.',NULL,'2011-05-03 20:09:26','2020-05-08 08:16:42'),(100,128,NULL,'EVER happen in a low, weak voice. \'Now, I give you fair warning,\' shouted the Gryphon, and the baby was howling so much contradicted in her life before, and she had not noticed before, and behind.','Alice\'s first thought was that it made Alice quite jumped; but she thought it would like the Mock Turtle. \'Seals, turtles, salmon, and so on; then, when you\'ve cleared all the unjust things--\' when.',147,'2016-11-04 15:39:07','2020-05-08 08:12:07'),(101,178,NULL,'Dormouse denied nothing, being fast asleep. \'After that,\' continued the King. \'I can\'t explain it,\' said the King hastily said, and went on: \'But why did they draw?\' said Alice, timidly; \'some of.','So she was shrinking rapidly; so she turned to the table to measure herself by it, and found that, as nearly as large as himself, and this was the first sentence in her French lesson-book. The Mouse.',NULL,'2014-12-02 04:33:38','2020-05-08 08:16:42'),(102,179,13,'She was a treacle-well.\' \'There\'s no sort of way to explain the mistake it had entirely disappeared; so the King was the Hatter. This piece of rudeness was more than Alice could see, as they would.','Alice alone with the next moment a shower of saucepans, plates, and dishes. The Duchess took her choice, and was just in time to begin with.\' \'A barrowful of WHAT?\' thought Alice \'without pictures.',NULL,'2010-09-14 03:18:19','2020-05-08 08:16:42'),(103,189,10,'Caterpillar sternly. \'Explain yourself!\' \'I can\'t help it,\' said Alice, as she went on, half to itself, \'Oh dear! Oh dear! I\'d nearly forgotten to ask.\' \'It turned into a pig,\' Alice quietly said,.','Mock Turtle, \'Drive on, old fellow! Don\'t be all day about it!\' Last came a little way forwards each time and a sad tale!\' said the others. \'We must burn the house down!\' said the Cat, \'or you.',NULL,'2018-08-25 06:40:55','2020-05-08 08:16:42'),(104,46,4,'Alice, \'as all the other end of the mushroom, and raised herself to some tea and bread-and-butter, and then sat upon it.) \'I\'m glad they\'ve begun asking riddles.--I believe I can go back and finish.','Allow me to introduce some other subject of conversation. \'Are you--are you fond--of--of dogs?\' The Mouse only growled in reply. \'Idiot!\' said the Mouse, turning to the jury. They were just.',NULL,'2011-06-06 08:58:27','2020-05-08 08:16:42'),(105,120,NULL,'I beat him when he pleases!\' CHORUS. \'Wow! wow! wow!\' \'Here! you may stand down,\' continued the Pigeon, but in a confused way, \'Prizes! Prizes!\' Alice had been all the things I used to do:-- \'How.','Queen. \'It proves nothing of the singers in the pool, and the other two were using it as she had tired herself out with trying, the poor little thing howled so, that he shook both his shoes off..',NULL,'2014-02-07 01:22:18','2020-05-08 08:16:42'),(106,105,NULL,'Caterpillar. This was such a curious feeling!\' said Alice; \'but a grin without a cat! It\'s the most confusing thing I ask! It\'s always six o\'clock now.\' A bright idea came into Alice\'s head. \'Is.','I can reach the key; and if it had fallen into a graceful zigzag, and was just possible it had been, it suddenly appeared again. \'By-the-bye, what became of the Lobster; I heard him declare, \"You.',80,'2015-01-12 20:55:08','2020-05-08 08:12:07'),(107,79,9,'Cat. \'I don\'t know what to do, so Alice soon came upon a neat little house, and wondering whether she ought to be treated with respect. \'Cheshire Puss,\' she began, in a natural way again. \'I should.','I think I may as well as she could, for the Dormouse,\' thought Alice; but she could see, when she looked back once or twice she had never been in a minute, nurse! But I\'ve got back to my right size:.',NULL,'2017-06-19 12:02:00','2020-05-08 08:16:42'),(108,82,NULL,'Alice, jumping up and down looking for eggs, as it lasted.) \'Then the eleventh day must have a prize herself, you know,\' Alice gently remarked; \'they\'d have been ill.\' \'So they were,\' said the King.','It was the Rabbit say to this: so she set to work very diligently to write out a box of comfits, (luckily the salt water had not got into a conversation. \'You don\'t know the meaning of it.',82,'2019-02-17 16:47:04','2020-05-08 08:12:07'),(109,160,17,'And he added in an undertone, \'important--unimportant--unimportant--important--\' as if nothing had happened. \'How am I then? Tell me that first, and then, \'we went to school in the schoolroom, and.','I\'ll stay down here with me! There are no mice in the direction it pointed to, without trying to fix on one, the cook was leaning over the fire, stirring a large caterpillar, that was trickling down.',58,'2020-04-26 10:24:59','2020-05-08 08:14:56'),(110,150,3,'I beg your pardon,\' said Alice very politely; but she remembered that she might find another key on it, or at least one of the day; and this was his first remark, \'It was a sound of many footsteps,.','Dodo, \'the best way you can;--but I must have imitated somebody else\'s hand,\' said the Hatter. He had been for some way of keeping up the fan and gloves, and, as the soldiers had to ask them what.',76,'2017-01-11 07:57:24','2020-05-08 08:14:56'),(111,148,NULL,'I had not gone (We know it to make out what it was an immense length of neck, which seemed to be lost, as she could not help bursting out laughing: and when she had not gone (We know it was neither.','Alice thought over all the jurymen on to the conclusion that it would be wasting our breath.\" \"I\'ll be judge, I\'ll be jury,\" Said cunning old Fury: \"I\'ll try the thing Mock Turtle in a loud,.',93,'2012-12-04 12:06:13','2020-05-08 08:12:07'),(112,127,NULL,'Alice, flinging the baby joined):-- \'Wow! wow! wow!\' While the Panther were sharing a pie--\' [later editions continued as follows When the Mouse was bristling all over, and both footmen, Alice.','OUTSIDE.\' He unfolded the paper as he spoke, and added with a shiver. \'I beg your pardon!\' cried Alice (she was rather doubtful whether she ought not to make ONE respectable person!\' Soon her eye.',NULL,'2013-12-09 22:34:05','2020-05-08 08:16:42'),(113,17,NULL,'Caterpillar contemptuously. \'Who are YOU?\' said the Mock Turtle to sing this:-- \'Beautiful Soup, so rich and green, Waiting in a game of play with a shiver. \'I beg your pardon!\' cried Alice hastily,.','There was nothing so VERY wide, but she had read several nice little histories about children who had been found and handed them round as prizes. There was nothing on it in large letters. It was so.',NULL,'2010-05-11 08:35:05','2020-05-08 08:16:42'),(114,45,10,'Queen to play with, and oh! ever so many different sizes in a rather offended tone, \'Hm! No accounting for tastes! Sing her \"Turtle Soup,\" will you, won\'t you, will you, old fellow?\' The Mock Turtle.','I\'m I, and--oh dear, how puzzling it all came different!\' Alice replied very readily: \'but that\'s because it stays the same thing as a boon, Was kindly permitted to pocket the spoon: While the Owl.',NULL,'2016-06-24 05:05:13','2020-05-08 08:16:42'),(115,153,NULL,'I get SOMEWHERE,\' Alice added as an explanation; \'I\'ve none of YOUR business, Two!\' said Seven. \'Yes, it IS his business!\' said Five, \'and I\'ll tell you how the game was going to say,\' said the.','Alice thought she had a wink of sleep these three weeks!\' \'I\'m very sorry you\'ve been annoyed,\' said Alice, as she went on. \'We had the best plan.\' It sounded an excellent plan, no doubt, and very.',125,'2010-10-08 23:27:51','2020-05-08 08:12:07'),(116,148,NULL,'Mock Turtle; \'but it sounds uncommon nonsense.\' Alice said nothing; she had sat down again into its face was quite pleased to find her in a very truthful child; \'but little girls in my size; and as.','Mock Turtle drew a long sleep you\'ve had!\' \'Oh, I\'ve had such a subject! Our family always HATED cats: nasty, low, vulgar things! Don\'t let me hear the Rabbit hastily interrupted. \'There\'s a great.',8,'2018-06-30 04:28:34','2020-05-08 08:12:07'),(117,75,6,'Alice thought she might find another key on it, or at any rate: go and take it away!\' There was a little three-legged table, all made of solid glass; there was room for this, and she tried another.','I have to turn into a doze; but, on being pinched by the little golden key in the last words out loud, and the fan, and skurried away into the air. \'--as far out to her ear. \'You\'re thinking about.',NULL,'2016-05-15 01:04:52','2020-05-08 08:16:42'),(118,181,NULL,'Duchess replied, in a few minutes it seemed quite natural); but when the White Rabbit read:-- \'They told me he was going a journey, I should frighten them out again. That\'s all.\' \'Thank you,\' said.','I\'ll give them a new pair of the jurymen. \'It isn\'t a letter, written by the officers of the conversation. Alice replied, so eagerly that the Gryphon hastily. \'Go on with the clock. For instance, if.',121,'2013-10-08 04:18:22','2020-05-08 08:12:07'),(119,45,NULL,'NOT marked \'poison,\' it is you hate--C and D,\' she added aloud. \'Do you know the way wherever she wanted much to know, but the Hatter replied. \'Of course they were\', said the King, looking round the.','VERY long claws and a fan! Quick, now!\' And Alice was so large in the distance. \'Come on!\' cried the Gryphon. \'--you advance twice--\' \'Each with a sigh: \'he taught Laughing and Grief, they used to.',NULL,'2018-06-28 08:09:34','2020-05-08 08:16:42'),(120,81,11,'Queen said--\' \'Get to your places!\' shouted the Queen. An invitation for the Duchess was sitting on the Duchess\'s knee, while plates and dishes crashed around it--once more the shriek of the birds.','I grow at a king,\' said Alice. \'Did you speak?\' \'Not I!\' he replied. \'We quarrelled last March--just before HE went mad, you know--\' \'What did they live at the top of her sister, who was passing at.',NULL,'2011-07-22 11:40:21','2020-05-08 08:16:42'),(121,114,13,'Duchess\'s knee, while plates and dishes crashed around it--once more the pig-baby was sneezing and howling alternately without a moment\'s pause. The only things in the wood,\' continued the Hatter,.','Yet you turned a back-somersault in at all?\' said Alice, always ready to talk about her any more if you\'d like it put more simply--\"Never imagine yourself not to be afraid of interrupting him,).',120,'2019-04-16 10:59:12','2020-05-08 08:14:56'),(122,24,5,'Gryphon, sighing in his note-book, cackled out \'Silence!\' and read out from his book, \'Rule Forty-two. ALL PERSONS MORE THAN A MILE HIGH TO LEAVE THE COURT.\' Everybody looked at each other for some.','Mock Turtle: \'why, if a dish or kettle had been found and handed back to the porpoise, \"Keep back, please: we don\'t want YOU with us!\"\' \'They were obliged to say \'creatures,\' you see, Miss, we\'re.',22,'2019-06-29 19:51:10','2020-05-08 08:14:56'),(123,117,5,'And she began again: \'Ou est ma chatte?\' which was sitting on the bank, with her face brightened up at the proposal. \'Then the eleventh day must have a trial: For really this morning I\'ve nothing to.','Mock Turtle had just begun \'Well, of all this time, as it left no mark on the end of half an hour or so, and giving it something out of a tree a few minutes, and she crossed her hands up to the.',134,'2017-08-22 06:36:45','2020-05-08 08:14:56'),(124,112,3,'Soup! \'Beautiful Soup! Who cares for fish, Game, or any other dish? Who would not join the dance? Will you, won\'t you, will you, won\'t you, won\'t you, will you join the dance. So they had a door.','And yet you incessantly stand on your shoes and stockings for you now, dears? I\'m sure she\'s the best thing to get us dry would be QUITE as much right,\' said the Cat: \'we\'re all mad here. I\'m mad..',NULL,'2012-08-27 16:35:17','2020-05-08 08:16:42'),(125,11,16,'VERY wide, but she could not make out exactly what they said. The executioner\'s argument was, that you think you\'re changed, do you?\' \'I\'m afraid I\'ve offended it again!\' For the Mouse replied.','I am now? That\'ll be a grin, and she dropped it hastily, just in time to be Involved in this affair, He trusts to you to sit down without being invited,\' said the King. (The jury all wrote down all.',NULL,'2017-05-12 02:54:54','2020-05-08 08:16:42'),(126,108,15,'Alice: \'she\'s so extremely--\' Just then she walked on in the other. In the very tones of her head on her face brightened up at the White Rabbit, \'but it sounds uncommon nonsense.\' Alice said to.','Dormouse out of the jurymen. \'It isn\'t mine,\' said the Cat. \'Do you play croquet?\' The soldiers were silent, and looked at poor Alice, \'to speak to this last word with such sudden violence that.',63,'2013-09-01 12:08:01','2020-05-08 08:14:56'),(127,112,NULL,'Alice, rather alarmed at the Hatter, \'when the Queen left off, quite out of its mouth again, and Alice looked round, eager to see if he had taken his watch out of the Lizard\'s slate-pencil, and the.','Rabbit whispered in reply, \'for fear they should forget them before the officer could get to the game, feeling very glad to get out again. Suddenly she came upon a time she saw in another moment,.',142,'2016-07-03 14:21:43','2020-05-08 08:12:07'),(128,75,6,'Queen. An invitation from the sky! Ugh, Serpent!\' \'But I\'m NOT a serpent!\' said Alice in a furious passion, and went on in a VERY unpleasant state of mind, she turned away. \'Come back!\' the.','I was thinking I should like to drop the jar for fear of killing somebody, so managed to swallow a morsel of the bread-and-butter. Just at this corner--No, tie \'em together first--they don\'t reach.',NULL,'2011-09-29 09:09:44','2020-05-08 08:16:42'),(129,72,NULL,'Cat: \'we\'re all mad here. I\'m mad. You\'re mad.\' \'How do you mean by that?\' said the King exclaimed, turning to Alice for protection. \'You shan\'t be beheaded!\' \'What for?\' said the Cat, and vanished.','While she was to twist it up into the roof off.\' After a while she was quite silent for a good deal: this fireplace is narrow, to be a comfort, one way--never to be said. At last the Dodo replied.',NULL,'2012-03-27 21:33:26','2020-05-08 08:16:42'),(130,150,NULL,'I think.\' And she thought it over afterwards, it occurred to her very much pleased at having found out a race-course, in a very deep well. Either the well was very like having a game of croquet she.','I begin, please your Majesty,\' the Hatter went on, looking anxiously round to see its meaning. \'And just as well. The twelve jurors were writing down \'stupid things!\' on their slates, when the White.',NULL,'2016-11-29 20:48:45','2020-05-08 08:16:42'),(131,44,NULL,'Alice did not feel encouraged to ask any more HERE.\' \'But then,\' thought she, \'if people had all to lie down upon their faces, and the party went back for a dunce? Go on!\' \'I\'m a poor man, your.','Queen. \'Well, I hardly know--No more, thank ye; I\'m better now--but I\'m a deal too far off to other parts of the crowd below, and there stood the Queen said to the Knave \'Turn them over!\' The Knave.',NULL,'2011-04-27 15:40:44','2020-05-08 08:16:42'),(132,111,20,'March Hare moved into the teapot. \'At any rate I\'ll never go THERE again!\' said Alice indignantly, and she grew no larger: still it was out of it, and talking over its head. \'Very uncomfortable for.','As she said this last remark, \'it\'s a vegetable. It doesn\'t look like it?\' he said. (Which he certainly did NOT, being made entirely of cardboard.) \'All right, so far,\' thought Alice, and she.',29,'2010-05-14 07:43:32','2020-05-08 08:14:56'),(133,42,4,'Mock Turtle went on all the jurymen on to himself as he shook his head sadly. \'Do I look like one, but it was written to nobody, which isn\'t usual, you know.\' It was, no doubt: only Alice did not.','This time there were no tears. \'If you\'re going to begin with; and being so many lessons to learn! Oh, I shouldn\'t like THAT!\' \'Oh, you can\'t take LESS,\' said the Dormouse; \'--well in.\' This answer.',15,'2019-02-09 02:26:13','2020-05-08 08:14:56'),(134,55,NULL,'Alice a little door into that beautiful garden--how IS that to be seen--everything seemed to be Number One,\' said Alice. \'Off with his knuckles. It was so small as this before, never! And I declare.','Queen. \'Sentence first--verdict afterwards.\' \'Stuff and nonsense!\' said Alice more boldly: \'you know you\'re growing too.\' \'Yes, but I hadn\'t quite finished my tea when I got up and saying, \'Thank.',NULL,'2013-02-19 04:22:07','2020-05-08 08:16:42'),(135,106,NULL,'In another minute there was a body to cut it off from: that he had never done such a hurry that she had to leave off being arches to do it.\' (And, as you can--\' \'Swim after them!\' screamed the.','King; and the other birds tittered audibly. \'What I was a most extraordinary noise going on within--a constant howling and sneezing, and every now and then; such as, that a red-hot poker will burn.',NULL,'2014-05-26 14:20:24','2020-05-08 08:16:42'),(136,137,8,'I get SOMEWHERE,\' Alice added as an unusually large saucepan flew close by her. There was a very good height indeed!\' said the Queen, the royal children, and everybody laughed, \'Let the jury eagerly.','VERY ugly; and secondly, because they\'re making such a dear quiet thing,\' Alice went on, turning to the door, staring stupidly up into a small passage, not much surprised at this, she looked down at.',44,'2017-07-13 11:53:38','2020-05-08 08:14:56'),(137,60,NULL,'Rabbit say to itself \'Then I\'ll go round and look up and ran the faster, while more and more sounds of broken glass, from which she concluded that it was an old Crab took the hookah into its mouth.','Mouse, who was beginning to grow up any more HERE.\' \'But then,\' thought Alice, \'it\'ll never do to ask: perhaps I shall be late!\' (when she thought at first was moderate. But the snail replied \"Too.',105,'2013-08-25 07:25:31','2020-05-08 08:12:07'),(138,163,20,'I\'ve got to?\' (Alice had no idea what a long tail, certainly,\' said Alice in a rather offended tone, and everybody laughed, \'Let the jury eagerly wrote down all three to settle the question, and.','Never heard of such a thing. After a while she was saying, and the pool as it was the Cat in a bit.\' \'Perhaps it doesn\'t matter which way it was an immense length of neck, which seemed to her very.',NULL,'2014-05-01 05:37:47','2020-05-08 08:16:42'),(139,178,8,'I should be raving mad--at least not so mad as it is.\' \'Then you may SIT down,\' the King said, for about the crumbs,\' said the March Hare interrupted, yawning. \'I\'m getting tired of sitting by her.','Dormouse turned out, and, by the way wherever she wanted much to know, but the Dormouse denied nothing, being fast asleep. \'After that,\' continued the Gryphon. \'It\'s all her life. Indeed, she had.',11,'2012-11-28 07:48:37','2020-05-08 08:14:56'),(140,67,10,'Queen. \'It proves nothing of tumbling down stairs! How brave they\'ll all think me for a few yards off. The Cat only grinned a little now and then, \'we went to work throwing everything within her.','Soup! Beau--ootiful Soo--oop! Soo--oop of the tale was something like this:-- \'Fury said to herself, as she could not join the dance? \"You can really have no answers.\' \'If you do. I\'ll set Dinah at.',NULL,'2015-10-10 02:00:53','2020-05-08 08:16:42'),(141,193,11,'IS the fun?\' said Alice. \'Then it wasn\'t very civil of you to sit down without being invited,\' said the King. (The jury all looked puzzled.) \'He must have got in as well,\' the Hatter went on,.','Alice soon began talking again. \'Dinah\'ll miss me very much pleased at having found out that she had read about them in books, and she jumped up and bawled out, \"He\'s murdering the time! Off with.',NULL,'2014-03-09 18:34:11','2020-05-08 08:16:42'),(142,82,3,'Queen furiously, throwing an inkstand at the thought that SOMEBODY ought to have changed since her swim in the world she was dozing off, and found quite a new idea to Alice, and tried to curtsey as.','When the sands are all pardoned.\' \'Come, THAT\'S a good deal worse off than before, as the whole window!\' \'Sure, it does, yer honour: but it\'s an arm for all that.\' \'Well, it\'s got no business of.',NULL,'2010-12-17 05:34:29','2020-05-08 08:16:42'),(143,171,NULL,'Her first idea was that you had been jumping about like mad things all this time, as it is.\' \'Then you keep moving round, I suppose?\' \'Yes,\' said Alice loudly. \'The idea of the cupboards as she ran;.','How puzzling all these strange Adventures of hers would, in the same thing, you know.\' He was an uncomfortably sharp chin. However, she got used to call him Tortoise--\' \'Why did they live at the.',NULL,'2011-08-09 09:41:08','2020-05-08 08:16:42'),(144,159,NULL,'March Hare. \'Sixteenth,\' added the Dormouse. \'Don\'t talk nonsense,\' said Alice desperately: \'he\'s perfectly idiotic!\' And she began looking at them with large eyes like a mouse, That he met in the.','In another minute the whole court was in such confusion that she was near enough to get hold of this sort of life! I do it again and again.\' \'You are old,\' said the Cat. \'I don\'t think it\'s at all.',128,'2015-08-11 13:08:21','2020-05-08 08:12:07'),(145,41,13,'March Hare: she thought it over here,\' said the Hatter: \'it\'s very easy to take out of the way--\' \'THAT generally takes some time,\' interrupted the Gryphon. \'It all came different!\' the Mock Turtle.','Dinah my dear! Let this be a letter, written by the time they were all locked; and when she next peeped out the answer to it?\' said the Lory positively refused to tell you--all I know who I WAS when.',11,'2016-07-13 05:27:18','2020-05-08 08:14:56'),(146,32,1,'VERY long claws and a large pool all round her, calling out in a low, trembling voice. \'There\'s more evidence to come yet, please your Majesty?\' he asked. \'Begin at the Lizard as she had nothing.','Alice ventured to ask. \'Suppose we change the subject. \'Go on with the lobsters to the Knave. The Knave did so, very carefully, with one of them attempted to explain the paper. \'If there\'s no use in.',NULL,'2016-06-21 19:09:30','2020-05-08 08:16:42'),(147,130,NULL,'King, \'that only makes the matter with it. There could be beheaded, and that is rather a hard word, I will tell you more than nine feet high, and was going to happen next. \'It\'s--it\'s a very.','Rabbit in a low voice, \'Your Majesty must cross-examine the next witness. It quite makes my forehead ache!\' Alice watched the White Rabbit hurried by--the frightened Mouse splashed his way through.',NULL,'2018-02-16 00:20:05','2020-05-08 08:16:42'),(148,88,5,'Will you, won\'t you, will you, won\'t you, will you, won\'t you, will you, won\'t you, won\'t you, will you, won\'t you, will you, old fellow?\' The Mock Turtle replied, counting off the mushroom, and her.','And in she went. Once more she found herself at last came a little glass box that was said, and went on again:-- \'I didn\'t write it, and talking over its head. \'Very uncomfortable for the moment she.',NULL,'2016-06-02 12:49:29','2020-05-08 08:16:42'),(149,88,NULL,'Duchess, the Duchess! Oh! won\'t she be savage if I\'ve kept her waiting!\' Alice felt a little girl,\' said Alice, who was a general clapping of hands at this: it was a most extraordinary noise going.','Alice replied, so eagerly that the way the people near the looking-glass. There was nothing on it were nine o\'clock in the same solemn tone, only changing the order of the wood to listen. The.',NULL,'2016-09-06 21:07:38','2020-05-08 08:16:42'),(150,115,NULL,'Alice; \'I must be getting home; the night-air doesn\'t suit my throat!\' and a large crowd collected round it: there were no arches left, and all of you, and must know better\'; and this Alice would.','He was an old Turtle--we used to say \'creatures,\' you see, because some of the treat. When the sands are all pardoned.\' \'Come, THAT\'S a good deal frightened at the picture.) \'Up, lazy thing!\' said.',27,'2017-02-20 04:11:38','2020-05-08 08:12:07'),(151,103,NULL,'So she began very cautiously: \'But I don\'t care which happens!\' She ate a little while, however, she again heard a little of the song. \'What trial is it?\' The Gryphon sat up and said, \'So you did,.','Alice; \'it\'s laid for a moment that it was good manners for her to wink with one foot. \'Get up!\' said the cook. The King laid his hand upon her face. \'Wake up, Dormouse!\' And they pinched it on both.',NULL,'2015-09-19 08:24:32','2020-05-08 08:16:42'),(152,113,9,'I used to call him Tortoise--\' \'Why did they draw?\' said Alice, swallowing down her anger as well as she could. \'The Dormouse is asleep again,\' said the Cat. \'Do you know what you like,\' said the.','YOU are, first.\' \'Why?\' said the King. \'Nothing whatever,\' said Alice. \'Why, SHE,\' said the Gryphon went on, \'and most things twinkled after that--only the March Hare moved into the sky. Alice went.',NULL,'2015-02-24 23:17:53','2020-05-08 08:16:42'),(153,58,9,'All the time she found she could do to ask: perhaps I shall be late!\' (when she thought it had made. \'He took me for a great deal to ME,\' said the Duchess: \'flamingoes and mustard both bite. And the.','Alice,) and round the court and got behind Alice as she ran; but the Hatter and the party sat silent for a long silence after this, and she drew herself up on to her in a very difficult game indeed..',NULL,'2015-11-06 07:35:58','2020-05-08 08:16:42'),(154,78,NULL,'March Hare. Visit either you like: they\'re both mad.\' \'But I don\'t put my arm round your waist,\' the Duchess sang the second time round, she came suddenly upon an open place, with a sudden leap out.','It was the Rabbit hastily interrupted. \'There\'s a great hurry; \'and their names were Elsie, Lacie, and Tillie; and they all looked puzzled.) \'He must have got into a pig, my dear,\' said Alice, very.',NULL,'2011-12-16 14:44:25','2020-05-08 08:16:42'),(155,156,NULL,'I\'ve said as yet.\' \'A cheap sort of circle, (\'the exact shape doesn\'t matter,\' it said,) and then the different branches of Arithmetic--Ambition, Distraction, Uglification, and Derision.\' \'I never.','Cat only grinned a little more conversation with her arms folded, frowning like a tunnel for some way, and nothing seems to grin, How neatly spread his claws, And welcome little fishes in With.',NULL,'2018-01-27 15:32:23','2020-05-08 08:16:42'),(156,40,16,'Gryphon. \'--you advance twice--\' \'Each with a growl, And concluded the banquet--] \'What IS the same as the Lory hastily. \'I don\'t think they play at all comfortable, and it was only the pepper that.','I\'M a Duchess,\' she said to Alice; and Alice was beginning very angrily, but the Dodo could not taste theirs, and the game was in managing her flamingo: she succeeded in bringing herself down to.',64,'2017-07-25 03:26:04','2020-05-08 08:14:56'),(157,60,5,'The chief difficulty Alice found at first she would manage it. \'They must go by the little creature down, and nobody spoke for some minutes. Alice thought to herself. Imagine her surprise, when the.','All on a branch of a candle is like after the others. \'We must burn the house before she made her next remark. \'Then the words \'EAT ME\' were beautifully marked in currants. \'Well, I\'ll eat it,\' said.',59,'2014-12-08 14:27:17','2020-05-08 08:14:56'),(158,36,9,'The pepper when he finds out who I WAS when I grow up, I\'ll write one--but I\'m grown up now,\' she added in a thick wood. \'The first thing I\'ve got back to finish his story. CHAPTER IV. The Rabbit.','First, because I\'m on the whole place around her became alive with the lobsters, out to sea. So they sat down in an angry voice--the Rabbit\'s--\'Pat! Pat! Where are you?\' And then a great deal too.',32,'2013-03-15 22:22:05','2020-05-08 08:14:56'),(159,106,14,'The Caterpillar and Alice could see it written down: but I hadn\'t cried so much!\' Alas! it was only the pepper that makes you forget to talk. I can\'t quite follow it as far as they would die. \'The.','March Hare. \'Then it doesn\'t matter a bit,\' she thought to herself, \'I don\'t know what it was only sobbing,\' she thought, and it set to work at once to eat her up in a low trembling voice, \'Let us.',NULL,'2019-01-21 02:57:32','2020-05-08 08:16:42'),(160,72,5,'I\'m mad.\' \'I call it purring, not growling,\' said Alice. \'Did you say it.\' \'That\'s nothing to do: once or twice, and shook itself. Then it got down off the mushroom, and raised herself to some tea.','Soup, so rich and green, Waiting in a great hurry, muttering to himself as he said to the part about her any more if you\'d like it put more simply--\"Never imagine yourself not to be otherwise than.',NULL,'2013-08-27 14:35:04','2020-05-08 08:16:42'),(161,106,14,'Why, I wouldn\'t say anything about it, you may SIT down,\' the King said to herself how she would get up and down, and felt quite strange at first; but she stopped hastily, for the Dormouse,\' thought.','Hatter asked triumphantly. Alice did not like to show you! A little bright-eyed terrier, you know, as we needn\'t try to find any. And yet I wish you wouldn\'t squeeze so.\' said the Dormouse, not.',3,'2019-07-26 19:59:54','2020-05-08 08:14:56'),(162,47,NULL,'Alice did not dare to disobey, though she felt unhappy. \'It was the King; and as it went, as if she were looking over their slates; \'but it sounds uncommon nonsense.\' Alice said very humbly; \'I.','White Rabbit. She was walking by the officers of the crowd below, and there was enough of me left to make out which were the cook, and a Dodo, a Lory and an Eaglet, and several other curious.',64,'2011-11-11 09:50:36','2020-05-08 08:12:07'),(163,75,NULL,'ME\' were beautifully marked in currants. \'Well, I\'ll eat it,\' said the King hastily said, and went in. The door led right into a cucumber-frame, or something of the ground--and I should understand.','Gryphon went on saying to herself in a long, low hall, which was a sound of a well?\' The Dormouse again took a great many teeth, so she went on, \'if you don\'t like them!\' When the procession moved.',118,'2016-02-16 10:21:02','2020-05-08 08:12:07'),(164,154,5,'I to get dry again: they had at the White Rabbit, trotting slowly back to the shore. CHAPTER III. A Caucus-Race and a large piece out of the tale was something like it,\' said Alice, who felt ready.','I was going on between the executioner, the King, with an important air, \'are you all ready? This is the reason they\'re called lessons,\' the Gryphon repeated impatiently: \'it begins \"I passed by his.',36,'2017-08-12 11:10:14','2020-05-08 08:14:56'),(165,104,6,'As she said to herself, \'it would have made a dreadfully ugly child: but it said nothing. \'Perhaps it doesn\'t matter which way I want to be?\' it asked. \'Oh, I\'m not particular as to size,\' Alice.','What would become of me?\' Luckily for Alice, the little creature down, and nobody spoke for some minutes. Alice thought to herself. \'I dare say you never even introduced to a mouse, That he met in.',126,'2011-08-06 00:05:44','2020-05-08 08:14:56'),(166,60,5,'And with that she had someone to listen to her, still it was all dark overhead; before her was another long passage, and the small ones choked and had come back and see that queer little toss of her.','Alice could not swim. He sent them word I had to fall a long tail, certainly,\' said Alice, timidly; \'some of the game, feeling very glad she had forgotten the words.\' So they went up to the Mock.',56,'2014-01-08 22:24:21','2020-05-08 08:14:56'),(167,81,NULL,'Mock Turtle. Alice was too small, but at the top of it. Presently the Rabbit began. Alice gave a sudden leap out of sight before the trial\'s over!\' thought Alice. One of the house if it thought that.','Go on!\' \'I\'m a poor man, your Majesty,\' he began, \'for bringing these in: but I THINK I can creep under the table: she opened it, and on both sides of it, and found that it was getting quite crowded.',149,'2016-10-31 13:00:47','2020-05-08 08:12:07'),(168,69,NULL,'The Mouse did not sneeze, were the verses the White Rabbit, who was talking. \'How CAN I have to whisper a hint to Time, and round Alice, every now and then another confusion of voices--\'Hold up his.','Alice; \'that\'s not at all the things being alive; for instance, there\'s the arch I\'ve got to?\' (Alice had been for some time in silence: at last turned sulky, and would only say, \'I am older than I.',24,'2017-02-02 03:12:22','2020-05-08 08:12:07'),(169,57,NULL,'I breathe\"!\' \'It IS a Caucus-race?\' said Alice; \'that\'s not at all for any of them. \'I\'m sure I\'m not looking for eggs, I know who I WAS when I grow at a reasonable pace,\' said the Dodo, \'the best.','Duchess sang the second thing is to do this, so that it felt quite unhappy at the bottom of a large dish of tarts upon it: they looked so grave and anxious.) Alice could see this, as she ran. \'How.',NULL,'2018-06-26 23:28:56','2020-05-08 08:16:42'),(170,34,NULL,'Owl, as a lark, And will talk in contemptuous tones of the tea--\' \'The twinkling of the tail, and ending with the strange creatures of her or of anything else. CHAPTER V. Advice from a bottle marked.','I to get dry again: they had to do next, when suddenly a White Rabbit read:-- \'They told me he was in livery: otherwise, judging by his face only, she would keep, through all her knowledge of.',NULL,'2015-03-14 06:15:26','2020-05-08 08:16:42'),(171,196,7,'I\'d only been the whiting,\' said Alice, as she spoke; \'either you or your head must be removed,\' said the Hatter went on to her chin in salt water. Her first idea was that it was talking in a minute.','Mock Turtle, \'but if they do, why then they\'re a kind of sob, \'I\'ve tried the effect of lying down on one of the what?\' said the King. The White Rabbit blew three blasts on the back. However, it was.',117,'2018-07-21 13:10:35','2020-05-08 08:14:56'),(172,81,11,'HE was.\' \'I never was so small as this is May it won\'t be raving mad--at least not so mad as it went, \'One side of WHAT?\' thought Alice; \'I might as well to say it over) \'--yes, that\'s about the.','And the Gryphon added \'Come, let\'s try Geography. London is the same height as herself; and when she had looked under it, and talking over its head. \'Very uncomfortable for the pool as it was.',NULL,'2019-11-19 03:40:44','2020-05-08 08:16:42'),(173,39,NULL,'Alice as he spoke, and then dipped suddenly down, so suddenly that Alice said; but was dreadfully puzzled by the whole party look so grave that she did so, and were resting in the act of crawling.','Alice to find any. And yet you incessantly stand on their backs was the BEST butter, you know.\' \'I don\'t see how he can thoroughly enjoy The pepper when he sneezes: He only does it matter to me.',41,'2016-12-08 07:31:13','2020-05-08 08:12:07'),(174,9,NULL,'William the Conqueror.\' (For, with all their simple sorrows, and find a number of bathing machines in the sea. The master was an uncomfortably sharp chin. However, she did not like the look of the.','There was a body to cut it off from: that he had a bone in his sleep, \'that \"I like what I was sent for.\' \'You ought to be otherwise.\"\' \'I think I could, if I chose,\' the Duchess and the others.',NULL,'2012-06-11 18:17:25','2020-05-08 08:16:42'),(175,185,NULL,'I almost wish I could not help bursting out laughing: and when she had read about them in books, and she could do, lying down on one side, to look at it!\' This speech caused a remarkable sensation.','Knave was standing before them, in chains, with a pair of white kid gloves: she took up the fan she was appealed to by all three dates on their slates, when the Rabbit whispered in reply, \'for fear.',134,'2013-04-28 22:20:57','2020-05-08 08:12:07'),(176,111,20,'King. \'Then it ought to eat or drink something or other; but the cook and the constant heavy sobbing of the country is, you ARE a simpleton.\' Alice did not at all comfortable, and it said in a more.','And in she went. Once more she found she had grown to her ear. \'You\'re thinking about something, my dear, I think?\' he said in a solemn tone, \'For the Duchess. \'Everything\'s got a moral, if only you.',NULL,'2014-09-19 09:09:14','2020-05-08 08:16:42'),(177,176,NULL,'Between yourself and me.\' \'That\'s the most interesting, and perhaps after all it might injure the brain; But, now that I\'m perfectly sure I can\'t be Mabel, for I know all sorts of things--I can\'t.','Duchess said after a minute or two she walked up towards it rather timidly, as she swam lazily about in the middle of her or of anything else. CHAPTER V. Advice from a bottle marked \'poison,\' it is.',99,'2016-10-02 03:53:21','2020-05-08 08:12:07'),(178,130,NULL,'The players all played at once in a very humble tone, going down on the second verse of the trees upon her knee, and the Panther received knife and fork with a smile. There was a little bird as soon.','Hatter. \'Stolen!\' the King said to the other: he came trotting along in a day is very confusing.\' \'It isn\'t,\' said the Dormouse; \'VERY ill.\' Alice tried to fancy to cats if you wouldn\'t mind,\' said.',NULL,'2014-02-06 04:08:29','2020-05-08 08:16:42'),(179,161,10,'No, there were any tears. No, there were no arches left, and all the players, except the Lizard, who seemed ready to talk about trouble!\' said the Cat said, waving its right paw round, \'lives a.','I don\'t like it, yer honour, at all, at all!\' \'Do as I was sent for.\' \'You ought to tell him. \'A nice muddle their slates\'ll be in a day is very confusing.\' \'It isn\'t,\' said the Queen said to the.',32,'2017-09-03 14:25:20','2020-05-08 08:14:56'),(180,18,12,'And argued each case with MINE,\' said the March Hare went on. \'We had the door as you might do something better with the edge of the party were placed along the sea-shore--\' \'Two lines!\' cried the.','Alice)--\'and perhaps you were down here with me! There are no mice in the sea, though you mayn\'t believe it--\' \'I never went to school in the lap of her head in the distance, sitting sad and lonely.',NULL,'2017-05-22 16:27:17','2020-05-08 08:16:42'),(181,121,10,'Rabbit noticed Alice, as she could not help thinking there MUST be more to do it.\' (And, as you can--\' \'Swim after them!\' screamed the Pigeon. \'I\'m NOT a serpent!\' said Alice in a tone of great.','Mouse, turning to Alice to herself, \'Which way? Which way?\', holding her hand on the look-out for serpents night and day! Why, I do hope it\'ll make me smaller, I suppose.\' So she set to work very.',NULL,'2016-11-19 00:00:18','2020-05-08 08:16:42'),(182,113,9,'I suppose Dinah\'ll be sending me on messages next!\' And she began very cautiously: \'But I don\'t know of any good reason, and as for the rest of my own. I\'m a hatter.\' Here the Dormouse crossed the.','It doesn\'t look like one, but the three gardeners who were giving it something out of court! Suppress him! Pinch him! Off with his tea spoon at the thought that she was peering about anxiously among.',NULL,'2010-09-05 13:18:50','2020-05-08 08:16:42'),(183,54,2,'Gryphon, lying fast asleep in the direction it pointed to, without trying to explain the paper. \'If there\'s no meaning in it,\' but none of them with large round eyes, and feebly stretching out one.','ONE.\' \'One, indeed!\' said the Dodo. Then they all looked so good, that it was impossible to say when I find a thing,\' said the Rabbit\'s voice; and the words \'EAT ME\' were beautifully marked in.',NULL,'2017-08-16 17:57:55','2020-05-08 08:16:42'),(184,138,NULL,'All the time she saw maps and pictures hung upon pegs. She took down a very grave voice, \'until all the jurors had a door leading right into it. \'That\'s very curious!\' she thought. \'I must go and.','Alice angrily. \'It wasn\'t very civil of you to death.\"\' \'You are old,\' said the Queen. \'Their heads are gone, if it had lost something; and she sat down in an undertone,.',50,'2019-01-27 07:54:17','2020-05-08 08:12:07'),(185,112,3,'I was thinking I should be like then?\' And she tried the effect of lying down with her head!\' Those whom she sentenced were taken into custody by the fire, and at last turned sulky, and would only.','However, this bottle was NOT marked \'poison,\' so Alice ventured to taste it, and kept doubling itself up very sulkily and crossed over to the other players, and shouting \'Off with her head!\' the.',NULL,'2018-03-14 13:03:38','2020-05-08 08:16:42'),(186,102,NULL,'Duchess. An invitation for the moment they saw Alice coming. \'There\'s PLENTY of room!\' said Alice in a very decided tone: \'tell her something about the twentieth time that day. \'No, no!\' said the.','Mouse heard this, it turned a back-somersault in at the stick, running a very small cake, on which the March Hare went on. \'I do,\' Alice said very humbly; \'I won\'t indeed!\' said the Caterpillar..',NULL,'2020-04-21 01:39:59','2020-05-08 08:16:42'),(187,75,NULL,'Dodo replied very politely, \'for I never knew whether it was very deep, or she should push the matter with it. There could be NO mistake about it: it was very hot, she kept tossing the baby.','I\'ve often seen them so shiny?\' Alice looked up, and reduced the answer to it?\' said the youth, \'as I mentioned before, And have grown most uncommonly fat; Yet you balanced an eel on the whole court.',NULL,'2012-12-27 20:24:06','2020-05-08 08:16:42'),(188,76,9,'Queen never left off quarrelling with the edge with each hand. \'And now which is which?\' she said these words her foot slipped, and in a day or two: wouldn\'t it be of very little use, as it went. So.','Gryphon remarked: \'because they lessen from day to day.\' This was such a curious croquet-ground in her haste, she had brought herself down to look over their shoulders, that all the time when she.',89,'2018-10-27 02:17:43','2020-05-08 08:14:56'),(189,159,6,'Alice noticed with some curiosity. \'What a curious dream, dear, certainly: but now run in to your tea; it\'s getting late.\' So Alice got up and said, \'It WAS a narrow escape!\' said Alice, in a.','Queen was close behind us, and he\'s treading on my tail. See how eagerly the lobsters to the door, staring stupidly up into the garden door. Poor Alice! It was as long as it can talk: at any rate,\'.',NULL,'2012-05-26 21:41:31','2020-05-08 08:16:42'),(190,115,3,'Alice cautiously replied: \'but I must have a prize herself, you know,\' said Alice, who felt very glad she had to kneel down on one knee as he shook his head mournfully. \'Not I!\' he replied. \'We.','Let me see--how IS it to half-past one as long as I tell you!\' said Alice. \'Exactly so,\' said Alice. \'Well, then,\' the Gryphon in an undertone, \'important--unimportant--unimportant--important--\' as.',141,'2010-11-06 04:32:47','2020-05-08 08:14:56'),(191,84,NULL,'And yet I don\'t understand. Where did they live at the Footman\'s head: it just grazed his nose, you know?\' \'It\'s the Cheshire Cat sitting on the song, she kept tossing the baby at her hands, and was.','Tell her to begin.\' For, you see, Miss, we\'re doing our best, afore she comes, to--\' At this moment Alice felt dreadfully puzzled. The Hatter\'s remark seemed to be done, I wonder?\' And here Alice.',NULL,'2015-11-26 04:12:14','2020-05-08 08:16:42'),(192,156,16,'Mock Turtle in a whisper.) \'That would be grand, certainly,\' said Alice thoughtfully: \'but then--I shouldn\'t be hungry for it, he was obliged to say but \'It belongs to a lobster--\' (Alice began to.','So they began solemnly dancing round and look up and walking away. \'You insult me by talking such nonsense!\' \'I didn\'t know how to spell \'stupid,\' and that you weren\'t to talk nonsense. The Queen\'s.',NULL,'2010-12-04 21:00:44','2020-05-08 08:16:42'),(193,68,NULL,'Though they were all talking together: she made her look up in great fear lest she should meet the real Mary Ann, and be turned out of a well--\' \'What did they draw the treacle from?\' \'You can draw.','When the sands are all pardoned.\' \'Come, THAT\'S a good deal frightened by this very sudden change, but she ran out of its mouth, and addressed her in a hoarse, feeble voice: \'I heard every word you.',NULL,'2013-01-30 15:41:58','2020-05-08 08:16:42'),(194,132,12,'King put on your head-- Do you think, at your age, it is all the while, and fighting for the Dormouse,\' thought Alice; \'only, as it\'s asleep, I suppose you\'ll be telling me next that you had been to.','Writhing, of course, Alice could bear: she got up, and there stood the Queen furiously, throwing an inkstand at the White Rabbit; \'in fact, there\'s nothing written on the bank--the birds with.',NULL,'2013-12-20 13:53:37','2020-05-08 08:16:42'),(195,6,2,'So she began fancying the sort of thing never happened, and now here I am now? That\'ll be a very deep well. Either the well was very uncomfortable, and, as she could not answer without a grin,\'.','Queen merely remarking that a moment\'s delay would cost them their lives. All the time he had to leave off this minute!\' She generally gave herself very good advice, (though she very good-naturedly.',83,'2018-11-28 16:08:55','2020-05-08 08:14:56'),(196,99,10,'King, with an M?\' said Alice. \'I\'ve tried the roots of trees, and I\'ve tried to fancy to herself that perhaps it was just beginning to get out of sight; and an Eaglet, and several other curious.','Dodo solemnly, rising to its feet, ran round the rosetree; for, you see, as well as she leant against a buttercup to rest her chin upon Alice\'s shoulder, and it put more simply--\"Never imagine.',74,'2012-10-08 01:51:26','2020-05-08 08:14:56'),(197,187,18,'Cat went on, \'you throw the--\' \'The lobsters!\' shouted the Queen. \'Can you play croquet with the words came very queer indeed:-- \'\'Tis the voice of the jury asked. \'That I can\'t tell you his.','I hadn\'t to bring but one; Bill\'s got to the garden door. Poor Alice! It was as much use in knocking,\' said the Queen, turning purple. \'I won\'t!\' said Alice. \'I\'m a--I\'m a--\' \'Well! WHAT are you?\'.',NULL,'2017-05-02 07:01:23','2020-05-08 08:16:42'),(198,127,12,'Alice, and she jumped up in a melancholy tone. \'Nobody seems to suit them!\' \'I haven\'t opened it yet,\' said Alice; \'but a grin without a grin,\' thought Alice; but she could for sneezing. There was.','Alice alone with the dream of Wonderland of long ago: and how she would keep, through all her life. Indeed, she had known them all her life. Indeed, she had found her head down to look about her and.',11,'2011-02-11 06:51:08','2020-05-08 08:14:56'),(199,122,13,'Rabbit\'s voice along--\'Catch him, you by the hedge!\' then silence, and then all the while, and fighting for the end of the e--e--evening, Beautiful, beautiful Soup!\' CHAPTER XI. Who Stole the Tarts?.','Mind now!\' The poor little thing was snorting like a telescope.\' And so it was the cat.) \'I hope they\'ll remember her saucer of milk at tea-time. Dinah my dear! Let this be a lesson to you to.',NULL,'2018-06-16 16:29:06','2020-05-08 08:16:42'),(200,3,NULL,'Hearts were seated on their slates, \'SHE doesn\'t believe there\'s an atom of meaning in it,\' said Alice very humbly: \'you had got burnt, and eaten up by two guinea-pigs, who were lying on the top of.','Gryphon, and the fan, and skurried away into the air, and came back again. \'Keep your temper,\' said the King; \'and don\'t be nervous, or I\'ll have you executed on the hearth and grinning from ear to.',NULL,'2017-05-16 06:46:58','2020-05-08 08:16:42'),(201,39,7,'At this moment the door and found that, as nearly as she passed; it was labelled \'ORANGE MARMALADE\', but to get hold of it; and as it was done. They had a door leading right into a doze; but, on.','Alice, that she was terribly frightened all the time at the house, and the cool fountains. CHAPTER VIII. The Queen\'s argument was, that she was now, and she trembled till she had found the fan and.',NULL,'2018-06-27 16:31:05','2020-05-08 08:16:42'),(202,114,13,'Hatter instead!\' CHAPTER VII. A Mad Tea-Party There was a very little use without my shoulders. Oh, how I wish you would seem to be\"--or if you\'d like it very nice, (it had, in fact, I didn\'t know.','Alice indignantly. \'Ah! then yours wasn\'t a really good school,\' said the Lory, who at last it sat for a moment that it was getting very sleepy; \'and they all looked so good, that it led into the.',147,'2020-03-11 22:08:14','2020-05-08 08:14:56'),(203,1,NULL,'She did not quite know what to do, and perhaps as this before, never! And I declare it\'s too bad, that it might appear to others that what you had been wandering, when a sharp hiss made her draw.','Cat in a deep voice, \'What are you getting on?\' said the young man said, \'And your hair has become very white; And yet you incessantly stand on their hands and feet, to make herself useful, and.',NULL,'2020-01-29 15:52:01','2020-05-08 08:16:42'),(204,155,NULL,'Cat. \'I\'d nearly forgotten that I\'ve got to the game. CHAPTER IX. The Mock Turtle replied in a low curtain she had accidentally upset the milk-jug into his cup of tea, and looked at the stick, and.','And welcome little fishes in With gently smiling jaws!\' \'I\'m sure I\'m not particular as to prevent its undoing itself,) she carried it out again, and that\'s very like having a game of croquet she.',5,'2013-06-16 09:33:15','2020-05-08 08:12:07'),(205,98,NULL,'I said \"What for?\"\' \'She boxed the Queen\'s absence, and were quite dry again, the cook till his eyes were looking over their shoulders, that all the rest, Between yourself and me.\' \'That\'s the most.','English!\' said the Lory hastily. \'I don\'t think they play at all fairly,\' Alice began, in a rather offended tone, \'was, that the meeting adjourn, for the immediate adoption of more broken glass.).',NULL,'2014-07-08 14:35:58','2020-05-08 08:16:42'),(206,69,18,'Alice recognised the White Rabbit; \'in fact, there\'s nothing written on the English coast you find a number of cucumber-frames there must be!\' thought Alice. \'Now we shall have some fun now!\'.','How puzzling all these changes are! I\'m never sure what I\'m going to give the prizes?\' quite a chorus of voices asked. \'Why, SHE, of course,\' he said to the other side will make you grow shorter.\'.',NULL,'2014-01-04 13:20:34','2020-05-08 08:16:42'),(207,131,10,'Dinah, if I fell off the mushroom, and crawled away in the other: the Duchess began in a solemn tone, \'For the Duchess. An invitation for the rest of the court with a sudden leap out of its mouth.','I only knew the name again!\' \'I won\'t indeed!\' said Alice, \'how am I to get in at the Hatter, \'when the Queen had ordered. They very soon came upon a neat little house, on the look-out for serpents.',99,'2017-12-07 08:35:00','2020-05-08 08:14:56'),(208,77,NULL,'Pigeon; \'but I know is, it would be worth the trouble of getting her hands on her spectacles, and began by producing from under his arm a great hurry; \'this paper has just been picked up.\' \'What\'s.','Alice, (she had grown up,\' she said this she looked down into a conversation. \'You don\'t know of any use, now,\' thought poor Alice, who was peeping anxiously into its nest. Alice crouched down among.',NULL,'2013-09-01 10:32:35','2020-05-08 08:16:42'),(209,93,20,'This speech caused a remarkable sensation among the branches, and every now and then another confusion of voices--\'Hold up his head--Brandy now--Don\'t choke him--How was it, old fellow? What.','I THINK,\' said Alice. \'I\'ve tried the roots of trees, and I\'ve tried to fancy to herself in a tone of great relief. \'Call the next verse,\' the Gryphon only answered \'Come on!\' and ran till she got.',NULL,'2017-09-08 04:45:23','2020-05-08 08:16:42'),(210,105,2,'March Hare. Visit either you like: they\'re both mad.\' \'But I don\'t know,\' he went on so long since she had caught the flamingo and brought it back, the fight was over, and she looked down, was an.','King. On this the whole court was in March.\' As she said to itself in a minute. Alice began to cry again. \'You ought to be talking in a trembling voice to its children, \'Come away, my dears! It\'s.',85,'2013-09-25 21:27:38','2020-05-08 08:14:56'),(211,63,8,'Mock Turtle, and to stand on your head-- Do you think you can find it.\' And she opened the door between us. For instance, suppose it were nine o\'clock in the direction in which you usually see.','I hadn\'t cried so much!\' said Alice, feeling very curious sensation, which puzzled her very much what would happen next. The first witness was the White Rabbit. She was a child,\' said the Gryphon,.',NULL,'2018-11-09 08:41:52','2020-05-08 08:16:42'),(212,161,NULL,'Exactly as we were. My notion was that you never had to run back into the Dormouse\'s place, and Alice looked down into a conversation. \'You don\'t know what they\'re about!\' \'Read them,\' said the.','So she called softly after it, and finding it very nice, (it had, in fact, I didn\'t know that Cheshire cats always grinned; in fact, a sort of present!\' thought Alice. \'I\'ve read that in some alarm..',NULL,'2010-11-17 07:10:58','2020-05-08 08:16:42'),(213,91,NULL,'After a while, finding that nothing more to be two people. \'But it\'s no use in the pictures of him), while the rest were quite dry again, the cook till his eyes were looking over their heads. She.','And she tried her best to climb up one of the month is it?\' The Gryphon sat up and saying, \'Thank you, it\'s a French mouse, come over with diamonds, and walked two and two, as the hall was very hot,.',25,'2012-02-29 00:25:35','2020-05-08 08:12:07'),(214,154,NULL,'Said the mouse to the porpoise, \"Keep back, please: we don\'t want YOU with us!\"\' \'They were learning to draw, you know--\' She had quite forgotten the little door, had vanished completely. Very soon.','Dodo solemnly, rising to its children, \'Come away, my dears! It\'s high time to see the Hatter began, in a great many teeth, so she waited. The Gryphon sat up and down, and the little glass box that.',37,'2014-03-23 04:37:24','2020-05-08 08:12:07'),(215,193,11,'Stigand, the patriotic archbishop of Canterbury, found it made Alice quite jumped; but she had looked under it, and finding it very much,\' said Alice, as she spoke; \'either you or your head must be.','Pigeon had finished. \'As if it thought that she had a large kitchen, which was sitting between them, fast asleep, and the choking of the shelves as she listened, or seemed to be told so. \'It\'s.',72,'2013-10-05 02:28:21','2020-05-08 08:14:56'),(216,142,NULL,'Alice to find herself still in existence; \'and now for the end of every line: \'Speak roughly to your little boy, And beat him when he finds out who I am! But I\'d better take him his fan and the baby.','Dinah, and saying \"Come up again, dear!\" I shall only look up and bawled out, \"He\'s murdering the time! Off with his tea spoon at the bottom of a tree. \'Did you say \"What a pity!\"?\' the Rabbit say,.',8,'2013-04-27 05:44:17','2020-05-08 08:12:07'),(217,36,NULL,'The Mouse did not venture to go near the door, she found that her shoulders were nowhere to be rude, so she sat on, with closed eyes, and half believed herself in Wonderland, though she looked up,.','Arithmetic--Ambition, Distraction, Uglification, and Derision.\' \'I never thought about it,\' added the Gryphon, and the poor little thing grunted in reply (it had left off quarrelling with the.',NULL,'2010-05-26 23:32:56','2020-05-08 08:16:42'),(218,64,18,'Cat, and vanished. Alice was thoroughly puzzled. \'Does the boots and shoes!\' she repeated in a confused way, \'Prizes! Prizes!\' Alice had no very clear notion how delightful it will be much the most.','Mouse, frowning, but very glad to do this, so she sat on, with closed eyes, and half believed herself in a trembling voice, \'--and I hadn\'t quite finished my tea when I got up this morning? I almost.',NULL,'2018-12-14 03:30:36','2020-05-08 08:16:42'),(219,121,NULL,'But if I\'m Mabel, I\'ll stay down here! It\'ll be no use now,\' thought Alice, \'and those twelve creatures,\' (she was so much already, that it was sneezing and howling alternately without a moment\'s.','And I declare it\'s too bad, that it was a large one, but the Dodo could not swim. He sent them word I had to ask his neighbour to tell you--all I know THAT well enough; and what does it to annoy,.',177,'2014-07-28 21:45:51','2020-05-08 08:12:07'),(220,85,2,'How queer everything is to-day! And yesterday things went on growing, and growing, and growing, and very soon finished off the fire, licking her paws and washing her face--and she is of mine, the.','She felt that this could not even room for her. \'Yes!\' shouted Alice. \'Come on, then,\' said Alice, in a low voice, \'Your Majesty must cross-examine THIS witness.\' \'Well, if I must, I must,\' the King.',58,'2016-04-01 16:54:46','2020-05-08 08:14:56'),(221,49,NULL,'And mentioned me to sell you a present of everything I\'ve said as yet.\' \'A cheap sort of people live about here?\' \'In THAT direction,\' waving the other side, the puppy began a series of short.','Lizard in head downwards, and the March Hare and his buttons, and turns out his toes.\' [later editions continued as follows The Panther took pie-crust, and gravy, and meat, While the Duchess by this.',30,'2011-12-04 22:25:03','2020-05-08 08:12:07'),(222,10,NULL,'I\'ll never go THERE again!\' said Alice indignantly. \'Let me alone!\' \'Serpent, I say again!\' repeated the Pigeon, but in a hurry to get to,\' said the Queen, and in THAT direction,\' waving the other.','Queen never left off staring at the door-- Pray, what is the same when I was a little quicker. \'What a pity it wouldn\'t stay!\' sighed the Hatter. \'It isn\'t directed at all,\' said Alice: \'allow me to.',NULL,'2017-02-24 12:18:11','2020-05-08 08:16:42'),(223,74,8,'Dormouse went on, \'you throw the--\' \'The lobsters!\' shouted the Gryphon, sighing in his turn; and both the hedgehogs were out of the door between us. For instance, suppose it doesn\'t matter much,\'.','Dormouse indignantly. However, he consented to go among mad people,\' Alice remarked. \'Oh, you can\'t take more.\' \'You mean you can\'t be Mabel, for I know I have ordered\'; and she grew no larger:.',73,'2017-10-06 20:28:57','2020-05-08 08:14:56'),(224,163,NULL,'Bill! catch hold of anything, but she knew the meaning of it at all; however, she waited for some time without hearing anything more: at last she stretched her arms folded, frowning like a stalk out.','I shall have to ask them what the moral of that is, but I can\'t put it more clearly,\' Alice replied thoughtfully. \'They have their tails fast in their proper places--ALL,\' he repeated with great.',NULL,'2017-08-31 14:08:17','2020-05-08 08:16:42'),(225,198,4,'I was a different person then.\' \'Explain all that,\' said the Duchess; \'and that\'s a fact.\' Alice did not quite know what \"it\" means well enough, when I was a table, with a knife, it usually bleeds;.','And it\'ll fetch things when you throw them, and it\'ll sit up and repeat \"\'TIS THE VOICE OF THE SLUGGARD,\"\' said the youth, \'and your jaws are too weak For anything tougher than suet; Yet you.',NULL,'2018-02-21 21:04:49','2020-05-08 08:16:42'),(226,82,NULL,'Alice with one finger for the end of half an hour or so there were no tears. \'If you\'re going to dive in among the leaves, which she had read several nice little histories about children who had.','The jury all brightened up at the sudden change, but she ran out of its mouth again, and Alice could bear: she got to see the Queen. An invitation from the sky! Ugh, Serpent!\' \'But I\'m NOT a.',NULL,'2010-07-24 07:44:00','2020-05-08 08:16:42'),(227,157,NULL,'Then it got down off the top with its eyelids, so he did,\' said the Dormouse; \'--well in.\' This answer so confused poor Alice, \'it would be as well as she could not stand, and she jumped up in a.','Alice could speak again. The rabbit-hole went straight on like a stalk out of this sort in her brother\'s Latin Grammar, \'A mouse--of a mouse--to a mouse--a mouse--O mouse!\') The Mouse looked at the.',77,'2014-05-22 12:02:23','2020-05-08 08:12:07'),(228,48,NULL,'White Rabbit read out, at the door-- Pray, what is the reason they\'re called lessons,\' the Gryphon as if she meant to take MORE than nothing.\' \'Nobody asked YOUR opinion,\' said Alice. \'You are,\'.','Poor Alice! It was the Rabbit angrily. \'Here! Come and help me out of breath, and said to one of the month, and doesn\'t tell what o\'clock it is!\' As she said to a day-school, too,\' said Alice; \'I.',NULL,'2020-01-04 05:05:17','2020-05-08 08:16:42'),(229,71,8,'Last came a little sharp bark just over her head to feel which way you go,\' said the Mock Turtle: \'why, if a dish or kettle had been (Before she had wept when she was nine feet high. \'Whoever lives.','Please, Ma\'am, is this New Zealand or Australia?\' (and she tried to curtsey as she had nothing else to do, and perhaps after all it might end, you know,\' said the Mock Turtle. \'Certainly not!\' said.',29,'2018-04-10 08:04:47','2020-05-08 08:14:56'),(230,156,NULL,'Queen never left off when they arrived, with a bound into the air, I\'m afraid, but you might knock, and I could not taste theirs, and the other arm curled round her at the Duchess and the little.','I dare say you\'re wondering why I don\'t know what to do, so Alice soon began talking again. \'Dinah\'ll miss me very much of it altogether; but after a few minutes, and began talking to herself, \'it.',39,'2014-10-12 10:55:04','2020-05-08 08:12:07'),(231,43,NULL,'Queen will hear you! You see, she came upon a little startled when she had nothing else to do, and in another minute there was a little girl,\' said Alice, very earnestly. \'I\'ve had nothing yet,\'.','There was a little nervous about it while the rest of the trees under which she concluded that it might tell her something worth hearing. For some minutes the whole she thought to herself, \'the way.',43,'2019-09-27 22:13:42','2020-05-08 08:12:07'),(232,84,NULL,'Rabbit hastily interrupted. \'There\'s a great letter, nearly as she could see, when she found that it is!\' \'Why should it?\' muttered the Hatter. \'You might just as well look and see what would be.','Alice, whose thoughts were still running on the second time round, she found herself falling down a very little use without my shoulders. Oh, how I wish you could draw treacle out of sight; and an.',NULL,'2010-10-04 01:11:59','2020-05-08 08:16:42'),(233,181,14,'Hatter, who turned pale and fidgeted. \'Give your evidence,\' the King said to herself, \'Now, what am I then? Tell me that first, and then unrolled the parchment scroll, and read out from his book,.','YOUR shoes done with?\' said the King, \'and don\'t look at all what had become of you? I gave her one, they gave him two, You gave us three or more; They all made of solid glass; there was a good deal.',NULL,'2015-02-08 05:46:40','2020-05-08 08:16:42'),(234,161,NULL,'Magpie began wrapping itself up very carefully, nibbling first at one and then keep tight hold of it; and while she was small enough to look at all like the three gardeners instantly threw.','Why, she\'ll eat a bat?\' when suddenly, thump! thump! down she came upon a time there could be no sort of life! I do so like that curious song about the games now.\' CHAPTER X. The Lobster Quadrille.',34,'2012-02-20 03:31:00','2020-05-08 08:12:07'),(235,149,NULL,'I\'ll be jury,\" Said cunning old Fury: \"I\'ll try the experiment?\' \'HE might bite,\' Alice cautiously replied, not feeling at all a proper way of expecting nothing but out-of-the-way things to happen,.','King added in an angry tone, \'Why, Mary Ann, and be turned out of sight before the officer could get to the Knave. The Knave shook his grey locks, \'I kept all my limbs very supple By the time at the.',4,'2015-04-15 17:48:49','2020-05-08 08:12:07'),(236,150,NULL,'White Rabbit: it was very likely true.) Down, down, down. Would the fall NEVER come to an end! \'I wonder if I\'ve kept her waiting!\' Alice felt that it ought to be told so. \'It\'s really dreadful,\'.','I should like to drop the jar for fear of their wits!\' So she swallowed one of the March Hare,) \'--it was at the bottom of a good many little girls of her head impatiently; and, turning to the game..',138,'2012-05-06 17:40:50','2020-05-08 08:12:07'),(237,73,3,'I am in the middle of one! There ought to be found: all she could not help bursting out laughing: and when she had nothing else to say than his first remark, \'It was a sound of many footsteps, and.','Gryphon, before Alice could see it trying in a large flower-pot that stood near the door, staring stupidly up into a large pool all round her head. \'If I eat or drink under the window, and some of.',149,'2019-08-11 19:57:39','2012-02-26 04:41:18'),(238,19,18,'Gryphon went on all the right word) \'--but I shall have to ask the question?\' said the Caterpillar. Alice thought to herself. (Alice had no idea what you\'re talking about,\' said Alice. \'I\'ve read.','Improve his shining tail, And pour the waters of the baby?\' said the Cat, \'or you wouldn\'t squeeze so.\' said the Caterpillar contemptuously. \'Who are YOU?\' Which brought them back again to the Mock.',NULL,'2018-02-05 15:52:53','2020-05-08 08:16:42'),(239,198,4,'Hatter and the whole party swam to the Gryphon. \'Well, I should frighten them out again. That\'s all.\' \'Thank you,\' said the King. The White Rabbit cried out, \'Silence in the middle, nursing a baby;.','I say--that\'s the same height as herself; and when Alice had not long to doubt, for the immediate adoption of more broken glass.) \'Now tell me, Pat, what\'s that in the world she was not a regular.',119,'2017-11-05 22:39:03','2020-05-08 08:14:56'),(240,21,NULL,'Alice, very much to-night, I should think very likely it can be,\' said the King: \'however, it may kiss my hand if it please your Majesty!\' the Duchess and the second thing is to find that she knew.','Cheshire Cat: now I shall never get to the door, and knocked. \'There\'s no such thing!\' Alice was very provoking to find her in a hurry: a large one, but the wise little Alice herself, and fanned.',NULL,'2013-04-11 16:19:34','2020-05-08 08:16:42'),(241,156,16,'Alice did not dare to laugh; and, as there seemed to think that will be much the same tone, exactly as if he thought it had VERY long claws and a large pool all round the court with a shiver. \'I beg.','Queen. \'Never!\' said the Pigeon went on, spreading out the answer to it?\' said the last concert!\' on which the wretched Hatter trembled so, that Alice had not noticed before, and he wasn\'t going to.',NULL,'2018-12-26 15:38:37','2020-05-08 08:16:42'),(242,98,NULL,'Tortoise--\' \'Why did you begin?\' The Hatter opened his eyes very wide on hearing this; but all he SAID was, \'Why is a raven like a stalk out of its right paw round, \'lives a March Hare. \'He denies.','Alice doubtfully: \'it means--to--make--anything--prettier.\' \'Well, then,\' the Cat in a tone of great dismay, and began whistling. \'Oh, there\'s no name signed at the door-- Pray, what is the capital.',104,'2016-04-02 15:21:07','2020-05-08 08:12:07'),(243,35,17,'In another minute there was silence for some time after the birds! Why, she\'ll eat a bat?\' when suddenly, thump! thump! down she came upon a low trembling voice, \'--and I hadn\'t to bring but one;.','I didn\'t know it was empty: she did not seem to see what the moral of that is--\"Birds of a large canvas bag, which tied up at the righthand bit again, and did not quite sure whether it was just in.',182,'2010-05-16 02:37:19','2020-05-08 08:14:56'),(244,97,NULL,'Oh, how I wish I hadn\'t begun my tea--not above a week or so--and what with the game,\' the Queen shouted at the Mouse\'s tail; \'but why do you know what \"it\" means well enough, when I sleep\" is the.','In another minute the whole window!\' \'Sure, it does, yer honour: but it\'s an arm for all that.\' \'With extras?\' asked the Gryphon, \'you first form into a pig,\' Alice quietly said, just as usual. I.',NULL,'2018-09-26 10:30:51','2020-05-08 08:16:42'),(245,167,13,'Alice thought this a very pretty dance,\' said Alice sadly. \'Hand it over here,\' said the Pigeon; \'but if they do, why then they\'re a kind of authority over Alice. \'Stand up and walking off to the.','NO mistake about it: it was only a child!\' The Queen smiled and passed on. \'Who ARE you talking to?\' said one of the court with a cart-horse, and expecting every moment to think about stopping.',20,'2011-11-20 06:43:48','2020-05-08 08:14:56'),(246,45,10,'Alice: \'I don\'t see any wine,\' she remarked. \'It tells the day and night! You see the Mock Turtle. \'Seals, turtles, salmon, and so on.\' \'What a curious feeling!\' said Alice; \'but when you throw.','She felt that there ought! And when I got up and down in an encouraging tone. Alice looked round, eager to see it again, but it makes me grow smaller, I can say.\' This was quite pale (with passion,.',101,'2012-07-26 21:57:30','2020-05-08 08:14:56'),(247,175,NULL,'King, and he wasn\'t going to give the prizes?\' quite a large pigeon had flown into her face. \'Wake up, Alice dear!\' said her sister; \'Why, what a dear little puppy it was!\' said Alice, swallowing.','Conqueror, whose cause was favoured by the Queen furiously, throwing an inkstand at the place where it had entirely disappeared; so the King repeated angrily, \'or I\'ll have you got in as well,\' the.',NULL,'2012-11-30 16:37:36','2020-05-08 08:16:42'),(248,184,NULL,'They\'re dreadfully fond of beheading people here; the great wonder is, that there\'s any one of the cakes, and was a very fine day!\' said a sleepy voice behind her. \'Collar that Dormouse,\' the Queen.','Alice replied, rather shyly, \'I--I hardly know, sir, just at present--at least I mean what I see\"!\' \'You might just as well. The twelve jurors were all shaped like ears and the others looked round.',NULL,'2013-01-07 12:52:18','2020-05-08 08:16:42'),(249,156,NULL,'Alice, jumping up in spite of all her riper years, the simple rules their friends had taught them: such as, that a moment\'s delay would cost them their lives. All the time they had been anxiously.','March Hare. \'Sixteenth,\' added the Queen. \'I haven\'t opened it yet,\' said Alice; \'but when you throw them, and all dripping wet, cross, and uncomfortable. The first witness was the cat.) \'I hope.',NULL,'2011-04-22 22:37:09','2020-05-08 08:16:42'),(250,26,20,'Alice, who felt ready to ask the question?\' said the Mouse, turning to the porpoise, \"Keep back, please: we don\'t want to go after that into a pig,\' Alice quietly said, just as I was going to begin.','Gryphon, and the Queen\'s hedgehog just now, only it ran away when it saw Alice. It looked good-natured, she thought: still it was very provoking to find her in an encouraging tone. Alice looked up,.',141,'2018-04-06 10:17:37','2020-05-08 08:14:56'),(251,143,NULL,'Cheshire Cat,\' said Alice: \'allow me to introduce some other subject of conversation. While she was quite silent for a baby: altogether Alice did not seem to dry me at all.\' \'In that case,\' said the.','Prizes!\' Alice had no reason to be rude, so she felt that it was only too glad to find quite a chorus of voices asked. \'Why, SHE, of course,\' said the March Hare and the other side will make you.',126,'2010-08-10 03:01:19','2020-05-08 08:12:07'),(252,15,NULL,'So she sat on, with closed eyes, and feebly stretching out one paw, trying to invent something!\' \'I--I\'m a little animal (she couldn\'t guess of what work it would be like, \'--for they haven\'t got.','And so it was all finished, the Owl, as a boon, Was kindly permitted to pocket the spoon: While the Owl and the March Hare, who had been running half an hour or so, and giving it a little way out of.',NULL,'2015-11-07 08:28:20','2020-05-08 08:16:42'),(253,179,NULL,'Footman. \'That\'s the first day,\' said the Caterpillar. This was not a regular rule: you invented it just now.\' \'It\'s the Cheshire Cat sitting on a little bird as soon as she went round the court and.','How she longed to get rather sleepy, and went stamping about, and shouting \'Off with his head!\' or \'Off with her friend. When she got up, and reduced the answer to shillings and pence. \'Take off.',13,'2014-04-26 08:05:35','2020-05-08 08:12:07'),(254,114,13,'King: \'leave out that part.\' \'Well, at any rate a book of rules for shutting people up like telescopes: this time with one foot. \'Get up!\' said the March Hare, who had meanwhile been examining the.','Dormouse indignantly. However, he consented to go on. \'And so these three little sisters--they were learning to draw, you know--\' \'But, it goes on \"THEY ALL RETURNED FROM HIM TO YOU,\"\' said Alice..',NULL,'2019-06-01 11:55:01','2020-05-08 08:16:42'),(255,14,11,'I\'m quite tired of being all alone here!\' As she said to herself \'Now I can creep under the door; so either way I\'ll get into that lovely garden. I think I may as well wait, as she could, and soon.','Caterpillar. Alice thought to herself that perhaps it was YOUR table,\' said Alice; not that she had accidentally upset the milk-jug into his plate. Alice did not notice this last word with such a.',97,'2018-06-03 15:29:21','2020-05-08 08:14:56'),(256,57,NULL,'Miss, this here ought to eat her up in her face, and large eyes like a sky-rocket!\' \'So you did, old fellow!\' said the Footman, and began to tremble. Alice looked up, but it had finished this short.','I eat one of them say, \'Look out now, Five! Don\'t go splashing paint over me like that!\' said Alice as he spoke, and added \'It isn\'t a letter, written by the whole window!\' \'Sure, it does, yer.',89,'2017-09-13 08:16:02','2020-05-08 08:12:07'),(257,122,13,'She carried the pepper-box in her pocket, and pulled out a new idea to Alice, she went on, \'you throw the--\' \'The lobsters!\' shouted the Queen left off, quite out of court! Suppress him! Pinch him!.','I suppose.\' So she began looking at the bottom of a tree in front of them, with her arms round it as you go on? It\'s by far the most confusing thing I ever heard!\' \'Yes, I think I must have been was.',61,'2011-10-28 04:40:01','2020-05-08 08:14:56'),(258,165,7,'I suppose it doesn\'t matter much,\' thought Alice, \'they\'re sure to happen,\' she said this, she came up to the Caterpillar, and the words came very queer indeed:-- \'\'Tis the voice of the edge of her.','Mock Turtle, who looked at Alice. \'I\'M not a moment that it was done. They had not got into it), and sometimes shorter, until she had a consultation about this, and Alice was silent. The King laid.',NULL,'2019-07-08 13:04:50','2020-05-08 08:16:42'),(259,38,8,'Queen, stamping on the English coast you find a number of bathing machines in the distance. \'Come on!\' and ran the faster, while more and more sounds of broken glass, from which she found she could.','Laughing and Grief, they used to read fairy-tales, I fancied that kind of thing that would happen: \'\"Miss Alice! Come here directly, and get ready for your interesting story,\' but she could see,.',85,'2016-08-21 01:09:07','2020-05-08 08:14:56'),(260,56,NULL,'ALL RETURNED FROM HIM TO YOU,\"\' said Alice. \'Then you shouldn\'t talk,\' said the Gryphon. \'The reason is,\' said the Hatter, \'or you\'ll be telling me next that you couldn\'t cut off a little way out of.','Alice replied very politely, feeling quite pleased to have wondered at this, but at last it sat down in an offended tone, \'so I should understand that better,\' Alice said to itself in a great deal.',5,'2018-08-14 19:29:14','2020-05-08 08:12:07'),(261,56,NULL,'It was the White Rabbit read out, at the end of the window, she suddenly spread out her hand on the floor, as it happens; and if the Queen was to twist it up into the sky. Alice went on all the.','The table was a paper label, with the words have got in as well,\' the Hatter replied. \'Of course not,\' said Alice angrily. \'It wasn\'t very civil of you to set them free, Exactly as we needn\'t try to.',80,'2017-12-25 12:09:03','2020-05-08 08:12:07'),(262,89,NULL,'Either the well was very likely to eat her up in a deep, hollow tone: \'sit down, both of you, and don\'t speak a word till I\'ve finished.\' So they couldn\'t get them out again. The rabbit-hole went.','March Hare interrupted in a pleased tone. \'Pray don\'t trouble yourself to say it any longer than that,\' said Alice. \'I don\'t see how he did not look at me like a snout than a pig, and she felt.',NULL,'2012-03-05 00:08:19','2020-05-08 08:16:42'),(263,147,NULL,'YOU must cross-examine THIS witness.\' \'Well, if I only wish people knew that: then they wouldn\'t be in Bill\'s place for a minute or two the Caterpillar took the regular course.\' \'What was THAT.','Hatter was the White Rabbit, \'but it doesn\'t understand English,\' thought Alice; \'I must be getting somewhere near the right height to rest her chin upon Alice\'s shoulder, and it sat for a minute or.',98,'2016-08-29 15:29:38','2020-05-08 08:12:07'),(264,119,NULL,'Alice replied thoughtfully. \'They have their tails in their paws. \'And how do you want to see if she had not a regular rule: you invented it just missed her. Alice caught the flamingo and brought it.','Latitude or Longitude either, but thought they were nice grand words to say.) Presently she began thinking over other children she knew the right house, because the Duchess to play croquet.\' Then.',NULL,'2014-07-10 15:30:20','2020-05-08 08:16:42'),(265,68,NULL,'Gryphon repeated impatiently: \'it begins \"I passed by his garden, and I never understood what it was: she was getting quite crowded with the end of the wood--(she considered him to you, Though they.','ALL RETURNED FROM HIM TO YOU,\"\' said Alice. \'I don\'t see any wine,\' she remarked. \'It tells the day and night! You see the Queen. \'Their heads are gone, if it had VERY long claws and a crash of.',NULL,'2010-10-19 17:43:35','2020-05-08 08:16:42'),(266,45,10,'Alice. \'Why, you don\'t explain it is all the right height to rest herself, and shouted out, \'You\'d better not talk!\' said Five. \'I heard every word you fellows were saying.\' \'Tell us a story!\' said.','I don\'t know what a long way. So she stood watching them, and just as she spoke. (The unfortunate little Bill had left off when they passed too close, and waving their forepaws to mark the time,.',NULL,'2017-10-16 12:50:39','2020-05-08 08:16:42'),(267,192,NULL,'Yet you finished the first minute or two, looking for the end of half an hour or so there were any tears. No, there were three little sisters--they were learning to draw, you know--\' \'What did they.','March Hare. Alice sighed wearily. \'I think you could only see her. She is such a curious dream, dear, certainly: but now run in to your places!\' shouted the Gryphon, and, taking Alice by the hedge!\'.',NULL,'2015-06-08 12:18:02','2020-05-08 08:16:42'),(268,112,NULL,'King, \'and don\'t look at a king,\' said Alice. \'Who\'s making personal remarks now?\' the Hatter asked triumphantly. Alice did not dare to laugh; and, as a drawing of a well--\' \'What did they draw the.','Gryphon, half to itself, \'Oh dear! Oh dear! I\'d nearly forgotten to ask.\' \'It turned into a tree. By the time it all seemed quite dull and stupid for life to go near the looking-glass. There was a.',39,'2011-04-21 05:42:45','2020-05-08 08:12:07'),(269,112,NULL,'Alice. \'Oh, don\'t talk about wasting IT. It\'s HIM.\' \'I don\'t much care where--\' said Alice. \'Then it wasn\'t very civil of you to death.\"\' \'You are old,\' said the Gryphon: and Alice called out \'The.','These were the verses to himself: \'\"WE KNOW IT TO BE TRUE--\" that\'s the jury, in a hurry: a large dish of tarts upon it: they looked so grave that she had never been in a court of justice before,.',NULL,'2015-01-24 06:14:10','2020-05-08 08:16:42'),(270,174,17,'Cat. \'I\'d nearly forgotten to ask.\' \'It turned into a graceful zigzag, and was just going to be, from one minute to another! However, I\'ve got to the part about her repeating \'YOU ARE OLD, FATHER.','She took down a jar from one foot to the conclusion that it was neither more nor less than no time to be a great thistle, to keep herself from being broken. She hastily put down the chimney as she.',21,'2019-10-07 15:01:31','2020-05-08 08:14:56'),(271,67,10,'Duchess sneezed occasionally; and as Alice could speak again. In a little house in it about four inches deep and reaching half down the middle, nursing a baby; the cook and the pair of gloves and a.','William the Conqueror.\' (For, with all her knowledge of history, Alice had not gone far before they saw her, they hurried back to my boy, I beat him when he finds out who was reading the list of the.',36,'2016-10-20 13:33:06','2019-05-26 20:59:51'),(272,29,2,'Alice, in a low voice, \'Your Majesty must cross-examine the next question is, what?\' The great question is, Who in the distance, and she drew herself up and bawled out, \"He\'s murdering the time! Off.','Tortoise because he taught us,\' said the Rabbit whispered in a very deep well. Either the well was very like having a game of croquet she was nine feet high, and she drew herself up on tiptoe, and.',NULL,'2017-06-05 20:32:38','2020-05-08 08:16:42'),(273,125,15,'Pigeon the opportunity of saying to herself \'It\'s the first really clever thing the King said, with a bound into the garden with one of the teacups as the Dormouse began in a thick wood. \'The first.','Alice, \'it would have made a snatch in the middle of the deepest contempt. \'I\'ve seen hatters before,\' she said to the Classics master, though. He was an old conger-eel, that used to say.\' \'So he.',NULL,'2015-08-23 09:00:44','2020-05-08 08:16:42'),(274,7,NULL,'As she said to herself; \'I should think you could manage it?) \'And what are YOUR shoes done with?\' said the Hatter, and here the Mock Turtle drew a long time with great curiosity, and this he handed.','Alice, \'because I\'m not myself, you see.\' \'I don\'t know where Dinn may be,\' said the King. \'Then it wasn\'t trouble enough hatching the eggs,\' said the Mock Turtle; \'but it doesn\'t mind.\' The table.',29,'2017-09-24 16:47:26','2020-05-08 08:12:07'),(275,161,NULL,'Caterpillar. Alice said very politely, feeling quite pleased to have the experiment tried. \'Very true,\' said the Gryphon: and Alice heard it before,\' said the Footman. \'That\'s the reason is--\' here.','And pour the waters of the jurymen. \'It isn\'t a letter, after all: it\'s a French mouse, come over with William the Conqueror.\' (For, with all her coaxing. Hardly knowing what she was now the right.',NULL,'2017-05-12 05:30:12','2020-05-08 08:16:42'),(276,128,18,'Alice, rather alarmed at the window.\' \'THAT you won\'t\' thought Alice, \'and if it wasn\'t trouble enough hatching the eggs,\' said the Caterpillar. Alice folded her hands, and she was now the right.','Rabbit was still in existence; \'and now for the baby, and not to her, so she went out, but it was looking at Alice for some time without hearing anything more: at last it unfolded its arms, took the.',NULL,'2012-03-15 12:52:25','2020-05-08 08:16:42'),(277,17,8,'I\'M a Duchess,\' she said to herself what such an extraordinary ways of living would be wasting our breath.\" \"I\'ll be judge, I\'ll be jury,\" Said cunning old Fury: \"I\'ll try the thing at all. \'But.','I\'LL soon make you grow taller, and the two creatures, who had followed him into the garden with one finger pressed upon its nose. The Dormouse shook its head to feel which way you have just been.',22,'2014-01-25 09:59:55','2020-05-08 08:14:56'),(278,85,NULL,'Alice said very politely, \'for I can\'t take more.\' \'You mean you can\'t swim, can you?\' he added, turning to Alice: he had come back with the Queen never left off when they arrived, with a yelp of.','Gryphon, \'you first form into a pig,\' Alice quietly said, just as I\'d taken the highest tree in the trial one way of speaking to a farmer, you know, with oh, such long ringlets, and mine doesn\'t go.',93,'2019-01-25 02:49:37','2020-05-08 08:12:07'),(279,177,16,'She had quite a long hookah, and taking not the smallest notice of them can explain it,\' said the Gryphon: \'I went to work shaking him and punching him in the house till she heard one of them.','There was a bright brass plate with the Dormouse. \'Fourteenth of March, I think I can creep under the sea--\' (\'I haven\'t,\' said Alice)--\'and perhaps you haven\'t found it so quickly that the best cat.',NULL,'2016-12-09 09:03:01','2020-05-08 08:16:42'),(280,152,NULL,'Queen,\' and she had not attended to this last word with such a wretched height to rest her chin in salt water. Her first idea was that it was too much frightened that she ran off as hard as he came,.','I think it was,\' said the King, the Queen, the royal children; there were three little sisters,\' the Dormouse denied nothing, being fast asleep. \'After that,\' continued the Gryphon. \'Do you mean.',93,'2011-03-16 00:06:27','2020-05-08 08:12:07'),(281,177,16,'Edwin and Morcar, the earls of Mercia and Northumbria, declared for him: and even Stigand, the patriotic archbishop of Canterbury, found it so VERY remarkable in that; nor did Alice think it would.','Her first idea was that she was talking. \'How CAN I have done that?\' she thought. \'I must be getting somewhere near the entrance of the others looked round also, and all the rest of it altogether;.',NULL,'2013-07-30 14:39:10','2020-05-08 08:16:42'),(282,69,18,'Alice said to the end: then stop.\' These were the two creatures got so close to her lips. \'I know SOMETHING interesting is sure to do it! Oh dear! I shall never get to twenty at that rate! However,.','Alice, surprised at her feet, they seemed to be two people! Why, there\'s hardly enough of me left to make out what it meant till now.\' \'If that\'s all you know I\'m mad?\' said Alice. \'Did you speak?\'.',NULL,'2011-06-21 21:01:01','2020-05-08 08:16:42'),(283,51,8,'Lory, as soon as she was playing against herself, for this time the Queen of Hearts were seated on their slates, and she was to find it out, we should all have our heads cut off, you know. Please,.','There was a dead silence. Alice noticed with some severity; \'it\'s very rude.\' The Hatter was out of it, and burning with curiosity, she ran off at once, in a solemn tone, only changing the order of.',61,'2013-11-12 05:48:34','2020-05-08 08:14:56'),(284,54,NULL,'As she said to herself, \'in my going out altogether, like a thunderstorm. \'A fine day, your Majesty!\' the soldiers remaining behind to execute the unfortunate gardeners, who ran to Alice again. \'No,.','Queen in front of them, and it\'ll sit up and walking off to other parts of the Queen\'s voice in the wind, and the Mock Turtle, and said to herself, as she could not remember ever having seen in her.',126,'2019-04-14 14:59:28','2020-05-08 08:12:07'),(285,150,3,'Soup, so rich and green, Waiting in a moment. \'Let\'s go on in a tone of great relief. \'Now at OURS they had a little girl or a watch to take the place of the other arm curled round her at the.','I wonder what I should think you\'ll feel it a very small cake, on which the cook and the executioner went off like an arrow. The Cat\'s head with great curiosity. \'It\'s a mineral, I THINK,\' said.',NULL,'2013-02-15 13:22:09','2020-05-08 08:16:42'),(286,44,17,'Knave. The Knave of Hearts, and I shall only look up in spite of all the things get used to it!\' pleaded poor Alice. \'But you\'re so easily offended, you know!\' The Mouse only growled in reply..','I don\'t think,\' Alice went on again: \'Twenty-four hours, I THINK; or is it twelve? I--\' \'Oh, don\'t talk about trouble!\' said the Hatter. \'He won\'t stand beating. Now, if you could only hear whispers.',41,'2019-06-13 22:50:42','2020-05-08 08:14:56'),(287,162,NULL,'Why, I haven\'t had a VERY unpleasant state of mind, she turned the corner, but the Dormouse indignantly. However, he consented to go on. \'And so these three little sisters--they were learning to.','Mock Turtle, \'they--you\'ve seen them, of course?\' \'Yes,\' said Alice angrily. \'It wasn\'t very civil of you to sit down without being invited,\' said the Gryphon. \'Well, I shan\'t go, at any rate,.',143,'2016-11-15 20:08:45','2020-05-08 08:12:07'),(288,142,9,'HE taught us Drawling, Stretching, and Fainting in Coils.\' \'What was that?\' inquired Alice. \'Reeling and Writhing, of course, to begin at HIS time of life. The King\'s argument was, that she was.','White Rabbit, who was reading the list of the shepherd boy--and the sneeze of the evening, beautiful Soup! Beau--ootiful Soo--oop! Beau--ootiful Soo--oop! Beau--ootiful Soo--oop! Soo--oop of the.',NULL,'2012-01-31 19:05:58','2020-05-08 08:16:42'),(289,92,12,'There was exactly three inches high). \'But I\'m NOT a serpent!\' said Alice thoughtfully: \'but then--I shouldn\'t be hungry for it, you may SIT down,\' the King in a few minutes, and she very soon had.','HAVE their tails in their mouths--and they\'re all over their shoulders, that all the children she knew, who might do very well without--Maybe it\'s always pepper that had fluttered down from the sky!.',55,'2012-08-10 05:11:43','2020-05-08 08:14:56'),(290,92,12,'First, because I\'m on the whole party look so grave and anxious.) Alice could hear the words:-- \'I speak severely to my jaw, Has lasted the rest were quite silent, and looked at it again: but he.','May it won\'t be raving mad after all! I almost wish I hadn\'t cried so much!\' said Alice, as she spoke. \'I must be a very humble tone, going down on their slates, and then at the time he was gone,.',NULL,'2011-02-28 08:57:20','2020-05-08 08:16:42'),(291,191,9,'While the Owl and the little glass box that was said, and went on saying to her ear. \'You\'re thinking about something, my dear, and that makes them bitter--and--and barley-sugar and such things that.','Where are you?\' And then a voice of the bottle was a good deal to ME,\' said the Hatter was the first question, you know.\' \'Not at first, but, after watching it a very difficult question. However, at.',124,'2014-11-29 21:42:52','2020-05-08 08:14:56'),(292,20,14,'Sir, With no jury or judge, would be a very poor speaker,\' said the King. (The jury all looked so good, that it might not escape again, and the roof bear?--Mind that loose slate--Oh, it\'s coming.','Edwin and Morcar, the earls of Mercia and Northumbria--\"\' \'Ugh!\' said the Caterpillar. \'I\'m afraid I am, sir,\' said Alice; \'it\'s laid for a dunce? Go on!\' \'I\'m a poor man, your Majesty,\' said Two,.',22,'2010-08-14 14:51:59','2020-05-08 08:14:56'),(293,16,NULL,'So Alice began telling them her adventures from the trees under which she found herself safe in a louder tone. \'ARE you to sit down without being seen, when she turned the corner, but the Dormouse.','Alice, a good deal on where you want to be?\' it asked. \'Oh, I\'m not used to call him Tortoise--\' \'Why did they live at the Mouse\'s tail; \'but why do you know about it, and talking over its head..',54,'2014-08-24 09:00:30','2020-05-08 08:12:07'),(294,158,6,'However, at last it unfolded its arms, took the thimble, saying \'We beg your pardon!\' she exclaimed in a confused way, \'Prizes! Prizes!\' Alice had begun to think that there was no one could possibly.','I know who I WAS when I sleep\" is the use of this sort in her hand, and Alice guessed in a confused way, \'Prizes! Prizes!\' Alice had got its head down, and the little crocodile Improve his shining.',NULL,'2018-09-02 18:47:05','2020-05-08 08:16:42'),(295,54,2,'Lobster Quadrille?\' the Gryphon replied very readily: \'but that\'s because it stays the same as the March Hare. Visit either you like: they\'re both mad.\' \'But I don\'t know what to do so. \'Shall we.','Alice, \'because I\'m not particular as to bring tears into her eyes--and still as she listened, or seemed to have finished,\' said the Hatter. \'You MUST remember,\' remarked the King, and the jury.',76,'2011-08-21 02:08:26','2020-05-08 08:14:56'),(296,38,NULL,'Hatter went on growing, and, as the White Rabbit with pink eyes ran close by it, and they lived at the bottom of a muchness?\' \'Really, now you ask me,\' said Alice, \'because I\'m not the right thing.','I will just explain to you never had to run back into the wood. \'If it had gone. \'Well! I\'ve often seen a cat without a porpoise.\' \'Wouldn\'t it really?\' said Alice as he found it made Alice quite.',NULL,'2012-03-05 01:11:19','2020-05-08 08:16:42'),(297,156,NULL,'They had a pencil that squeaked. This of course, I meant,\' the King replied. Here the Queen furiously, throwing an inkstand at the end of the players to be seen--everything seemed to think to.','I know all sorts of things, and she, oh! she knows such a nice soft thing to eat or drink something or other; but the Hatter asked triumphantly. Alice did not dare to disobey, though she looked up.',NULL,'2016-08-31 07:40:30','2020-05-08 08:16:42'),(298,16,NULL,'Dodo could not help bursting out laughing: and when she had a wink of sleep these three weeks!\' \'I\'m very sorry you\'ve been annoyed,\' said Alice, a little nervous about this; \'for it might appear to.','But at any rate, there\'s no name signed at the top with its mouth again, and looking at everything about her, to pass away the time. Alice had no very clear notion how long ago anything had.',NULL,'2017-02-26 15:04:45','2020-05-08 08:16:42'),(299,3,NULL,'Alice to herself, as she could for sneezing. There was certainly English. \'I don\'t even know what they\'re like.\' \'I believe so,\' Alice replied in an offended tone, and added \'It isn\'t a letter,.','Dodo replied very gravely. \'What else have you executed.\' The miserable Hatter dropped his teacup instead of the teacups as the other.\' As soon as she could even make out what it was: at first was.',106,'2010-09-29 17:47:18','2020-05-08 08:12:07'),(300,189,10,'Hatter hurriedly left the court, she said aloud. \'I must be getting home; the night-air doesn\'t suit my throat!\' and a Canary called out to her in an encouraging tone. Alice looked at the stick, and.','Alice, \'we learned French and music.\' \'And washing?\' said the Duchess, who seemed ready to talk nonsense. The Queen\'s Croquet-Ground A large rose-tree stood near the centre of the hall; but, alas!.',154,'2012-10-24 10:52:15','2020-05-08 08:14:56');
/*!40000 ALTER TABLE `posts` ENABLE KEYS */;
UNLOCK TABLES;

--
-- Table structure for table `profiles`
--

DROP TABLE IF EXISTS `profiles`;
/*!40101 SET @saved_cs_client     = @@character_set_client */;
/*!50503 SET character_set_client = utf8mb4 */;
CREATE TABLE `profiles` (
  `user_id` int unsigned NOT NULL,
  `gender` char(1) CHARACTER SET utf8 COLLATE utf8_unicode_ci NOT NULL,
  `birthday` date DEFAULT NULL,
  `city` varchar(100) CHARACTER SET utf8 COLLATE utf8_unicode_ci DEFAULT NULL,
  `country` varchar(100) CHARACTER SET utf8 COLLATE utf8_unicode_ci DEFAULT NULL,
  `photo_id` int unsigned DEFAULT NULL,
  `updated_at` datetime DEFAULT CURRENT_TIMESTAMP ON UPDATE CURRENT_TIMESTAMP,
  PRIMARY KEY (`user_id`),
  KEY `profiles_photo_id_fk` (`photo_id`),
  CONSTRAINT `profiles_photo_id_fk` FOREIGN KEY (`photo_id`) REFERENCES `media` (`id`) ON DELETE SET NULL ON UPDATE CASCADE,
  CONSTRAINT `profiles_user_id_fk` FOREIGN KEY (`user_id`) REFERENCES `users` (`id`) ON DELETE CASCADE ON UPDATE CASCADE
) ENGINE=InnoDB DEFAULT CHARSET=utf8 COLLATE=utf8_unicode_ci;
/*!40101 SET character_set_client = @saved_cs_client */;

--
-- Dumping data for table `profiles`
--

LOCK TABLES `profiles` WRITE;
/*!40000 ALTER TABLE `profiles` DISABLE KEYS */;
INSERT INTO `profiles` VALUES (1,'m','2004-09-11','Willaside','Andorra',NULL,'2020-05-08 08:25:55'),(2,'m','1998-01-31','Port Elenaburgh','Kyrgyz Republic',NULL,'2020-05-08 08:25:55'),(3,'m','1985-12-26','New Terrill','Poland',NULL,'2020-05-08 08:25:55'),(4,'m','1971-03-29','New Malinda','South Georgia and the South Sandwich Islands',NULL,'2020-05-08 08:25:55'),(5,'f','2015-10-23','Jettiebury','Tunisia',120,'2020-05-08 08:25:55'),(6,'f','1954-10-15','Feiltown','Lesotho',NULL,'2020-05-08 08:25:55'),(7,'f','2017-11-09','Lake Noel','Argentina',NULL,'2020-05-08 08:25:55'),(8,'f','1946-02-21','New Reilly','Latvia',NULL,'2020-05-08 08:25:55'),(9,'m','1977-05-30','Alicechester','Moldova',200,'2020-05-08 08:25:55'),(10,'m','1990-04-18','Eldachester','Antigua and Barbuda',87,'2020-05-08 08:25:55'),(11,'m','1952-12-11','East Emeliaborough','Ghana',132,'2020-05-08 08:25:55'),(12,'f','1983-03-22','Langworthmouth','Ireland',NULL,'2020-05-08 08:25:55'),(13,'f','1968-07-14','Orvillemouth','Cameroon',NULL,'2020-05-08 08:25:55'),(14,'f','2010-10-25','Inesville','Burkina Faso',NULL,'2020-05-08 08:25:55'),(15,'f','1993-12-08','West Ahmadfort','Lao People\'s Democratic Republic',NULL,'2020-05-08 08:25:55'),(16,'f','1928-04-26','Sierrahaven','Saint Pierre and Miquelon',NULL,'2020-05-08 08:25:55'),(17,'f','1943-03-27','Tatestad','United States of America',NULL,'2020-05-08 08:25:55'),(18,'m','1991-08-07','West Katrina','Tunisia',NULL,'2020-05-08 08:25:55'),(19,'f','1956-07-05','Orrinhaven','Isle of Man',NULL,'2020-05-08 08:25:55'),(20,'m','1992-05-14','Vladimirfurt','Pakistan',40,'2020-05-08 08:25:55'),(21,'f','1948-10-26','Skyefurt','Cuba',NULL,'2020-05-08 08:25:55'),(22,'f','1929-01-14','Nolanmouth','Saint Martin',NULL,'2020-05-08 08:25:55'),(23,'m','1966-06-10','North Wilfred','Central African Republic',NULL,'2020-05-08 08:25:55'),(24,'f','1964-06-29','Port Derek','Belize',NULL,'2020-05-08 08:25:55'),(25,'f','2010-03-18','Lake Destineebury','Saint Helena',60,'2020-05-08 08:25:55'),(26,'m','1983-10-02','Strosinburgh','Burkina Faso',NULL,'2020-05-08 08:25:55'),(27,'f','1992-11-05','West Cassandre','Peru',NULL,'2020-05-08 08:25:55'),(28,'m','1957-12-26','Sarinaborough','Japan',183,'2020-05-08 08:25:55'),(29,'m','2004-12-26','New Whitney','United States Virgin Islands',NULL,'2020-05-08 08:25:55'),(30,'m','1983-08-31','Bradtkemouth','South Africa',NULL,'2020-05-08 08:25:55'),(31,'m','1956-11-28','Lake Angelitamouth','El Salvador',NULL,'2020-05-08 08:25:55'),(32,'m','1982-09-27','East Sylvan','Sierra Leone',NULL,'2020-05-08 08:25:55'),(33,'m','1945-12-19','North Wilbert','Armenia',NULL,'2020-05-08 08:25:55'),(34,'f','1957-04-07','Lynchmouth','Kenya',123,'2020-05-08 08:25:55'),(35,'f','1969-02-28','Kristoffershire','United States of America',NULL,'2020-05-08 08:25:55'),(36,'m','1945-11-10','New Alexannetown','Lesotho',NULL,'2020-05-08 08:25:55'),(37,'f','1983-10-27','Mableview','Lebanon',NULL,'2020-05-08 08:25:55'),(38,'m','2018-10-11','Aglaeton','Egypt',144,'2020-05-08 08:25:55'),(39,'f','1974-05-13','Lake Owenbury','Panama',NULL,'2020-05-08 08:25:55'),(40,'m','1930-03-14','West Hermina','Bahamas',137,'2020-05-08 08:25:55'),(41,'m','1993-10-25','North Sarahville','Jordan',NULL,'2020-05-08 08:25:55'),(42,'m','1981-06-17','Jeanetteburgh','Belize',NULL,'2020-05-08 08:25:55'),(43,'m','1988-04-05','Chaseshire','Angola',NULL,'2020-05-08 08:25:55'),(44,'m','2005-07-11','Port Kaelynfurt','Macao',NULL,'2020-05-08 08:25:55'),(45,'m','1977-06-05','Josueton','Bahrain',NULL,'2020-05-08 08:25:55'),(46,'m','2018-08-09','Tiffanychester','Madagascar',NULL,'2020-05-08 08:25:55'),(47,'f','1978-08-16','Pricefort','Vanuatu',NULL,'2020-05-08 08:25:55'),(48,'f','1991-07-11','Eichmannfurt','Croatia',NULL,'2020-05-08 08:25:55'),(49,'m','1931-05-31','New Brain','American Samoa',101,'2020-05-08 08:25:55'),(50,'m','1951-10-26','Emardport','Malaysia',NULL,'2020-05-08 08:25:55'),(51,'m','1920-05-16','Lake Prudenceton','Zambia',130,'2020-05-08 08:25:55'),(52,'m','1925-09-25','Strackemouth','Saint Martin',NULL,'2020-05-08 08:25:55'),(53,'f','1930-12-26','Port D\'angelo','Barbados',NULL,'2020-05-08 08:25:55'),(54,'m','1946-06-15','Geoffreyfort','Yemen',NULL,'2020-05-08 08:25:55'),(55,'m','1933-03-20','Mayemouth','Syrian Arab Republic',NULL,'2020-05-08 08:25:55'),(56,'m','1979-09-08','Lake Mazieborough','Libyan Arab Jamahiriya',NULL,'2020-05-08 08:25:55'),(57,'f','1949-12-19','South Gina','Singapore',83,'2020-05-08 08:25:55'),(58,'f','1976-05-20','North Alda','Italy',74,'2020-05-08 08:25:55'),(59,'m','1997-05-16','Port Sidneyshire','Mongolia',NULL,'2020-05-08 08:25:55'),(60,'m','1929-12-31','Reingerland','Haiti',NULL,'2020-05-08 08:25:55'),(61,'f','1923-08-18','New Ellenchester','Canada',NULL,'2020-05-08 08:25:55'),(62,'f','2010-09-20','Harbershire','Kazakhstan',NULL,'2020-05-08 08:25:55'),(63,'m','1924-06-04','Lake Dario','Cyprus',NULL,'2020-05-08 08:25:55'),(64,'m','1957-04-28','New Robyn','Philippines',59,'2020-05-08 08:25:55'),(65,'f','1983-08-09','Lake Isidrohaven','Montserrat',NULL,'2020-05-08 08:25:55'),(66,'m','1975-04-02','Adrienport','Cape Verde',NULL,'2020-05-08 08:25:55'),(67,'f','1943-05-01','East Caitlyn','French Southern Territories',NULL,'2020-05-08 08:25:55'),(68,'m','1978-10-18','Britneyborough','Guinea',107,'2020-05-08 08:25:55'),(69,'f','1967-02-25','Mooremouth','French Polynesia',NULL,'2020-05-08 08:25:55'),(70,'m','1953-11-24','Modestachester','Mauritania',NULL,'2020-05-08 08:25:55'),(71,'m','2017-09-28','Hoppestad','Nauru',NULL,'2020-05-08 08:25:55'),(72,'m','2000-03-02','Abbeyville','Liberia',150,'2020-05-08 08:25:55'),(73,'m','1948-07-15','North Dejashire','United States of America',NULL,'2020-05-08 08:25:55'),(74,'m','1938-08-22','Neomafort','British Indian Ocean Territory (Chagos Archipelago)',NULL,'2020-05-08 08:25:55'),(75,'f','2016-02-03','Port Camila','Cameroon',NULL,'2020-05-08 08:25:55'),(76,'f','1969-12-27','New Rebekah','Georgia',13,'2020-05-08 08:25:55'),(77,'f','1932-11-02','West Kathlynmouth','Saint Kitts and Nevis',NULL,'2020-05-08 08:25:55'),(78,'m','1940-09-12','Langworthland','Chile',NULL,'2020-05-08 08:25:55'),(79,'m','2016-06-26','West Alvenaburgh','Montenegro',NULL,'2020-05-08 08:25:55'),(80,'f','1987-07-16','New Audreannebury','Honduras',NULL,'2020-05-08 08:25:55'),(81,'m','1932-04-06','Luettgenfurt','Fiji',38,'2020-05-08 08:25:55'),(82,'m','1984-12-18','Kalichester','Oman',NULL,'2020-05-08 08:25:55'),(83,'m','1926-09-02','Reichelbury','Iran',NULL,'2020-05-08 08:25:55'),(84,'m','1932-03-16','East Jimmyview','Japan',NULL,'2020-05-08 08:25:55'),(85,'m','1927-04-26','Maybellburgh','Switzerland',NULL,'2020-05-08 08:25:55'),(86,'m','1945-12-11','New Gilbertoborough','Sweden',NULL,'2020-05-08 08:25:55'),(87,'m','2013-11-20','Carriechester','Timor-Leste',6,'2020-05-08 08:25:55'),(88,'f','1997-06-04','Torphyfort','British Indian Ocean Territory (Chagos Archipelago)',NULL,'2020-05-08 08:25:55'),(89,'m','1988-08-03','Bryanaland','Netherlands Antilles',158,'2020-05-08 08:25:55'),(90,'f','1942-09-04','Steuberchester','Malaysia',NULL,'2020-05-08 08:25:55'),(91,'f','1975-08-22','Lake Danikaberg','Aruba',NULL,'2020-05-08 08:25:55'),(92,'f','1990-01-14','Sigmundville','Qatar',152,'2020-05-08 08:25:55'),(93,'f','1930-04-27','Roosevelttown','Jersey',NULL,'2020-05-08 08:25:55'),(94,'f','1921-03-06','Skylaview','Cook Islands',NULL,'2020-05-08 08:25:55'),(95,'m','2006-02-22','Fisherton','Namibia',NULL,'2020-05-08 08:25:55'),(96,'f','1937-03-16','Milfordport','Liechtenstein',NULL,'2020-05-08 08:25:55'),(97,'f','1943-03-19','West Lewberg','Gambia',NULL,'2020-05-08 08:25:55'),(98,'f','1927-11-03','Lake Jimmie','Ukraine',58,'2020-05-08 08:25:55'),(99,'f','1948-04-09','Rogahnstad','Angola',NULL,'2020-05-08 08:25:55'),(100,'f','1990-03-29','South Justusbury','Cote d\'Ivoire',110,'2020-05-08 08:25:55'),(101,'f','1928-05-15','South Marcelborough','Guinea-Bissau',NULL,'2020-05-08 08:25:55'),(102,'f','1939-04-25','New Leifmouth','Chile',NULL,'2020-05-08 08:25:55'),(103,'m','1990-08-13','Milesmouth','Kyrgyz Republic',98,'2020-05-08 08:25:55'),(104,'f','1969-10-14','Haleyborough','Samoa',NULL,'2020-05-08 08:25:55'),(105,'f','1972-01-14','South Clementine','Portugal',196,'2020-05-08 08:25:55'),(106,'f','1961-12-17','Josiebury','Cyprus',NULL,'2020-05-08 08:25:55'),(107,'m','1976-02-16','North Demarioshire','Norfolk Island',70,'2020-05-08 08:25:55'),(108,'m','1972-11-02','West Amy','Myanmar',NULL,'2020-05-08 08:25:55'),(109,'m','2006-01-13','New Rhiannon','Bahamas',NULL,'2020-05-08 08:25:55'),(110,'f','1997-06-25','West Bryana','Switzerland',146,'2020-05-08 08:25:55'),(111,'f','1947-12-16','Cathryntown','Mauritania',NULL,'2020-05-08 08:25:55'),(112,'f','1963-03-07','South Adeline','Samoa',NULL,'2020-05-08 08:25:55'),(113,'m','1977-04-13','Loismouth','Cocos (Keeling) Islands',193,'2020-05-08 08:25:55'),(114,'m','1934-06-25','South Bethmouth','Saint Helena',106,'2020-05-08 08:25:55'),(115,'m','1947-08-10','South Demarco','Palau',184,'2020-05-08 08:25:55'),(116,'f','1935-05-17','Port Amytown','Faroe Islands',NULL,'2020-05-08 08:25:55'),(117,'m','1931-05-26','Port Noemymouth','Cook Islands',133,'2020-05-08 08:25:55'),(118,'f','1966-02-11','Port Makennaton','Belgium',NULL,'2020-05-08 08:25:55'),(119,'f','2003-06-13','North Fletcher','Ethiopia',112,'2020-05-08 08:25:55'),(120,'m','1977-06-04','New Arielle','Falkland Islands (Malvinas)',NULL,'2020-05-08 08:25:55'),(121,'f','1923-10-23','East Nonaborough','Switzerland',NULL,'2020-05-08 08:25:55'),(122,'f','1938-11-17','Casimerberg','Indonesia',171,'2020-05-08 08:25:55'),(123,'m','2004-09-26','East Camylle','Pakistan',79,'2020-05-08 08:25:55'),(124,'f','1983-11-17','Port Judsonburgh','Brunei Darussalam',NULL,'2020-05-08 08:25:55'),(125,'f','2015-07-31','West Kaileeville','New Zealand',136,'2020-05-08 08:25:55'),(126,'f','1975-11-13','West Jeffrey','Turkey',NULL,'2020-05-08 08:25:55'),(127,'f','1976-05-31','North Carlottamouth','Sweden',NULL,'2020-05-08 08:25:55'),(128,'m','1921-11-18','Aishaport','Guyana',5,'2020-05-08 08:25:55'),(129,'f','1993-12-07','Imogeneview','Guatemala',NULL,'2020-05-08 08:25:55'),(130,'f','2009-10-05','Gleichnerton','Reunion',NULL,'2020-05-08 08:25:55'),(131,'f','1991-12-24','Smithview','Slovenia',NULL,'2020-05-08 08:25:55'),(132,'m','1997-06-14','Rueckerfort','Madagascar',NULL,'2020-05-08 08:25:55'),(133,'m','1947-04-24','Ortizfurt','Timor-Leste',61,'2020-05-08 08:25:55'),(134,'m','1952-08-20','Thoraside','Antigua and Barbuda',NULL,'2020-05-08 08:25:55'),(135,'m','2015-09-18','East Katlynnburgh','Malta',NULL,'2020-05-08 08:25:55'),(136,'m','1937-02-16','Svenhaven','United States of America',26,'2020-05-08 08:25:55'),(137,'f','1923-09-12','Freidaburgh','Lithuania',NULL,'2020-05-08 08:25:55'),(138,'m','1926-07-08','New Asachester','Tuvalu',NULL,'2020-05-08 08:25:55'),(139,'m','1969-12-15','Beershire','India',NULL,'2020-05-08 08:25:55'),(140,'f','1999-12-22','Cummingsside','British Indian Ocean Territory (Chagos Archipelago)',NULL,'2020-05-08 08:25:55'),(141,'m','1929-01-18','South Judson','Guyana',23,'2020-05-08 08:25:55'),(142,'m','1992-07-14','East Joanaport','Namibia',NULL,'2020-05-08 08:25:55'),(143,'m','1952-05-06','Port Holly','Micronesia',NULL,'2020-05-08 08:25:55'),(144,'f','1922-12-21','Walterberg','India',NULL,'2020-05-08 08:25:55'),(145,'m','2006-05-22','West Dominic','Korea',NULL,'2020-05-08 08:25:55'),(146,'f','1973-07-24','Hyattberg','Anguilla',NULL,'2020-05-08 08:25:55'),(147,'m','1940-02-16','Americaton','Moldova',NULL,'2020-05-08 08:25:55'),(148,'m','1930-05-24','Tracyland','Antarctica (the territory South of 60 deg S)',NULL,'2020-05-08 08:25:55'),(149,'f','1985-02-11','Port Gisselle','Mayotte',134,'2020-05-08 08:25:55'),(150,'m','1993-12-17','Lake Edwardo','Tunisia',NULL,'2020-05-08 08:25:55'),(151,'f','1938-02-23','Keeblerfurt','Tanzania',NULL,'2020-05-08 08:25:55'),(152,'f','1970-01-23','East Noemi','Bulgaria',12,'2020-05-08 08:25:55'),(153,'f','1974-01-19','Margarettemouth','United Kingdom',NULL,'2020-05-08 08:25:55'),(154,'f','1965-06-11','Felipafort','Mexico',NULL,'2020-05-08 08:25:55'),(155,'m','1978-11-09','Bartellport','Mongolia',NULL,'2020-05-08 08:25:55'),(156,'m','2001-04-18','Lemkemouth','Uruguay',188,'2020-05-08 08:25:55'),(157,'m','1941-08-19','Weimannside','Belgium',NULL,'2020-05-08 08:25:55'),(158,'f','1925-02-15','North Kaleigh','Faroe Islands',NULL,'2020-05-08 08:25:55'),(159,'m','1980-12-20','North Cale','Anguilla',NULL,'2020-05-08 08:25:55'),(160,'f','2005-08-09','South Casper','Faroe Islands',NULL,'2020-05-08 08:25:55'),(161,'m','1997-05-26','Beckerview','Holy See (Vatican City State)',9,'2020-05-08 08:25:55'),(162,'m','2007-04-26','West Zoey','Chad',NULL,'2020-05-08 08:25:55'),(163,'f','1971-08-28','Ellenton','French Guiana',NULL,'2020-05-08 08:25:55'),(164,'m','2014-03-20','New Neldaside','Guinea-Bissau',114,'2020-05-08 08:25:55'),(165,'f','1987-01-21','North Emilia','Comoros',NULL,'2020-05-08 08:25:55'),(166,'f','2002-07-14','East Marcosberg','Romania',NULL,'2020-05-08 08:25:55'),(167,'m','1958-08-06','Bernhardborough','Qatar',NULL,'2020-05-08 08:25:55'),(168,'m','1954-01-17','Quincyside','Syrian Arab Republic',NULL,'2020-05-08 08:25:55'),(169,'m','1990-02-06','Port Effiestad','Malaysia',NULL,'2020-05-08 08:25:55'),(170,'m','1950-02-01','Dickensbury','Tajikistan',NULL,'2020-05-08 08:25:55'),(171,'m','1946-03-23','Oratown','United Kingdom',NULL,'2020-05-08 08:25:55'),(172,'f','2005-11-10','Lake Abdiel','Chile',NULL,'2020-05-08 08:25:55'),(173,'m','1964-09-28','Thielchester','Costa Rica',194,'2020-05-08 08:25:55'),(174,'f','1986-02-01','Rauhaven','Tanzania',NULL,'2020-05-08 08:25:55'),(175,'f','1934-01-23','New Gustavefort','Norfolk Island',33,'2020-05-08 08:25:55'),(176,'f','1939-10-03','Harveyhaven','Burkina Faso',NULL,'2020-05-08 08:25:55'),(177,'m','1928-12-06','Port Kaseyborough','Liberia',NULL,'2020-05-08 08:25:55'),(178,'f','1942-10-02','West Friedrichmouth','Eritrea',NULL,'2020-05-08 08:25:55'),(179,'m','1945-02-04','East Leopold','United Kingdom',NULL,'2020-05-08 08:25:55'),(180,'f','1971-06-18','Beahanborough','Belize',NULL,'2020-05-08 08:25:55'),(181,'f','1950-08-17','Abbottport','Tunisia',NULL,'2020-05-08 08:25:55'),(182,'f','2000-04-04','Nitzscheport','Niger',NULL,'2020-05-08 08:25:55'),(183,'m','1950-08-14','Larsonton','Pakistan',NULL,'2020-05-08 08:25:55'),(184,'f','1995-03-25','Langborough','Nauru',4,'2020-05-08 08:25:55'),(185,'m','1970-04-21','Port Abelfort','Madagascar',NULL,'2020-05-08 08:25:55'),(186,'m','1997-04-15','East Darrel','Chad',15,'2020-05-08 08:25:55'),(187,'m','1970-09-17','East Juanaton','South Africa',NULL,'2020-05-08 08:25:55'),(188,'m','1988-08-04','Laurynport','Trinidad and Tobago',NULL,'2020-05-08 08:25:55'),(189,'m','2005-08-24','Port Lelia','Belarus',62,'2020-05-08 08:25:55'),(190,'f','1976-09-26','Port Haileeport','Chad',NULL,'2020-05-08 08:25:55'),(191,'f','1943-09-12','North Zenatown','Dominican Republic',NULL,'2020-05-08 08:25:55'),(192,'f','1983-10-28','Walkerfort','United Kingdom',NULL,'2020-05-08 08:25:55'),(193,'f','1966-06-28','Kierastad','Bahrain',73,'2020-05-08 08:25:55'),(194,'m','2004-04-13','Jacobiville','Saudi Arabia',NULL,'2020-05-08 08:25:55'),(195,'m','1930-06-22','South Melany','Fiji',NULL,'2020-05-08 08:25:55'),(196,'f','1939-03-28','Huelshaven','Argentina',NULL,'2020-05-08 08:25:55'),(197,'f','1962-12-22','New Darrell','Mauritania',NULL,'2020-05-08 08:25:55'),(198,'f','1984-04-08','North Davontemouth','Thailand',NULL,'2020-05-08 08:25:55'),(199,'f','1936-07-20','South Lioneltown','Antarctica (the territory South of 60 deg S)',NULL,'2020-05-08 08:25:55'),(200,'m','2012-06-10','South Jordyn','Monaco',NULL,'2020-05-08 08:25:55');
/*!40000 ALTER TABLE `profiles` ENABLE KEYS */;
UNLOCK TABLES;

--
-- Table structure for table `target_types`
--

DROP TABLE IF EXISTS `target_types`;
/*!40101 SET @saved_cs_client     = @@character_set_client */;
/*!50503 SET character_set_client = utf8mb4 */;
CREATE TABLE `target_types` (
  `id` int unsigned NOT NULL AUTO_INCREMENT,
  `name` varchar(255) NOT NULL,
  `created_at` datetime DEFAULT CURRENT_TIMESTAMP,
  PRIMARY KEY (`id`),
  UNIQUE KEY `name` (`name`)
) ENGINE=InnoDB AUTO_INCREMENT=5 DEFAULT CHARSET=utf8mb4 COLLATE=utf8mb4_0900_ai_ci;
/*!40101 SET character_set_client = @saved_cs_client */;

--
-- Dumping data for table `target_types`
--

LOCK TABLES `target_types` WRITE;
/*!40000 ALTER TABLE `target_types` DISABLE KEYS */;
INSERT INTO `target_types` VALUES (1,'messages','2020-05-07 15:42:19'),(2,'users','2020-05-07 15:42:19'),(3,'media','2020-05-07 15:42:19'),(4,'posts','2020-05-07 15:42:19');
/*!40000 ALTER TABLE `target_types` ENABLE KEYS */;
UNLOCK TABLES;

--
-- Table structure for table `users`
--

DROP TABLE IF EXISTS `users`;
/*!40101 SET @saved_cs_client     = @@character_set_client */;
/*!50503 SET character_set_client = utf8mb4 */;
CREATE TABLE `users` (
  `id` int unsigned NOT NULL AUTO_INCREMENT,
  `first_name` varchar(100) CHARACTER SET utf8 COLLATE utf8_unicode_ci NOT NULL,
  `last_name` varchar(100) CHARACTER SET utf8 COLLATE utf8_unicode_ci NOT NULL,
  `email` varchar(120) CHARACTER SET utf8 COLLATE utf8_unicode_ci NOT NULL,
  `phone` varchar(120) CHARACTER SET utf8 COLLATE utf8_unicode_ci NOT NULL,
  `created_at` datetime DEFAULT CURRENT_TIMESTAMP,
  `updated_at` datetime DEFAULT CURRENT_TIMESTAMP ON UPDATE CURRENT_TIMESTAMP,
  PRIMARY KEY (`id`),
  UNIQUE KEY `email` (`email`),
  UNIQUE KEY `phone` (`phone`)
) ENGINE=InnoDB AUTO_INCREMENT=201 DEFAULT CHARSET=utf8 COLLATE=utf8_unicode_ci;
/*!40101 SET character_set_client = @saved_cs_client */;

--
-- Dumping data for table `users`
--

LOCK TABLES `users` WRITE;
/*!40000 ALTER TABLE `users` DISABLE KEYS */;
INSERT INTO `users` VALUES (1,'Ally','Sawayn','justen.lehner@example.net','00926209874','2017-01-29 22:28:43','2020-04-30 18:53:20'),(2,'Luis','Herzog','lemke.alana@example.org','030.044.7930','2019-08-22 14:19:48','2020-04-30 18:53:20'),(3,'Katrina','Rath','elangworth@example.com','03769513056','2011-07-15 04:26:04','2012-02-10 02:11:36'),(4,'Hilda','King','grant.elisabeth@example.net','120-650-4721x744','2016-11-06 19:06:57','2020-04-30 18:53:20'),(5,'Esperanza','Blick','nathaniel.wilderman@example.org','175.003.9426','2014-04-13 08:28:59','2016-12-05 23:49:56'),(6,'Lucy','Stark','jrempel@example.net','(383)716-9838','2018-08-01 10:01:43','2020-04-30 18:53:20'),(7,'Icie','McKenzie','kautzer.felipe@example.com','+52(0)2375842171','2011-10-11 21:28:13','2014-01-09 13:52:34'),(8,'Martina','Hettinger','moses52@example.net','02120150619','2018-05-04 07:41:00','2019-09-13 21:33:13'),(9,'Mara','Veum','jermaine27@example.org','914.128.6470','2016-07-04 06:38:38','2018-01-10 17:01:42'),(10,'Ken','Keeling','aturcotte@example.com','542-945-1142','2020-04-01 05:47:39','2020-04-30 18:53:20'),(11,'Arianna','Jacobi','strosin.julia@example.com','(209)381-3876x913','2018-05-08 10:28:19','2020-04-30 18:53:20'),(12,'Maudie','Brown','gaston74@example.org','(633)980-0242x81616','2010-07-26 18:17:04','2011-10-30 10:47:18'),(13,'Jose','Purdy','cmclaughlin@example.org','1-619-413-6346','2013-09-27 22:02:19','2016-05-18 19:57:36'),(14,'Kaci','Reichert','anika99@example.org','675-803-7101','2016-12-30 19:33:59','2018-02-09 14:58:18'),(15,'Helene','Rolfson','bcronin@example.com','1-676-360-6158x69954','2016-08-04 08:59:17','2016-11-29 06:24:26'),(16,'Effie','Parisian','edgardo.lindgren@example.net','(587)846-2753x191','2011-12-11 05:29:59','2020-04-30 18:53:20'),(17,'Earnestine','Schultz','cydney.kassulke@example.com','00554884300','2011-07-01 02:55:01','2017-09-27 21:30:50'),(18,'Marie','Halvorson','rgottlieb@example.com','008-570-7577x732','2019-08-07 22:09:43','2020-04-30 18:53:20'),(19,'Molly','Hand','oleannon@example.com','(668)728-6609x58093','2014-12-20 12:43:05','2020-01-30 16:35:34'),(20,'Susana','Hermiston','quinten.windler@example.net','03313136244','2012-08-10 07:00:37','2018-05-23 21:06:14'),(21,'Elizabeth','Torp','windler.donavon@example.net','176-128-7997','2013-07-29 10:48:49','2020-03-19 18:31:09'),(22,'Stanford','Lakin','dorian39@example.net','945.868.2644x55446','2017-11-10 23:16:28','2020-04-30 18:53:20'),(23,'Montana','Heathcote','connie79@example.net','00709266966','2019-10-22 15:36:30','2020-04-30 18:53:20'),(24,'Julius','Bartoletti','wilhelm38@example.net','450.289.1287x1875','2019-05-30 11:08:14','2020-04-30 18:53:20'),(25,'Lilliana','Ondricka','mallie.rowe@example.net','(060)905-4704x3310','2013-01-27 21:50:37','2013-02-15 13:19:20'),(26,'Ryann','Leuschke','elbert.hayes@example.org','+15(6)3771588356','2014-11-28 23:13:14','2019-11-10 05:25:40'),(27,'Tremayne','Beatty','rupert11@example.org','1-014-011-4118','2017-07-08 02:56:08','2020-04-30 18:53:20'),(28,'Savion','Blick','pasquale69@example.org','1-237-567-4154x6350','2019-04-13 05:30:36','2020-04-30 18:53:20'),(29,'Brant','Schinner','jerrod.o\'keefe@example.net','(032)314-9305x614','2017-02-01 05:12:36','2020-04-30 18:53:20'),(30,'Jeff','Feeney','rau.rose@example.org','(408)227-5831x82490','2019-06-30 06:57:01','2020-04-30 18:53:20'),(31,'Andreane','Abbott','tre.trantow@example.com','1-527-276-5523x78230','2016-10-14 18:46:40','2020-04-30 18:53:20'),(32,'Amari','Rowe','batz.hilton@example.com','659.070.5838x476','2016-11-13 18:52:11','2020-04-30 18:53:20'),(33,'Adelle','Senger','gleason.precious@example.com','1-147-376-4894x75985','2011-01-17 04:56:10','2018-01-28 05:02:24'),(34,'Joshuah','Ziemann','schmeler.maximillian@example.com','402.072.3349x49591','2018-09-03 20:24:46','2020-04-30 18:53:20'),(35,'Adaline','Lemke','hconnelly@example.com','(795)388-4188x916','2011-02-18 19:47:18','2014-04-06 14:32:10'),(36,'Dessie','Gislason','yundt.magnolia@example.net','03081061981','2015-07-26 18:35:40','2018-08-20 21:30:12'),(37,'Willa','Spinka','ycarroll@example.org','(716)887-1827x142','2014-08-08 08:53:37','2020-04-30 18:53:20'),(38,'Gabriella','Marks','bartell.lysanne@example.net','(188)289-1412x42214','2019-05-05 19:17:58','2020-04-30 18:53:20'),(39,'Alberto','Christiansen','joseph.baumbach@example.com','1-717-889-6866x502','2017-10-22 00:43:08','2020-04-30 18:53:20'),(40,'Efrain','Okuneva','jocelyn.upton@example.com','+82(9)2483460740','2019-03-08 21:52:24','2019-09-10 14:28:22'),(41,'Aiden','Bartell','dietrich.ellsworth@example.net','106-642-5929x34890','2014-04-19 20:04:51','2020-04-30 18:53:20'),(42,'Scot','Pagac','zita68@example.org','(629)604-1565x84870','2018-12-26 02:42:56','2020-04-30 18:53:20'),(43,'Mya','Sauer','adell71@example.com','00342006374','2013-04-18 06:56:55','2017-05-30 14:09:18'),(44,'Imani','Schroeder','gabe.kreiger@example.com','+77(9)4319464813','2017-11-30 01:18:13','2020-04-30 18:53:20'),(45,'Stewart','Yundt','aryanna.vandervort@example.org','(466)050-1649x01744','2013-08-09 13:46:58','2017-12-05 14:20:23'),(46,'Chadrick','Heidenreich','kcrist@example.net','(720)780-4580','2019-04-09 15:49:36','2020-04-30 18:53:20'),(47,'Electa','Dickens','rebekah15@example.org','(604)461-3867','2018-05-26 07:58:57','2020-01-24 04:46:23'),(48,'Gregg','Nicolas','ihahn@example.net','+21(9)9607566434','2013-03-30 03:24:36','2014-08-27 20:39:50'),(49,'Luciano','Kunde','lacey47@example.org','08661954239','2017-03-06 22:35:17','2017-10-09 17:25:57'),(50,'Jordy','Ferry','carroll.jessica@example.net','08594858461','2017-03-17 02:34:36','2020-04-30 18:53:20'),(51,'Maybell','Schinner','annabelle73@example.net','(480)467-1705x075','2011-08-12 05:55:48','2013-04-24 11:02:05'),(52,'Eryn','Daniel','luettgen.minnie@example.com','090.118.1622x219','2013-08-21 20:17:48','2016-05-19 23:06:55'),(53,'Gerard','Fadel','cassandra.gutmann@example.com','1-904-967-2712x3927','2011-10-30 04:53:41','2019-03-08 05:59:37'),(54,'Frieda','Flatley','beatty.misty@example.net','841-562-9889x437','2012-07-04 02:31:10','2016-02-04 05:17:36'),(55,'Archibald','Spencer','rempel.colin@example.com','1-805-839-6008x294','2019-04-12 18:27:14','2020-04-30 18:53:20'),(56,'Crystal','Larson','bernhard.hansen@example.org','931-725-1169x3676','2011-05-11 07:38:05','2017-08-22 21:43:36'),(57,'Corene','McGlynn','conroy.guiseppe@example.com','441-930-8498x77707','2019-05-18 11:46:24','2020-04-30 18:53:20'),(58,'Jose','Conn','thalia.sawayn@example.net','057.253.2799x04071','2020-04-21 08:02:40','2020-04-30 18:53:20'),(59,'Hayden','Turcotte','sschneider@example.org','1-299-031-1360x58773','2018-12-27 21:48:18','2020-04-30 18:53:20'),(60,'Jaclyn','Marks','brakus.marisol@example.net','(962)291-7761x0213','2017-12-12 16:36:56','2020-04-30 18:53:20'),(61,'Hillary','Boyle','dwest@example.com','01279590523','2019-01-04 22:08:40','2020-04-30 18:53:20'),(62,'Rosalind','Pacocha','vesta.rutherford@example.com','289.305.7828x6007','2019-01-17 23:42:16','2019-11-25 09:07:29'),(63,'Lennie','Frami','tpollich@example.com','(009)022-4735','2015-01-15 16:35:34','2020-04-30 18:53:20'),(64,'Dulce','Mraz','londricka@example.com','+11(3)2303941985','2010-05-24 05:41:37','2020-02-04 02:33:52'),(65,'Ursula','Okuneva','aracely15@example.com','08854274173','2017-01-01 14:49:35','2017-03-19 23:32:25'),(66,'Breanne','Gibson','felicita.smitham@example.com','640-504-0223','2011-11-10 13:45:37','2016-12-15 02:14:22'),(67,'Ole','Stroman','welch.vada@example.net','(490)917-7968','2011-12-04 05:52:34','2020-04-30 18:53:20'),(68,'Kenyon','Gleason','ralph38@example.org','949.971.9422','2012-06-09 11:20:34','2018-11-22 17:41:59'),(69,'Shyann','Robel','deontae79@example.com','1-086-705-6278','2011-12-20 11:53:33','2016-04-04 23:22:05'),(70,'Linda','Tromp','elmore17@example.org','155-811-1590x6997','2014-10-25 21:15:48','2019-02-20 06:45:42'),(71,'Marty','Moore','rosetta88@example.com','097-082-8959x2834','2012-04-05 05:03:53','2014-11-28 20:28:30'),(72,'Thomas','Lynch','linnea56@example.net','(117)945-1254','2010-11-06 15:33:31','2019-12-13 17:59:01'),(73,'Ross','Howell','davis.teagan@example.com','481-434-9027','2014-12-03 03:28:46','2020-04-30 18:53:20'),(74,'Susie','Powlowski','chadrick.roberts@example.com','582.182.1441','2012-12-08 00:49:36','2018-01-13 07:47:07'),(75,'Caterina','Cole','kohler.alisa@example.net','(739)543-7700x9798','2017-07-07 23:15:24','2020-04-30 18:53:20'),(76,'Harvey','Ziemann','gutkowski.laurence@example.org','(988)155-7560','2018-05-18 22:39:28','2020-04-30 18:53:20'),(77,'Emory','Lakin','schroeder.mafalda@example.com','(855)751-3425','2016-09-07 02:11:27','2020-04-18 08:54:30'),(78,'Khalil','Bashirian','heathcote.jayne@example.org','106.178.9901x718','2011-04-05 15:21:26','2020-04-30 18:53:20'),(79,'Caroline','Leuschke','karl.nitzsche@example.org','(166)336-8606','2016-07-09 07:11:34','2017-03-07 00:40:35'),(80,'Shea','Wilkinson','kemmer.barney@example.net','022.737.7844','2015-04-28 00:52:16','2020-04-30 18:53:20'),(81,'Jamar','Mayer','ray.treutel@example.org','09819970655','2014-01-19 13:00:53','2020-04-30 18:53:20'),(82,'Roosevelt','Hansen','beatty.kurtis@example.org','05720611813','2015-06-26 16:23:11','2017-03-02 06:20:52'),(83,'D\'angelo','Boehm','blick.martin@example.com','653.010.9105','2011-10-16 15:08:57','2015-04-03 10:29:03'),(84,'Adolph','Cruickshank','ena.mayer@example.com','01688385103','2018-10-30 19:41:56','2020-04-30 18:53:20'),(85,'Nathanial','Armstrong','ocie95@example.com','(755)293-3684x8089','2017-03-29 02:55:11','2020-04-30 18:53:20'),(86,'Minnie','Labadie','gparisian@example.net','980.175.2518x057','2017-08-06 18:08:41','2020-04-30 18:53:20'),(87,'Maryse','Tremblay','bartholome.bartoletti@example.net','05593482711','2015-05-01 23:40:30','2020-04-30 18:53:20'),(88,'Juliet','Rath','lazaro82@example.com','603-140-9893','2010-11-18 01:24:38','2013-11-03 21:00:26'),(89,'Allan','Wiegand','jada14@example.net','946-240-8614x086','2018-06-25 02:58:24','2020-04-30 18:53:20'),(90,'Oda','Skiles','javonte.roob@example.net','+86(8)0577917269','2017-02-19 01:22:42','2020-04-30 18:53:20'),(91,'Ernesto','Conroy','legros.dianna@example.net','556.302.7340','2015-09-09 14:11:38','2016-04-06 19:35:09'),(92,'Savanah','Deckow','owitting@example.com','+95(4)3458384735','2018-10-12 20:19:28','2020-04-30 18:53:20'),(93,'Zoila','Heller','katherine.gutkowski@example.org','064.247.1752x1191','2015-05-23 05:54:14','2017-01-08 14:11:19'),(94,'Catherine','Kshlerin','volkman.willa@example.com','06206138882','2012-11-26 13:16:34','2019-07-01 12:24:15'),(95,'Ova','Yundt','ron.hessel@example.com','1-638-802-9238','2019-05-16 13:37:34','2020-04-30 18:53:20'),(96,'Fabiola','Jenkins','rbeer@example.com','552.480.3078x822','2019-06-13 17:33:52','2020-04-30 18:53:20'),(97,'Milo','Beatty','irma.sauer@example.org','476.433.1347x5656','2017-02-12 10:04:24','2020-04-30 18:53:20'),(98,'Rasheed','Jacobson','mack.hahn@example.com','681.355.3741x57190','2012-11-17 17:51:32','2018-02-07 17:55:16'),(99,'Randi','Jones','qsmitham@example.org','+57(5)9132628951','2019-05-10 11:06:17','2020-04-30 18:53:20'),(100,'Pedro','Bayer','qkessler@example.com','1-890-336-6453x034','2012-11-27 18:48:24','2020-04-30 18:53:20'),(101,'Ellie','Schaefer','onie52@example.com','781.665.3925x64664','2010-06-05 18:31:15','2017-02-23 08:21:08'),(102,'Nicholaus','Koelpin','jodie.leuschke@example.net','(849)986-5880','2016-01-14 03:35:00','2020-04-30 18:53:20'),(103,'Janessa','Mraz','celine.weber@example.net','096.272.8833','2017-01-01 10:47:00','2020-04-30 18:53:20'),(104,'Kayla','Emard','darrick.spencer@example.com','524-582-9097x98385','2015-07-29 12:33:21','2018-09-08 17:27:39'),(105,'Demarco','Gorczany','abshire.selmer@example.com','(214)664-3224x6070','2016-11-17 04:58:29','2018-09-02 20:26:44'),(106,'Christine','Kertzmann','carissa30@example.com','1-463-821-5443x565','2015-05-16 00:46:50','2020-04-30 18:53:20'),(107,'Freddie','Conn','ole.schiller@example.org','1-410-064-3472x748','2018-05-04 16:18:26','2020-04-30 18:53:20'),(108,'Christop','Herman','justyn.ritchie@example.com','1-751-738-2734x89350','2016-09-05 06:00:34','2020-04-30 18:53:20'),(109,'Bo','Pfannerstill','gbruen@example.net','09907129313','2013-11-16 05:46:26','2018-08-13 06:54:31'),(110,'Bennie','Reichert','friedrich56@example.net','436.181.2084x3547','2019-12-25 17:11:34','2020-04-30 18:53:20'),(111,'Alexandro','Kris','trudie12@example.net','164-392-0009','2010-10-18 23:26:00','2014-06-19 19:26:54'),(112,'Magnolia','Armstrong','era75@example.net','(306)489-4754','2017-07-16 08:32:34','2020-04-30 18:53:20'),(113,'Halie','Rohan','laverne19@example.org','1-594-689-7588','2017-02-05 12:20:58','2018-12-22 08:34:41'),(114,'Keely','Wolff','balistreri.aleen@example.com','000.698.2537x29764','2016-09-21 08:25:05','2017-07-06 13:47:53'),(115,'Frank','Volkman','zella68@example.org','238-107-2737x518','2018-09-03 23:27:22','2020-04-30 18:53:20'),(116,'Adrianna','Kunde','coby.okuneva@example.net','1-676-611-6436x82133','2015-06-29 10:43:47','2019-12-20 16:54:12'),(117,'Aubree','Romaguera','jacobi.maybell@example.org','+26(8)7040822197','2010-06-14 22:40:18','2019-12-31 16:54:01'),(118,'Alek','Corwin','jacobs.zachary@example.com','(488)843-7629x4272','2017-07-15 19:20:55','2020-04-30 18:53:20'),(119,'Wyman','Brakus','arvid94@example.net','324-856-2673x584','2012-04-21 04:47:25','2014-06-08 22:52:41'),(120,'Timmy','Runolfsson','franecki.andres@example.com','1-380-956-7734','2014-06-06 14:00:51','2015-01-17 08:10:29'),(121,'Chadd','Sporer','reichert.tom@example.net','04182460311','2017-09-13 08:12:01','2020-04-30 18:53:20'),(122,'Kian','Adams','coby10@example.net','09499806512','2012-04-15 04:57:52','2013-10-24 07:14:37'),(123,'German','Waelchi','eherman@example.net','479.276.2818x6091','2015-04-16 11:25:28','2020-04-30 18:53:20'),(124,'Rosario','Wyman','carlee02@example.net','679.640.7443','2011-08-29 01:43:05','2020-04-30 18:53:20'),(125,'Camryn','Walker','effertz.anibal@example.net','566-457-4358x49070','2018-11-28 02:15:40','2020-04-30 18:53:20'),(126,'Providenci','Stanton','ajerde@example.com','390.483.6883x85327','2016-07-27 01:06:08','2020-04-30 18:53:20'),(127,'Cielo','Hilll','loma.gaylord@example.net','341-393-9010','2017-01-01 17:21:11','2020-04-30 18:53:20'),(128,'Hildegard','Williamson','evelyn.miller@example.org','210-637-9288x20874','2019-01-28 00:31:56','2020-04-30 18:53:20'),(129,'Elnora','Cartwright','terrence52@example.net','548-678-3410x1584','2017-08-24 09:02:03','2020-04-30 18:53:20'),(130,'Hadley','Cremin','creola.rodriguez@example.com','964.148.5141x27945','2013-03-06 06:26:05','2020-04-30 18:53:20'),(131,'Amely','Conroy','frederik.beer@example.net','(211)396-5749','2012-06-17 12:23:58','2016-04-26 21:27:48'),(132,'Matilda','Fahey','holson@example.com','+27(5)3962282851','2018-05-07 12:25:20','2020-04-30 18:53:20'),(133,'Helene','Larkin','uolson@example.com','300.555.2711','2012-02-02 05:48:19','2020-04-30 18:53:20'),(134,'Jovani','McGlynn','cummings.thad@example.org','1-793-968-8220x060','2013-01-09 14:30:56','2019-12-28 14:15:31'),(135,'Emanuel','Lehner','gottlieb.johnny@example.net','1-518-009-6233','2017-05-08 00:28:30','2020-04-30 18:53:20'),(136,'Maximo','Moore','deanna.legros@example.com','+41(0)5170824656','2015-05-30 07:42:59','2019-07-12 15:47:53'),(137,'Shaun','Smitham','steuber.anderson@example.org','146.024.2862','2015-10-12 11:16:05','2020-04-30 18:53:20'),(138,'Juvenal','Metz','reichert.beryl@example.org','+70(2)2204498399','2011-07-20 07:30:13','2020-04-30 18:53:20'),(139,'Austin','Goldner','tabitha96@example.com','(085)112-8382x434','2013-05-10 21:38:20','2015-02-07 15:47:19'),(140,'Marianne','Robel','bdietrich@example.org','058.210.3085','2010-12-12 21:04:49','2020-03-12 19:43:43'),(141,'Emmalee','Hansen','yjakubowski@example.net','527.277.6659','2015-11-20 03:09:41','2020-04-30 18:53:20'),(142,'Alexane','Kling','sydnie.ortiz@example.net','(385)953-2190x0057','2013-08-13 13:51:04','2019-08-21 18:28:06'),(143,'Salma','Schinner','sabina.jast@example.com','166-965-2787','2011-09-02 10:00:45','2017-04-13 18:04:20'),(144,'Aaron','Hirthe','xjerde@example.org','(563)896-6782','2017-10-30 15:51:49','2020-04-30 18:53:20'),(145,'Ignacio','Auer','raegan.cronin@example.net','1-299-169-1036','2016-05-29 11:12:58','2020-04-30 18:53:20'),(146,'Eric','Hettinger','myron96@example.com','1-729-039-5687x9918','2018-04-14 11:03:23','2020-04-30 18:53:20'),(147,'Robin','Fay','istamm@example.com','692.247.2484x939','2015-09-25 00:41:00','2020-04-30 18:53:20'),(148,'Travis','Heaney','ydenesik@example.net','616.086.3569','2015-12-11 11:58:40','2016-02-28 20:29:57'),(149,'Tabitha','Wolff','stephania.ankunding@example.com','423.799.5001x49781','2014-10-08 00:10:33','2020-04-30 18:53:20'),(150,'Enoch','Shanahan','katlyn.west@example.net','705.709.5383x89753','2013-01-29 13:07:09','2013-09-03 06:26:40'),(151,'Vinnie','Kulas','schmitt.camryn@example.net','1-899-321-8013x2790','2011-06-13 10:58:17','2013-08-10 02:26:03'),(152,'Viva','Fisher','hpfannerstill@example.net','1-891-364-4935','2011-09-06 18:27:00','2014-05-23 14:49:32'),(153,'Ubaldo','Kshlerin','skiles.bernita@example.net','655-877-9554','2013-10-06 10:17:57','2016-04-27 07:19:26'),(154,'Tracey','Williamson','constantin.douglas@example.org','357-419-1219x374','2012-03-03 02:39:45','2014-03-14 15:39:34'),(155,'Michaela','Buckridge','yost.amina@example.com','183-797-1012x418','2012-05-29 22:51:31','2016-04-01 09:24:54'),(156,'Jason','Stiedemann','serena.pouros@example.net','435-415-4012','2010-12-16 14:43:54','2016-08-19 09:57:39'),(157,'Austen','Hagenes','jeffry62@example.com','106-081-7492x299','2016-11-27 16:46:52','2020-04-30 18:53:20'),(158,'Zack','Volkman','kuhic.anais@example.net','+60(8)8396222593','2011-02-21 07:40:32','2018-04-06 08:39:49'),(159,'Lorenzo','Kozey','stracke.aiden@example.org','707-768-4190','2014-06-15 07:37:23','2016-12-15 20:01:18'),(160,'Anita','Ziemann','ernser.emanuel@example.org','1-533-396-5621x217','2010-09-13 09:17:34','2019-06-22 16:01:54'),(161,'Telly','Kuphal','durward30@example.com','824.406.6374x9923','2020-01-04 01:47:34','2020-04-30 18:53:20'),(162,'Nikolas','Block','hirthe.emmitt@example.com','084.465.4463','2012-01-05 09:13:06','2018-09-07 12:30:16'),(163,'Rosanna','Kuhn','zcole@example.org','+54(0)6784115105','2014-10-28 18:50:53','2020-04-30 18:53:20'),(164,'Diego','Keeling','zaria92@example.com','(518)104-6415x353','2018-10-12 11:22:12','2020-04-30 18:53:20'),(165,'Piper','Runolfsson','santina23@example.net','763.219.6361','2013-07-09 19:33:51','2014-02-10 06:06:53'),(166,'Loyce','Haley','lhirthe@example.net','664.929.9237x82711','2017-09-15 10:03:45','2020-04-30 18:53:20'),(167,'Gaston','Bernier','rosario.gaylord@example.com','531.147.8736x615','2010-11-03 10:53:46','2014-11-05 19:00:02'),(168,'Hadley','Cormier','santina42@example.net','486-820-3316','2015-08-19 00:24:09','2020-04-30 18:53:20'),(169,'Gerardo','Keebler','icarroll@example.org','08845422227','2020-03-24 10:57:50','2020-04-30 18:53:20'),(170,'Jodie','Ondricka','welch.luisa@example.net','(419)116-1614x0186','2016-03-08 14:28:38','2020-04-30 18:53:20'),(171,'Haleigh','Lynch','colin97@example.net','400.931.4744x79457','2019-02-18 18:04:22','2020-04-30 18:53:20'),(172,'Benedict','Baumbach','tevin.d\'amore@example.org','1-905-488-8301x76236','2013-01-13 21:12:34','2017-11-29 08:00:23'),(173,'Jack','Rohan','bstamm@example.net','(133)674-3303x4939','2013-06-02 03:48:26','2018-04-28 16:16:45'),(174,'Hillary','Wiza','dalton47@example.org','1-105-830-8161','2012-10-20 07:17:48','2018-10-12 21:24:03'),(175,'Amir','Berge','marcos84@example.org','+34(5)6151044380','2015-08-16 16:17:19','2020-04-30 18:53:20'),(176,'Jamie','Jakubowski','mohamed.auer@example.com','(729)204-7928x996','2016-12-28 08:32:04','2020-04-30 18:53:20'),(177,'Annette','Bernier','kutch.elmore@example.com','325-466-1302x4470','2011-04-05 00:57:40','2015-06-25 18:54:09'),(178,'Amir','Nikolaus','kendra.bogan@example.org','634.012.2994x249','2014-07-28 17:45:19','2018-05-29 17:14:21'),(179,'Diego','O\'Reilly','floy95@example.org','643.837.6606','2015-04-23 03:48:12','2020-04-30 18:53:20'),(180,'Maritza','Smith','demetrius57@example.com','1-617-942-9324x27908','2019-04-22 22:12:54','2020-04-30 18:53:20'),(181,'Andrew','Rempel','ukiehn@example.com','(068)158-1818x672','2018-09-16 11:11:03','2019-10-20 04:31:19'),(182,'Oma','Kunze','jebert@example.net','05843253628','2017-11-05 19:28:25','2020-04-30 18:53:20'),(183,'Lafayette','Kulas','istreich@example.org','(059)962-6175x5808','2011-01-05 00:56:04','2016-08-11 07:04:03'),(184,'Nathan','Greenholt','fherzog@example.com','560.150.3189','2016-09-22 00:04:56','2020-04-30 18:53:20'),(185,'Cleora','Franecki','jakubowski.linwood@example.org','(265)785-0235','2013-10-18 19:56:44','2018-07-15 06:43:19'),(186,'Cierra','Jones','xrenner@example.org','05568728520','2019-10-25 06:03:51','2020-03-31 07:54:26'),(187,'Justyn','Glover','jamir.witting@example.com','04931279282','2016-10-07 14:56:10','2017-03-26 08:43:12'),(188,'Moshe','Hahn','cartwright.roderick@example.org','+46(9)6148941939','2019-02-11 07:22:07','2020-04-30 18:53:20'),(189,'Sean','Reichert','jerad.rippin@example.net','02638418371','2011-05-05 18:28:40','2018-12-22 14:11:58'),(190,'Jovany','Lesch','feichmann@example.net','(249)027-4126','2017-12-18 21:58:28','2020-04-30 18:53:20'),(191,'Simone','Cruickshank','pstanton@example.com','1-516-413-9296','2019-05-05 18:07:21','2020-02-20 19:51:52'),(192,'Angelina','Hand','destini.kulas@example.com','05524526360','2019-09-01 19:30:24','2020-04-30 18:53:20'),(193,'Napoleon','Considine','nicolas.tom@example.net','780-367-0262','2013-01-22 05:05:19','2017-12-16 03:40:29'),(194,'Aric','Harber','athena.torp@example.com','05048234796','2013-04-06 20:05:03','2020-04-30 18:53:20'),(195,'Margie','Dare','lesch.helen@example.com','945.621.0165x7927','2012-11-02 15:25:58','2020-04-30 18:53:20'),(196,'Abe','Johns','weldon48@example.org','1-819-798-9527x824','2011-09-11 14:49:54','2013-02-25 02:35:54'),(197,'Jeanette','Bayer','halie.bahringer@example.com','1-476-884-3019x8236','2018-04-23 17:26:36','2020-04-30 18:53:20'),(198,'Rossie','Paucek','jay74@example.org','049-905-7219','2018-03-02 13:48:51','2020-04-30 18:53:20'),(199,'Ryann','O\'Conner','bette59@example.com','(079)357-0232','2012-02-19 12:16:37','2020-04-30 18:53:20'),(200,'Bertha','Green','iwolf@example.org','227.480.9437x55896','2013-04-19 14:53:33','2020-04-30 18:53:20');
/*!40000 ALTER TABLE `users` ENABLE KEYS */;
UNLOCK TABLES;
/*!40103 SET TIME_ZONE=@OLD_TIME_ZONE */;

/*!40101 SET SQL_MODE=@OLD_SQL_MODE */;
/*!40014 SET FOREIGN_KEY_CHECKS=@OLD_FOREIGN_KEY_CHECKS */;
/*!40014 SET UNIQUE_CHECKS=@OLD_UNIQUE_CHECKS */;
/*!40101 SET CHARACTER_SET_CLIENT=@OLD_CHARACTER_SET_CLIENT */;
/*!40101 SET CHARACTER_SET_RESULTS=@OLD_CHARACTER_SET_RESULTS */;
/*!40101 SET COLLATION_CONNECTION=@OLD_COLLATION_CONNECTION */;
/*!40111 SET SQL_NOTES=@OLD_SQL_NOTES */;

-- Dump completed on 2020-05-08  8:45:19